{"version":46,"hash":{"type":"Buffer","data":"e38JjV9Wug8uYpmpS8zSz/InpOGCmKztCrfiW1HyadAwK0T0v2dpAZRzVtH/Hgg485fbP1X22a/5tcIYOOHEWPPNRbUCAM9jKg8yu+Re7lIPeJdArJnjtJtg/EX2I0PuWWt/l66tXzqwJfrYWlntTYEqH6M1EzDdHsODHWCCgew="},"indexValueMap":{"A5OvZooZEoBlwQD92Vdh3JDc0YWfb0BJW+HKOnc/a/g=":{"valueMac":{"type":"Buffer","data":"7TbHxj+LU290s7A0cau7cdB53l7e/+kfZhD8cMSU8WU="}},"CpvNDRQubr9pu40+0WFHS9l14U/LlTSLixk5VSeFR3M=":{"valueMac":{"type":"Buffer","data":"YlnfbNVse2dTnMvS+BtnegVMMAHQxF55bCTZe070E8g="}},"CwT+smyq+Nw+c1lswOBv/3UQ9zIiwTXk0gEaWiRMnfI=":{"valueMac":{"type":"Buffer","data":"bSkii0BxrWMzbEPihKOBrfwVKXyPtgQixXRK02Tl3HA="}},"C7XwkgxdGCTbK/TUd0DqCSuPGkoGJNw77JKnM5AeGFU=":{"valueMac":{"type":"Buffer","data":"ZniP1BO7bjpWDcB1bWP+vg0kwI8CACrK6WalnaDozVQ="}},"C/WbqTFaKiSms/fs2lJs3gu5ihKZYpzblX6/t4V+1jM=":{"valueMac":{"type":"Buffer","data":"jk89jWklAqvnTqu7JE+qlohZR8yzs+EtFTsSlE8Dn90="}},"DCc6HLuUCxNWgFxbC3TNOB+J1AVSdBFpawzgUN7x1ME=":{"valueMac":{"type":"Buffer","data":"ofXfQwwR8zUSX+oK+RjthzSMvsXHlN+4rjq4p+kybjc="}},"DKjBFzrkyuH3ZRZHC91URlSEf1JFybkw5AnetAbFZhg=":{"valueMac":{"type":"Buffer","data":"0NaBEmGd2LhaCqAjO0bFFiyPNGx6DXhQTGN2L0lPN10="}},"DYkny+l59/KolR0T30R9cxNo71AlDybZoqXddVGwVgo=":{"valueMac":{"type":"Buffer","data":"obh8k+uAWALQgWfzHWOSfVH/wG5id7EZTyanrI4xLGs="}},"E+VbKebvOflcfoXfBZ4Wd8aXbHOd49hj8n8iUbc92TE=":{"valueMac":{"type":"Buffer","data":"ubZaUMeYdw97CqaDr/CQSfK17nMb/wp5GRcQOKFURQ0="}},"FPNNK4DDy0RnW7lIZkwq2VHvJM94kFbG1WCPvuJ5FvQ=":{"valueMac":{"type":"Buffer","data":"RKCLjADmUWEG+vcEZZq0S2wKRS/qwAL67q9uhpaEfjc="}},"FT3NMhHbl/EBKNrdWTAlGGXwZdyTIr7EfOwznPb6+ok=":{"valueMac":{"type":"Buffer","data":"qypof1UKPfc5Me2fUwCFuXN8hjGn6PtIpr7nZMzL0Fg="}},"GVXsA5UqxY6r4n8sTm4lWEQcTUj45M2VmLkDerSXjlo=":{"valueMac":{"type":"Buffer","data":"anNt1xM6Yhh62+O5Z337/Co2AYvhrz5YNowSuSrf1b0="}},"G8ArECS1DWLvjQKhX+9J3hdwjL8mx/zVhzVh7Oc9GyM=":{"valueMac":{"type":"Buffer","data":"XUR9E9028S3LwBYlcCxOJzfvmYlDlFsA5j8BWjxHYwQ="}},"HMKVgLwpovRcRGDTp+rG3cTEVbzhfTe2gUX6IoJTRAg=":{"valueMac":{"type":"Buffer","data":"d2BqGsqzYBdQKMP5PF0kX3T4l9i97tX0G2w4dwd5PLU="}},"Hey9tYUSvPu2s6zvubny6cqbTs6I1FjZVN60vPGVcQc=":{"valueMac":{"type":"Buffer","data":"h3mN/yuAy+IEKxaNmshttBihdzw1svXXrKVKt3DlAoY="}},"HlewKt0pj9h1X0L3rI9cjr/l7M0ZTG7508SWEUMAQLE=":{"valueMac":{"type":"Buffer","data":"YjNeWiKn/Mgu7q+fSU52wjqxSkdqaeIMG1F0E0rSQag="}},"Hr1y9LNQ1mfdN/S9xCiAjQF9WIk07SfOsZqp7tofjIM=":{"valueMac":{"type":"Buffer","data":"SO6M+JI3urvubBnCVvMkvkDmIiohWMzcYVcjmYi05wg="}},"H3ChcWlNSXRFGk1d/xDDTqCPF3JHwe/3Oyfz5UzqqJY=":{"valueMac":{"type":"Buffer","data":"D6dUcKCCcH+YLbBaXJ+2I1uQ4ugwYkWbM82F13GDVX8="}},"IEORT/2LiZ+O/Zyjp1SEttZlDRHiDNMAVeM4SUxNvsg=":{"valueMac":{"type":"Buffer","data":"vKhXBbk99cXo5/hC6xXdE2UK6LL2bCMq0bvRoyroVmA="}},"IRfz0lYPE9EWTvJJocSIjecnskwn5GZdHpNLYrKglBs=":{"valueMac":{"type":"Buffer","data":"GDkB0lDZN4dtEIIKKZS03MblDh7FiAjDkFlYxZwhIB4="}},"Ise0GrMAl0/ig03oZXwL0aTpdGBfa81rfF8OY8Ox4n4=":{"valueMac":{"type":"Buffer","data":"PNZQT4+mnl1horaeFNL9RAmW0WJHLZ6hYR85zE56SeU="}},"JZacDD9rsRrcnCJdpfWx9AuogSiZR3b1XGzLdorilt8=":{"valueMac":{"type":"Buffer","data":"kB0bWrjhzIugAIkzZ+PuCCR5UqhNRWPqVMSQGWQBj3s="}},"JomFQQtc8h7BXCc/ABGV2ghaAt5zhEHqEI8WLferHdY=":{"valueMac":{"type":"Buffer","data":"Y87dbM7G18+apjqRbHqnYFQB0+KkdvZNdPa2wwizcH4="}},"KYZD/FEvE9NAZiRGqo2aFh6/wP634f3GlHSbAShf9pk=":{"valueMac":{"type":"Buffer","data":"6belVh6dFfPr2432rw1ibmehD7y7/m9/sGXDxutaV6c="}},"LOnkbya1E/3Y1yjR3oId+TWVBEu+aveKtU6505wpKxA=":{"valueMac":{"type":"Buffer","data":"gKAgMfXdVbXfQF+D+hqfgHPOBTUMpqxZbNN997mBBXM="}},"LdBM5yFc2bxgVSf17WGcg26evRt2oWqK3jpsBwA0xvQ=":{"valueMac":{"type":"Buffer","data":"3y0rJU2EUEm7Y2gl+KfSCNhi33+rIaIxCHs+M+GeTMY="}},"LeH7IFC8+wxrrhJUjpxzDkj20i4XxTmps8Vjj+KF1oE=":{"valueMac":{"type":"Buffer","data":"UdCaMJrNUE9z/n7u7nquBYZz7fTekQF5qGEypBz6SeA="}},"L625ShBA4XMnQWT3+zgHLaW7pgIm5jq4+2+Lrgmkr5w=":{"valueMac":{"type":"Buffer","data":"k8Eu5xvrJO8jLcjrBiUW6HFSi+fKF4G6UiD89c1y9lQ="}},"NSBSyrXLSzQXNbDbmHACMX5NoCMJSPAFSNuCByAIotc=":{"valueMac":{"type":"Buffer","data":"FmcGwPl3AfAIMsyJfq+CYydd/+UvGbcu4lG/owF3H/I="}},"NT2h+rAMcx2OyxGOYRfgpmrP9WJVpZdsgPf3/oIhmvs=":{"valueMac":{"type":"Buffer","data":"Gm+yzk10DSjcXYSVobq2CdlFVad6q4cvy02biQx2M2c="}},"NYg2oasRSOya2VMy+pPjqnNQ0pFfJPSyqg1mTEL0Pzc=":{"valueMac":{"type":"Buffer","data":"iRmJ7RL9DfdzKVxxDVt9PBfzOXSTtQ1lp4LXaKlx7NE="}},"N2JUQ4mkQ86pkwBHkY3+iz0ALvGYzxznb+nKMRSkqiw=":{"valueMac":{"type":"Buffer","data":"z/DE/DdQpOxtLVmpOIJitgfHbQG0jUGnbhdjyM1Fe8E="}},"OHTTtotOQ9ZPLP6PdjtVH64wZMHnGVZAGuVb1BzgVXw=":{"valueMac":{"type":"Buffer","data":"EC8gHpwC5R0wZe57kODfhMeBowwQKgq1Dy8Qg4tC6rs="}},"OadRWCqnyh5WrIY6gPiMHrTos/BhXdWE21gUCyqt5wA=":{"valueMac":{"type":"Buffer","data":"ejikoe1Ye8FkULkI0YkTv4cqhNqMCK/jNlroFlY+wPs="}},"OeJ1RG3LeyDKoOlei0cRHgQ/negxPmnZDSI0V7MFvl4=":{"valueMac":{"type":"Buffer","data":"F0EVlbRreIr0C3ks68D2e+/UnuOfbJfp7WLt0/C8C9I="}},"PCK0mtnlmBeKGkIP5KgEOmruDnogZ18DmkWbTZzKSbA=":{"valueMac":{"type":"Buffer","data":"4eG+LmFwkIEJmesk0zcYqZl+p60ezQVP5UvOKIQx1wI="}},"PEZhrvh0Nz49Pqh5holcMb1PINU9n8n3rUuHiTcigOw=":{"valueMac":{"type":"Buffer","data":"p7NMtCcJ/wUIOEuWvdPmLJvL1qi/JVLaPgrXaEdWQ4o="}},"PQyI5bfUlJzql4zckhvgY0lDFYVloMA//wEOu2LHbf4=":{"valueMac":{"type":"Buffer","data":"4Ys1iBOeT4aRAWwxtGrGLJFCf9eyB7BT2xKS6aAhTUs="}},"Ps6T6pKah8g4pstqOVr/OVsJ+zBOWdYBaBY9io8h/A8=":{"valueMac":{"type":"Buffer","data":"HhSnfDyCW3CSHPT343N57amVv6yIkvLT3h3qeJt8tTA="}},"QnNY5A5XJwREECE9s45ujYOlZ4fxXF/gBH2mwXrC4G4=":{"valueMac":{"type":"Buffer","data":"5hvyvDifL7Oay6q3a0tEZQrCBEMdkiuY1z5l3SS3U/M="}},"RBS0YzdEi4VEIaZpFRJT/uSBBRMbF51jlL12RuxI9YY=":{"valueMac":{"type":"Buffer","data":"9uPr5FmQRc3wRZS7pPrDH+rqDeczCJwR50TlcdNAQC0="}},"Ru21t8u43gl8oCyKBjmkA+vmfJfVFXwSI0ZFwMm0SRM=":{"valueMac":{"type":"Buffer","data":"RnIALDCPjQpYvnOWGg0NCwp2XKSpSYZ8PyazsP6eoRU="}},"TL7TczPj6MeXFyqYlW5JBThoH5DddOom3Odu86+khqk=":{"valueMac":{"type":"Buffer","data":"cjhdqPncmoKjQenMslfMPRjSjR/9p1SUfhSdf13ZEYI="}},"ThgJmbXmHudsx/GDN1QYIDCESZohAyup0dIs2waAPd0=":{"valueMac":{"type":"Buffer","data":"SUGxL0owLE9G/04kpKChCcyR7f2NTE1MmrvLhA6Ot2I="}},"TmWmE3Nss9RHZWiDxCf4dbHGqBWhvFX+fPW22ECoWIo=":{"valueMac":{"type":"Buffer","data":"B++W/mOUDWTdASzJigvWEKToPqN1g7l0Bl3xGkGLt5Q="}},"TpoQ/up4s92Y7tMGh5iqw9UL7q2dfqx1H8rLs/Mgl5Y=":{"valueMac":{"type":"Buffer","data":"PntUnrBq8T4X7GpC7g7p453NagUnEv/STK0y2DGL6yc="}},"USKCUxI2s6FeTL4zW6wrRv1w7GSFqVKca/AbKzBZjgM=":{"valueMac":{"type":"Buffer","data":"aF5atdyAvdFPoqpoo1KVVjTXFD06KXldXup0aHj1rm0="}},"VX1CkZJEb9UxLkt/QXEivjOqBM3QUaDgUS+dMTnHX+c=":{"valueMac":{"type":"Buffer","data":"wITNHUYcHtT72urK/LKn65XaeTgKpiDwzv2cVUSYzd8="}},"WKi0HppTicRSoTn5DCjIbjASjb/e+VIs6rzwdrpwI30=":{"valueMac":{"type":"Buffer","data":"8I5ryFV/RCkOhriB3nL3+NXdk9ctE5oEYVvlOoUnUxw="}},"WU/aqiVSf69IF5g+mAVBin3iCLj+jkH0x/Xu6b+SMSA=":{"valueMac":{"type":"Buffer","data":"lc7SghlBM7pWix9hylfTeHsadJE6KpzncAXgnQRRCIY="}},"WZAUysxIuh4MuEUTSWyZV7ZtSuxr3LimnP7j75cqq6A=":{"valueMac":{"type":"Buffer","data":"XebliRJ5qgUewEM8a6lpFgTF6ZEIjvKEAHNmYnq2Tys="}},"W2QCp7dAl2WZPdwA0puZ5qiQx54m2nuRnkG+/pXXTe0=":{"valueMac":{"type":"Buffer","data":"mRNOSqeyhopoUN5Rz7LJcq92oQXmxPZ8BxkCT0gCsVo="}},"XFJ2TcLkaU7EeHzt6yyyEXGRBI2OSJvpIqKIQ52pkHs=":{"valueMac":{"type":"Buffer","data":"UMoCyxtKo2hYyLUoukgh+CkzbldkhTAjB9MvBKHT2KU="}},"XKQfOU/WybLSPGFSdGaT6yUmMucFcyBu0eft1DWosG8=":{"valueMac":{"type":"Buffer","data":"IVEjD6WThyUsXO6dpBpvIBzux6ZeRPLDObfeRGRgVtA="}},"XN/EM2Ls3R2jgipGYyh8EqbU27JSOXbvS5e6m50I2j4=":{"valueMac":{"type":"Buffer","data":"gHRgY25v6FY941dSpHvLBxLz17x9+YQBc9Pbg92NX40="}},"XTgItFvUvBJPKpOb8HHD8n+0HHABAqV+MmNQP7xNYWQ=":{"valueMac":{"type":"Buffer","data":"yTK3+GStivBivTmVGtBtfOunnWvtV+ZFTOAFxFHsz0I="}},"XazlAthyTIHXaqQ8Jory7JZyKt2CF0zY/BBy8t3J3w8=":{"valueMac":{"type":"Buffer","data":"tAnmUkT1FYqbM4jM+1DuQwEcMUJDhmEMhKr7cOC8dps="}},"X0M+eS3csOzwKs63PnOTkaLh4SAHSq6p8mQvgp4/BVU=":{"valueMac":{"type":"Buffer","data":"nKy1uI1sESJFqEaiufdPnlBwaIfaa98rg5wm6o9Nirw="}},"X0WGIIsgQmPt+qgS98lgqxdZYKBGquuXqOYuUUojGRU=":{"valueMac":{"type":"Buffer","data":"tGYYNWAVe5uBGRC+dFQNMmI1wZ7Qy5UU6lYwbX4m6UE="}},"YW37XHTKyf07PwsF4fo3OOuYKpVUytNQ5Iij8gPH2V4=":{"valueMac":{"type":"Buffer","data":"CBK7zmkiboupfqWuZFXCYNznLwAH5gRDWd64MIvDiYM="}},"YsDZhwwrIuenMt2xsvsfD9OA/dqsXHugWMFPsujZX6I=":{"valueMac":{"type":"Buffer","data":"rYcQH6i0UaOTrLBBnkMwxrwL6+z4nMICEtXV5PsiMB4="}},"Y41Vv2UvaYPFigYiHfKPMIaID+1tZpH3UDbG814rVSg=":{"valueMac":{"type":"Buffer","data":"/RZeLrNJB6dDSHbjay6VlOBbpy3ZaOJe6x++BWcurEs="}},"ZEddO9MbOiDsPLJa2et1Zplo00O3Pn5+N1WXqrlsziU=":{"valueMac":{"type":"Buffer","data":"CZgVRhvqQsxVxc5UHlCD+d90n43uxT5tMja9ruix//0="}},"ZTnvZGDro2nc5rvDv/2fHk/BFj9ME1s7VahxBnwpboE=":{"valueMac":{"type":"Buffer","data":"HcQrPLL+7MV2WYEUZp/Zhg6JuAABaZwEHHrdo0UbirU="}},"ZdjhmY7KxM3TXVhY0g6Gv4rjQuMLu++L7gEgQBArFXA=":{"valueMac":{"type":"Buffer","data":"M4ZAQLNVwVjQTkYe6M24nXzMV/UIsxTWflDo1cxqaPA="}},"Z6zrjPgn5xBT4Sqg7lOSHfViXDQ0b0BzkwxQRnj5KJI=":{"valueMac":{"type":"Buffer","data":"yklN7o3O9UjUuSGAHjkbZnbPRRfatWFqARukpLQc+e8="}},"amSZINt0NlN1Xh+sDaA5N8S4oK9EWGQIAYtIQ9tfAM8=":{"valueMac":{"type":"Buffer","data":"u0WrUD7maq3W6/xNrbUuX9+CcmskMD0KqN4lA2E1nAw="}},"apS6NBeiDyZ99zi8cVtAjRIJxyCLHH/zxYwZoXXoacI=":{"valueMac":{"type":"Buffer","data":"k/22SRscBP6gxeTj6O2tkaJRYRD94Pe98wghoWsnAd4="}},"a7gTv6Y4P5DQjPBmwLSId56f1zJzK8pFnoA6h4JthB8=":{"valueMac":{"type":"Buffer","data":"i3lFX0xaOT9gEPTJJfwn3ig4rRtnWNSQr1J0R0aeDkk="}},"a8MA6LjZxSJ0TIHnlaq5eHf4CjZYUFIndCdEoGEyqk4=":{"valueMac":{"type":"Buffer","data":"w+xtMdb99OotB3S82R+mrTGoYfoYgEfo/wZDgpqegNE="}},"bKzIbWRaWPJ5AMtU0t6bHFr9acvpAM+n0n5VqwiAnRI=":{"valueMac":{"type":"Buffer","data":"H6nZDD3o4iP9C7b0IkCgabCXoNvQ7lhlfFyNG0b0rFw="}},"bYTkV8lg3BoMJwFH0TDGJuXQ8wE2uyISjU2S2lOqEkA=":{"valueMac":{"type":"Buffer","data":"2vGhVw9WYz12kRuZuO8kNuuCDsjyqPP6dE6xvmtbs18="}},"cauZXRFTs+6JTtYfM8Img12gBuo1mb14YVG4to0y18s=":{"valueMac":{"type":"Buffer","data":"uSKWLBz0PZqeUe2nzTHAyDZ/WosKNDx0zEGHaU0ctOo="}},"ccleNS1TvURAy9fmmALRiBgmvYNQXZFbikmmjHY1xOs=":{"valueMac":{"type":"Buffer","data":"NNqLoqm0yQEkeM+o6TFKUtLLaT6vAzUKEiAZ2jdg97k="}},"deU7vgBE9JI5SN+7d/1H3HDtGEja2W7bshRb2Yxlgys=":{"valueMac":{"type":"Buffer","data":"r6z7g+uiu4c3G+udo24TSUUjeuQW96tqP6IRuehYwFU="}},"dgxGVG49r90r4BPdVUSq2OYe0FpK07YTjcXNvGNi3D8=":{"valueMac":{"type":"Buffer","data":"fN3vjKyjn+Z9kQP1LJ5uvx7t1/tDfcXvBORusigTLXM="}},"d6WPkSNTBKrDlu8mGx8BfDmQmakJsWo7E6X0zIGgEk0=":{"valueMac":{"type":"Buffer","data":"CSW7ickI0SHdyD0zxJuBiHb/CXlA2OLwXTYhaa/E00g="}},"eC9xRbhaPDfXM/Kf0Q2CqmdUbUGtJEUJEilrD2OWsio=":{"valueMac":{"type":"Buffer","data":"2dGoervRFZa5xJYNl+WrTuvGnXhmU43vR22c/icnwpU="}},"eDp7qVlHtmz3VeJrNGJ9VPBehty+S5FSqnDuiRL3X7M=":{"valueMac":{"type":"Buffer","data":"tQNvbStgRZQICeSplRmuUtocgnm7FNIihaFm39D08Ek="}},"fXDqGGXMlaDsTVsD7PyIUwj4t7u2aRGF8r17YyZ9x88=":{"valueMac":{"type":"Buffer","data":"3Fd4QuHp70rcJeMuJmABu81M+LmHSgLsZHASW5sC2a8="}},"f20oumrtTn7bK/TBzIWszz78a0ApF8BagmkAUF6VGZQ=":{"valueMac":{"type":"Buffer","data":"BBhyWqYJWTAfpDHyX+xt6ytXQzVBtmXHTmV9uWcS5NY="}},"gLlBgKtp3RY6kXTdrAsVvYgA/+giJdeiMCVvUTgxl8s=":{"valueMac":{"type":"Buffer","data":"qVtxt69Du2hpK6AOFZuACVT0S7zBjZhYIGym6v6I588="}},"g2YorsHN/uqA8qk9cRB85zt6x57UoKzIH6i4SjImpEM=":{"valueMac":{"type":"Buffer","data":"B0ZY0x0CAPY+j3KQbWjvrc+c6k3dOl1l3I5hpn2XBuk="}},"g9JllsbG2coQ6WtMN08xesSxMu+/5VyVvpCh4hewoRU=":{"valueMac":{"type":"Buffer","data":"BTbwwCU6z4Pi4mrGhDFTUv2wr+RKzt7j69LOonyPSKQ="}},"iNsbt84zLAZMyfXl3EJ34+acDeBKX+xnTfpFPZeGqFc=":{"valueMac":{"type":"Buffer","data":"E/wY947lEnktNJBKZCsWqLkeaTiHEYUIVn4FSVxzg7E="}},"iTG3RCRESETfuC0O813BdCWh6PoJWQo55+Dsi5fBXr4=":{"valueMac":{"type":"Buffer","data":"qCWwgL+2gIT/NlKs8acSRPIqD37nWbKr5+5wjWoUZTE="}},"ify0y3V838guZDBBkqxQyG+ZOj50JhYXWyOlW3cXcL4=":{"valueMac":{"type":"Buffer","data":"8dMFpuXEIAr6L1FZtZDjm0gczjHQqQa50YVjjb9QYNE="}},"iinljw/pqrXA0thF9VrF1ziAseENnvhQp5VDl7hI0kU=":{"valueMac":{"type":"Buffer","data":"pWpduL049oaFB386bDmAlHlAnHbEnejumIxvFPQllRg="}},"inEA6d2Qb5KOl0jcwJxjsLDJxSmmutDNZqrTYPtDKng=":{"valueMac":{"type":"Buffer","data":"+N8cOP8+odubX0gFHtLqauIz0EOnclcXPfhtwqJivsQ="}},"jncT+kQZBo8F1Vgdt/jmRLkYXDCcsJHSxDYzTy0NZOo=":{"valueMac":{"type":"Buffer","data":"uOP8Ua2I9Zh1js++MQ1L65SaxyJmrQ0Vpjy53t39fU0="}},"jo0xJFmwZry9Z3jrXKrMsG9q3qtkf0ShVZCsLMLS2os=":{"valueMac":{"type":"Buffer","data":"ZxxUaBdMFBr6QoZrB79Gq36rtqzV2o2LmNGZQOFkweA="}},"kJMKMN7/fqzkZcuAJWZkxVhDBJ5oC5Qp1uHDk/YRyDo=":{"valueMac":{"type":"Buffer","data":"LJ6XzDxPJcA0C9M/UHitpESg0ed2mYnphzmZ9BJJprs="}},"lsTrLFP+nxYxy5h5VlRmld4ROBsbGHsP3+VBFY+0M78=":{"valueMac":{"type":"Buffer","data":"aTCJBFbR8qXpeRX6Tf4N++/5HtnSzuCN3zE6d5DAxKE="}},"mJ5x/a5zlOewWAAdQIcPERVHbmUC5jOxXiOtN4rKH10=":{"valueMac":{"type":"Buffer","data":"iGP01aWrlxr2zG7596yUEI2pUtQwEV+sK8/mf2HLyMA="}},"meiCptPJkGzk3aCsHfhURn5sUMIwtG1HCSCGBz/RjaY=":{"valueMac":{"type":"Buffer","data":"3RKw6dPhqdKdLTcUUXT787VK+5b2qA/BMf7Zj7ajXyg="}},"ml6woIUj1Tqql8v4yNalzCVZ2dvgMJ/FG5wOPs3/Jjk=":{"valueMac":{"type":"Buffer","data":"NvnUEEsePJj1/ct3EKkhfCks0sp7v10yHhJnmddFVio="}},"mrxH5tcTbO9kN4OHGQmok/9fUBTS9xm1xjtEE8PwuKo=":{"valueMac":{"type":"Buffer","data":"Um6GN+EIIculkY8wVk0jFAG/yyqpvf2bTkPqrWg1ywk="}},"msL1rH8ZJxJ9CQ7WkkRRw3B9dBjmnYJvuxXl/VBH/Po=":{"valueMac":{"type":"Buffer","data":"5f7kIiyxUBuwT2SBVOcDjUSBRiDAs8ExMKziHwRs8gY="}},"nbW4C5icZsLjoy0y8eRHol8dndeT3H11kofZ6VnwHs4=":{"valueMac":{"type":"Buffer","data":"vGlwrxCzxUZh8vZkvggaoZ/Ldo++2l4ekc6TbWLiGaA="}},"nvnkIbfz7cuaDemk1K3ZejbapMjvr8vdoIhPlzpMy48=":{"valueMac":{"type":"Buffer","data":"LXkHISt2pfmFHjQ/bgGNssPz3O9UnqTlpkw1ppWahk4="}},"oEWFfLsCWdmxU3Zp59dIS8nS+ob+Z7BiSUxAJlEIRSo=":{"valueMac":{"type":"Buffer","data":"40kSwSC5+SK/bg4lgby/L2f9Es72gMgTEbuG11fTRdA="}},"oSEEHIlmhNS3XVCe/NY/fief1ADBypStYQ78+XBRbiA=":{"valueMac":{"type":"Buffer","data":"6JYsXo/DzKJONw/q3jbHaggzAKTylyP9Le0FJ4Nw0yY="}},"omNzQCpeLYv2280Gs1Z1pqx7aWanpe10CNDoKRhroMY=":{"valueMac":{"type":"Buffer","data":"OyDHBggL+PDjzBl1SfHuBWzsuzubxt05RirGr3z3tZo="}},"ow5yGyk7jRP++A1PFfCVRjnNe3D04gejt6A8BXpxng0=":{"valueMac":{"type":"Buffer","data":"D+zqpAVVH6yMyCd05pVQs8SvzwS1+wkCA/6TSRFMlVk="}},"o0LA6ER5iNbRLdcR8llFgSD3fNeuFoAMhK4JJwUlDgk=":{"valueMac":{"type":"Buffer","data":"n17VYxG91P10/LPrQqXNzNNpuheVJb+FqiAq7NUGpaU="}},"paeeULJbE9OdicBx0KVvuVjKNI49bQsXqcCMX1bgLGM=":{"valueMac":{"type":"Buffer","data":"bAK4w0/PdJ9wdbudNjhnge1/Ik85O4c4dIIREkxMzsQ="}},"pjGgCqE2a/tWoAlawmoYNm7K6YpFXTKkELCDJS2wnq0=":{"valueMac":{"type":"Buffer","data":"C2KbKKbIdERNJLn9IpWl8Bsd/EKp7dg91KvjwMx6SMY="}},"qzF97MSo6n+0QTiNEj/phlFndGS7QlWllgpYOFPZviw=":{"valueMac":{"type":"Buffer","data":"rUUZzKnyHSUwrFIqm73sUnkfhF2J+R/XeaKlHSHamyU="}},"q5EOi6CZhHEpAVHtoCy7dZLFj94GF+iQo0voYZCYqGs=":{"valueMac":{"type":"Buffer","data":"fzazS4d8yGMKRbWUAP7lSRIs3nSFD7rUTtu5UkMTf14="}},"q6BkbpV0i+8TKxDFHOMmRlBp6T3p8ScndFmrniztCBc=":{"valueMac":{"type":"Buffer","data":"9ZxHLkBhAfInrVO2ysTjz+8jMnGV6NbeHsV56ANss2U="}},"q+ONrtyVTbeREN9p6IZV/nF+gLOewrkSAXr2UKVGsCo=":{"valueMac":{"type":"Buffer","data":"CycDfd+xfSuL4itfAYh2dg5s3QvFqYgLhFS8XP+szgE="}},"rlj3GPMrM6Drt3CSI393sfeRFZquD9ws95tVdkq+z/k=":{"valueMac":{"type":"Buffer","data":"S/xM1FdzvgWiqsX/LX6BoucumB5eyHqe9LuIRf4UegQ="}},"r1GvUchdmYLUHwwtZF2jtzLoaVXu9Q6Wo7P/CwE5NB0=":{"valueMac":{"type":"Buffer","data":"8cGCGk/Pxhzx6PucOOy8zIKT5gf/lz8xjFmhL5167KQ="}},"soECyy7c++3q6W3DaxTYewVBOzn4btnpgCBt4C+qmP0=":{"valueMac":{"type":"Buffer","data":"/gJ7pcCcLeAYYLKGBRB8D4WwFjNrcPnXIvZ03oZRroc="}},"tIa/fwuzGKx48I8hYURveUrzMPTfz9NHH2556X3MVeE=":{"valueMac":{"type":"Buffer","data":"zbxxoD4UplCzLnfPDmcM2nlUjyrKeE8BFWfvbeyADgs="}},"uJwFMptaRZd+cpjOGTyb0+SqeGqiIMpPiIUCWb6HxSY=":{"valueMac":{"type":"Buffer","data":"CND9IRpGrN4siV2rIHvNOvz4y25ZGWAMWoPqs2fYv4s="}},"uRppblCrnQhr8mvuuWhguOMLA9f9BjqaKje8ss8oP3s=":{"valueMac":{"type":"Buffer","data":"a4O97p/CtDe0buF3v7CsQG1SequWRPlOdXHNbQbcRPM="}},"ugcnso/NYRCOTfe9qM6eahEkSnYXLRdoE/kkWnN0KBU=":{"valueMac":{"type":"Buffer","data":"MX4ASade8HFHaNb/ZZrr/3NRk5ynd3sVNq2Sgf3gnhE="}},"wB1JnQ5eUnVJGTwYnbWnAXegninOpJ/5Jr0tK6W111w=":{"valueMac":{"type":"Buffer","data":"X9wCsn3YOW9u2DcDxKXE7d3meiWJvZ+O3aBGuuI+U2M="}},"w+95B3WWOcVWifuW0csr1wGHi5R4Ym1WSO+QN6BRDHc=":{"valueMac":{"type":"Buffer","data":"rfj7AbixXeAcXuULglxhfEtsa59RQyz21UG/eAvtocQ="}},"xXKz4wMgDYoGhnd+6wsQsxysfJmunx4RUC/GISaZOPQ=":{"valueMac":{"type":"Buffer","data":"AjUjYxAV2Ix/X7t0GUZyFnu8uYTV53SvJMQYmgIhgWE="}},"x2lrgl+gQbPJLooeEnVhPS57IWVBeCPJEQ+yYx5XYc8=":{"valueMac":{"type":"Buffer","data":"am2ocil2VpP3Sb2LMP8YCIzcZbqtVdlI7u84GYXq9Js="}},"x+Rlw25R0x7Qfr5kdeaHXLZ1DCctku4ujhdGRr8iH8c=":{"valueMac":{"type":"Buffer","data":"BJ3rTG+aRBzNPV1cIGRRS/Koro7hmzcBFyueuCKCYQ8="}},"yDxh5AgAkSJdroKQ/fpuY6O878rlMCQLDSWyHLDDqz0=":{"valueMac":{"type":"Buffer","data":"3K9A57Vc2Vy2be7CA0J0Z3paRMizABJkBbtbCY8f10E="}},"yVuGJdT19TJy1ZBRDh7jvMW4nf60t6Ltr6hR6BczBDQ=":{"valueMac":{"type":"Buffer","data":"mS86NyOfvNTTEL61Uzw3lMj/acANOgJOvAOpVn8C9hY="}},"yX+qHgsDowdYlwfgxp02C6C8BAOYWq/ctYP8+m6Ctwk=":{"valueMac":{"type":"Buffer","data":"1s+PJmc0QFkeSJJCHBz+arQZKcC2olGj7+iP89+QNIw="}},"ydpn1HsfbTRS517oaClTt6tvCdgVYp8FuNQr8tgDvzI=":{"valueMac":{"type":"Buffer","data":"vfkm/c0206Cp/G6CBvs9m8ifHmYQbYFelBd/UVweyD4="}},"y+uIJ1kjbRNaRDszwtEAPUwgv9QMgtn7MgAVZ9EXYoo=":{"valueMac":{"type":"Buffer","data":"ZhI+gj1ZOOT1SGcZatL811aGy6jJsZt34GzWpT4FpPk="}},"zhW6sawsBhD+3pthTFe+95Gd3C3+keQkztez4zVeA/c=":{"valueMac":{"type":"Buffer","data":"ujpKJ4zkXcBSv2STyJk/NHZAm/yiDRnn9Zi57YhYIAY="}},"0FZM04m72sBP8u31WfqW6JknpIQ86tNS5Lan7eq4VE8=":{"valueMac":{"type":"Buffer","data":"AZ+iXenAkxrNmvl42MhV+rVecq6BS++Q12ypXo92Wq0="}},"0KB6Xc7iz1RiAdO+2HStNeEziuIU7pxC07TVELaWS1I=":{"valueMac":{"type":"Buffer","data":"xu2O5f1VoXvT0QIc9kxedut3jqMFrxiFINQRjD7mjgk="}},"0pYKRil53dISOU1o55OqHkaAZ/Zj0P1yhUrm2c6bNxI=":{"valueMac":{"type":"Buffer","data":"0ctSVzsCQSe0o331uBFfgzT/6lpWQ03c17Lf0PwlibU="}},"0uqsWFGfTu/AnJU9njb72yZB51icrL51ElujPLdtX8I=":{"valueMac":{"type":"Buffer","data":"PNZtB1Qjj8KCuRNAPQt+z+KUHHIZ2ycZ6Q6H0ui1bTA="}},"1vWuTAwqur7650rkGNJ2e1pF09dFcKgY4RUeqW6Qh+4=":{"valueMac":{"type":"Buffer","data":"57ypW6akMSWF16xQU4tOhmBQQqGDcdoJqwnjyVLZsNw="}},"2PzxlIYU1Nm8oxMyjw8M8L62++2zrUjUAT0cVt1jLdA=":{"valueMac":{"type":"Buffer","data":"w+9oSTXDC7iqB51dpzVHLHDYcij1HCirVREirhPKXNY="}},"2SORte/qHP7yLvZHHJEzgjkkaPjFTc784CpFNT9P4mg=":{"valueMac":{"type":"Buffer","data":"ywdVhnwgemwZlM004yepYO98vYT7PJCYDx94hFA+/qo="}},"3G8A2nx5uL5rFllcQLbzYzsOJnvkoPKJED+HaI3u+ac=":{"valueMac":{"type":"Buffer","data":"6EUDaXy9oRQW7tPO3vueFTabuG12UIjvWVKEZasCgZc="}},"4+rWfiHyxkegEcDbHyCx+DanuEVGq2ICx56UxiLdM1Y=":{"valueMac":{"type":"Buffer","data":"ydOVHWwYhh82BIZrkN6GdBlPhQBF0xAkKV/AvQegcnc="}},"5Aup/qxGQM+L8iiwtEhqtoQAEEOoc6RKLmudtdHL/rE=":{"valueMac":{"type":"Buffer","data":"+Ttuh6x1RHtAkjQyg5rwItS12J86wsPV2yRkThw2mWc="}},"5CD/465TBScx3fF9ercimyDICrM46jvJgKEL6yb1Efs=":{"valueMac":{"type":"Buffer","data":"A5RkUts6LrmHU3uYCEv8+dsfwx9joVQRGiJIDomuUxc="}},"5r92aJa5xIyb+svBbNjERjE6q3OZU+a9QYgTDWeKBzQ=":{"valueMac":{"type":"Buffer","data":"uGuVqB4U2F6q/n/aE38A4UlZ7jHhc04sRoJwaG1qXzg="}},"5tKhlPLv05u8xGCBldXvi/QWYUtJmiBwbOgcJy0IJ3Q=":{"valueMac":{"type":"Buffer","data":"j3B+0Hail8VpvpGR6tfIEmJ4wzjDwyykvFG07+AtnuM="}},"5uv/TNPjE9+hnvQuJeZbtiLEELGyf1/544wH/JyA5Ys=":{"valueMac":{"type":"Buffer","data":"eDvngJrvbpT5Fnu8+FSG2zorpXGjDKJCvPkvx2PfNCM="}},"54C6r+dUj0LE93ulc80YUNBMvwJFDl3VTNpSEHLpdeE=":{"valueMac":{"type":"Buffer","data":"bR2STB7LJMyFeQMLzeD2KH0kZnXA9Zc0Mc+iUmdzPHQ="}},"6+SGYSTET9vUECuVKDPeNdZyuR+T9wKnVc2MCxdJmyQ=":{"valueMac":{"type":"Buffer","data":"PYPFt+xVBVn+C/tezuZdu1NEGpbymWcluIfva0wx2ak="}},"7hcwpQvM4YujAr5L5yMSjMw9wKzywc68lkFYGOSE/gI=":{"valueMac":{"type":"Buffer","data":"Fi+02vdRNzycbRrN5vHfwwssB9yombPJ1ece9F3N3pg="}},"7sDJdkF7eBjMCw1HIW3UVugTzi7Nv9wAKo7k2OumTzg=":{"valueMac":{"type":"Buffer","data":"GYrb6zC0u3kD2EtwFfal3YuxswSIyJxhYZPHPGDfu+U="}},"8jDaO7oU4d3XZ6Vbm+Zj81Dijn7sJvtswlYWCD9nebc=":{"valueMac":{"type":"Buffer","data":"gjd+Zbh1W1D30X9kuu5/sCwmysxclKx3kc3gZ0FXujM="}},"8+tI5SJfu8Zgn+xr1bd7IZG0E4QLWp0eTZRITXkYMTw=":{"valueMac":{"type":"Buffer","data":"LZDMvbgH2z6I5FmbnIh5Rgcl/8ovOi+BhDxl9D6Qfno="}},"9QpOVqNJBdCKBTgz1ujSvM0TokR85Bo439YdXG+rUtI=":{"valueMac":{"type":"Buffer","data":"cyeglaljAqRm7tsxW4edI7+1T1BavQg5SRHVDVDgBuQ="}},"9pxQHN+kxlW7IxJXoRx2MIjnEjKA2kgNAr0O6porfHc=":{"valueMac":{"type":"Buffer","data":"GduGrjyW4egZFnMUPHWOd5lcR1tcI3sggVWMQ4OUjhU="}},"97pPuVP57PJPYJR9EdX7aNGwFlbfuUxGjq3h9hpAMYY=":{"valueMac":{"type":"Buffer","data":"npZWDv0RMExYj+wOFxUD8Tx+b03VqSMaRwPl7vwuupM="}},"/Ncp4juUPxH1y2dQwLr40enieWZw+LEarHPFtirqTxE=":{"valueMac":{"type":"Buffer","data":"SZMBSDOYCADMFJXfY8Vx6S23bHsrVuN020IN67F+8js="}},"/g4HEo3RM4EKf9UhSvzsK3qQtPOdL3nHVq1I8tk/S94=":{"valueMac":{"type":"Buffer","data":"LKD1UE8FKw0N8BMATnOAL+gp/jGUgHHZlc5Lo3iILjQ="}}}}