{"version":124,"hash":{"type":"Buffer","data":"vKzWaIIk4ENrfj4Dw1wnQGV4IWJ709XqkZHtocPpPnDiqV2VQXuX89caLJ1dzK3iIB03AKxAZwyCgIKpd31FiMiAIlB3+R5FT49jEojGTr1quKhG6ATyLXokIXLZlo3DNYCU5+rgMoKbZ5V/ZqQR1VwLooKJslZr2SbC0JAT73U="},"indexValueMap":{"ANR8jZCRe4vaWqL8pTCAZwI9xZK5RoOHNQ/bjU0Vyjg=":{"valueMac":{"type":"Buffer","data":"+CG/5xiD07lsdFCcy0+HixGntvPnSEbDx8IQHx4VeDs="}},"AiVJNJSt7fqZZ6EGO1vNu4aCuR/I9JC5/MrQRumZMyo=":{"valueMac":{"type":"Buffer","data":"PpNwUXKEmcR7pcDV4tmOy+KNTI4tFVKCFP8t/x7EhFI="}},"AnkHTZDWWFpPu5e33GNICfGygvdSd4iM1oLIwumojD4=":{"valueMac":{"type":"Buffer","data":"P/N1NWiPmMHUTST3CWZracZoqZOHuI7am8krI0n7itA="}},"An2usa3OaZN3q7+5+435KAWseJz87swY5NK8wfAL+wA=":{"valueMac":{"type":"Buffer","data":"xBI2fUkUcrtNB68bGgZrH06/oyOWM3jPWUFFZU7/vbE="}},"A7GHgrlgx8xeLkLx+J3iwcDYkMAepHyelfBrmoncHts=":{"valueMac":{"type":"Buffer","data":"oKegaVbfpn4f117PxKKpRyZF32747hpK86GR/3+ilrQ="}},"BOIpbTipmqyryIGF1uqZ4hzs89YnITLkjMBYj2hYSeY=":{"valueMac":{"type":"Buffer","data":"TTD0I7z3V9hV65KDtFtHnAicRkrsXUrTpdItijhBSlY="}},"BsvfJt48L4u1KPX81/+NCFu7m0OqZPQc3r4fTgu01MQ=":{"valueMac":{"type":"Buffer","data":"zSy96rRINxdZyYlD6idrMWdrUqzrLfJHX4JoxLuhQ9M="}},"CUcehbjRRObmliKeoT/3Hr/b1W5m6trilrTx9jovHwU=":{"valueMac":{"type":"Buffer","data":"PxGz1pexRaj11Yjw2gmhqFUTmT/H1WhX/7DiYCQ773I="}},"CWu4WyurbkjylAnRJxFlTEMqZjdWebyoGVQ/qvJZTKA=":{"valueMac":{"type":"Buffer","data":"pK3L3p/bhMJUEkzSg6Z91+bb96kmSYQiMVefFpXRpCs="}},"CXzi2tgdsuXYL4Z4a8FwKYzyfbyx2k3s/NsLjt8Tr8g=":{"valueMac":{"type":"Buffer","data":"+F/m99etv+4sb6ulR3B16N+NX4GK9dgzlAoCu+jtyBg="}},"Cd6Ed3i86XXnDFJxI1gySPMVq+vjs5DOZuiw+jvj/LM=":{"valueMac":{"type":"Buffer","data":"Ht89ukk/QMljmOkj4oefpJcfndwT14EHeA0xhqGL9UY="}},"CnC92clIqCQxFr52maXMsIJo0jgNuRXwmwicgSHniX4=":{"valueMac":{"type":"Buffer","data":"aFlFWqE/EaSuy732DUkD0cKeUuwMEVI229WHAK6zUhE="}},"C1WUGvj5IqIcy5MKjgwNmm3tEzg4j7JXbQHzsOtgIdM=":{"valueMac":{"type":"Buffer","data":"w58romQkN5JwTcEqaKbhO5q1qgiOna5u0M24DWkIQ4k="}},"C3m6AaAWuxcai7pONg5sf60lNB6QYxIYH1r1qTaRb3k=":{"valueMac":{"type":"Buffer","data":"JgXVhXhWRMVVme7RUAEUpRdsJM6LEGPna+GA9jk5kn0="}},"C7gz5TgymvVleuf/XmfRjcJV05YP7Gj48K1Kqd8nwcI=":{"valueMac":{"type":"Buffer","data":"6xF8oEjJWydNBTPgD7qXzV6rfDBcyQ/4BkUjQA7u394="}},"DIIxmNTzM+JqV2ivNfKQ/4ztVWd9Z5uVkoUY1E/ZTWw=":{"valueMac":{"type":"Buffer","data":"2MzJWnMqGFyl0Q4enGQ7OMyLctCSo79xbaPRrJkow5k="}},"DOAqA5K1o8o6Aihu7HPO2Vwrh+ov/8BMm4bTW1coVYE=":{"valueMac":{"type":"Buffer","data":"2+DThaZhhKGOr8Aey4QXmKdt4IRYgxdzom2lh0bX3rs="}},"DRCwfy+poIkeKFl1gL9sN4fwethnYz2ehs30wCFBOWk=":{"valueMac":{"type":"Buffer","data":"SCC907VloGED6Tq+d7pj/+V6wjcxV3i8LuoLdgIs98s="}},"DkgHgh0XjCm1ZB0sj79UGJDpK1qyV7rQEuPDQnPw7nQ=":{"valueMac":{"type":"Buffer","data":"vWEBtop8LnFQcItyLY1N/1YHufPCo/YuJlfz+2rQByM="}},"DvlWXluzWlsEmlJjhLKlIjoFLQAFyKz6HiHaWVHc0GU=":{"valueMac":{"type":"Buffer","data":"iRiKbS8ftPT5l9zNLHU+Q8sk0NXGsYXhyozqJ6GQndo="}},"EAxRjmzweONXPQonxhfKwwK4+SVqVxA85K+dGKZDtO4=":{"valueMac":{"type":"Buffer","data":"urEW21CmhxTP7mk29i1FXSMr9+iCNrlBno/+9AVcTE0="}},"EA2BOQsigPbctVukm8n4jBxGk+Jx1PMYCE5H/B8Lu2M=":{"valueMac":{"type":"Buffer","data":"eLkwXAf4MLwXp55vA0T/z0EHY/mDJCS+CaN9R06lfZ0="}},"EBUtiuR9p65ecfqbSvQl5we6i2z7IzKAhNCDgh9DtXc=":{"valueMac":{"type":"Buffer","data":"J6sNx4g2+sMYkHUgNMJERV8QQYgvRYMxBT8eLFRHGOM="}},"EBf9FZTjgPuGi98f/j/+s4inP9YW2thk1dzz0goU90s=":{"valueMac":{"type":"Buffer","data":"mzUMfZaR0QE1qAdUzNReDTGjl8zJyjwP8xnGomU9H94="}},"EO37ScDg8ofdmcFHlDZImZt74F7fRG7txlfCEvNCl/E=":{"valueMac":{"type":"Buffer","data":"0y9XH/33pAFnqc5lQDfSOMqZekThqU1wp+j81l9T+oI="}},"E2rFCvdGMOz4+jrolIVj3xMZr+a9Uw93vAXCy7ZecME=":{"valueMac":{"type":"Buffer","data":"fpbBdtKX6ahad5B1ARFboGt3VWNGVAs2GgPmX0NaQG0="}},"FHuBeauOd/dFOYsORsnp4LWejngb3L6zroCmg3Qx7Sk=":{"valueMac":{"type":"Buffer","data":"XexvWB8tNTQjXaBA2FLciuVfcY0z5XTO7dh5Js8mQ6k="}},"FJlL9mKVVyTa4kJIawUvL0QCKlku5OihHIGGApn7H+I=":{"valueMac":{"type":"Buffer","data":"pb1UhmsR3BPX7wV24DO9ABdx5Ijlhx3lUBBv2AOZFlU="}},"FZNqVMYWdhMaauVuVL4+iPZNR6LU3B6b/pG5nH7uMr0=":{"valueMac":{"type":"Buffer","data":"aml9A1FIYd++hmEbto5QQ6MnI64KPWtwtB2Nl3HMYTc="}},"FeA8eXIvu3RYynAW2k8tcL5YY8sMXb3Zr645kR9PV/4=":{"valueMac":{"type":"Buffer","data":"tEfzeEn6g0uck4/R+YyvgltIM8Bw9U17PmhxfB88BLs="}},"F28ZUX85Dh4KS4MwmZsQZqheSR/jC7Vz6VMN9ivdvsk=":{"valueMac":{"type":"Buffer","data":"H7tCnxGvkP5IeEi2pR1yj/7XBnysqErnJxD+fQ8KP7g="}},"F5ZCV6jErVhqh7Uyg1EirxXdtWtjporOw1bmYGBM3MQ=":{"valueMac":{"type":"Buffer","data":"hus5ieAj0EAh6DZSBCbDrzLCBfrnjclxxCCORAAG88s="}},"GCzd3/EO84DFYoGKM+naKx35j3JO4GOrHIcDUbmjso0=":{"valueMac":{"type":"Buffer","data":"Ou2r2OtAc9J+DoHCMIQbjXaG7NBzm0W/btNyYwiv5IU="}},"GE8k3uAyWvk3L7B67R4AnmfjNHFhTPYXAh1KVqNghis=":{"valueMac":{"type":"Buffer","data":"Q3HtRiBw3eeubrRwuX7Db29cmtNd6ulcBLZqBUJjpP4="}},"GZ1x9j1wFmrQwFzfM6DYz8xIgtx53bOg+s4GDl3aTbk=":{"valueMac":{"type":"Buffer","data":"yWn0XL1hBR2oOvVXFj5W5LPm81Nfv/PF30dZy9/w5G4="}},"GgmbPiazpGoHSPmuUSBsrmlYn6pxNcGRGBV95H8dOYM=":{"valueMac":{"type":"Buffer","data":"o2PfGMiKiQdC5+jE+pt2TDxm3xUmr1FC2NK4pC+7+a4="}},"Gsfbx6xMHWtvDBRy+jdzlSUuB972i5xFwjPzN4EIbzg=":{"valueMac":{"type":"Buffer","data":"guJXEHhD0+/MRqcZNqJJh6olo6CLNTLPuVfC8M1ZMJs="}},"HDx94hwMIjeOmlZQzTRyfmaDQmM53u/nINNDQ3aEjK8=":{"valueMac":{"type":"Buffer","data":"BoiO+PBAdcsSjhAEQn0y7MdcrD1In6z6upO4+2kOu80="}},"HGmSj8dPk1G47V7LMyIvNSbZXMty6LlB/RjL3NOEkmg=":{"valueMac":{"type":"Buffer","data":"GKAbYD8KpAKrjlNMMgwyf9hqSY6Zvgdr5NAKAJ4yyhs="}},"HLf/zzIxV911lNK/x3Z8f7+0VsXLA+8phqm43IF1dAI=":{"valueMac":{"type":"Buffer","data":"M3rmILSw2i1rmqHdGkCAS3eUymXdcGp03ovG/NMALeE="}},"HY315GfUXhiucZdOGpfZMCljiTicHKHujO0y93zzZl0=":{"valueMac":{"type":"Buffer","data":"68/kX0n6xs5PLozO4JhaOZDbNDMvTWMa+Dv7H5+e5is="}},"IGcxLQqsFH5p6RkywhLaJWXpp2rMMNaduSs/qMg2yds=":{"valueMac":{"type":"Buffer","data":"b5a6WNKhyQoLHpnKQMJT6S24GbPirGbiDyIYH7gvMI0="}},"IIObNLEIApdBdTcs0fvIEE93qp8TSK6xvYQrc5MESZM=":{"valueMac":{"type":"Buffer","data":"jTePSpwyD5Yuffz7vXVvvQZ27tdIAjx0Hw2VHUEGVMM="}},"INGZLYOTVaIXk4F01fFFue3GiGbTIyyfK1PVXUEnN98=":{"valueMac":{"type":"Buffer","data":"pCeoyQmu2jFBAXv0bdnQQC/HVN0GE9k+N8pZbYMi/tg="}},"ITQg6/AOLI3WcuzCKju1HV0eXfPJwlk/mwH1begyY8I=":{"valueMac":{"type":"Buffer","data":"HaZvR3J/SHR3OV0Wp9SEvOROE+F+mvRhOAdlClGy2lQ="}},"IqZJoaAXagRXbdB4ElXGAp5QjOjas0hZ3yGAChsO75s=":{"valueMac":{"type":"Buffer","data":"Uv7ZQ8dqIBPJC7/DvAvxytlqvigtT3QpIlGaHmMhCHE="}},"IwRiBsg8aWhulmrwXejRUiVcpvKCY9lMtKxHShjmw8M=":{"valueMac":{"type":"Buffer","data":"YnQDYX7nsgtE2rIYsXiJkamIRMbnqotFWFbsguQlJIo="}},"IxBbaxn9UFM+L+062LEQvNT33Ikqvuy3GnoIgiuPxu8=":{"valueMac":{"type":"Buffer","data":"vxKz2jNSgawcwo8qPM5JAuBeJlTL87rsD1CXiKIUUjY="}},"I4N+EPmxCn4fefmu6vx/1qYDKpz88gL42AL0G1AkT8Q=":{"valueMac":{"type":"Buffer","data":"moMWC3k2838cj00RvNIVSbV6EJbEk+5bB5JcFeqXgKY="}},"I5p3fVspFlawNuU06wB2dl8hEyPyE9LMKxLJC995dm8=":{"valueMac":{"type":"Buffer","data":"EafdwhQql2Byk02JXEWluizvog1xIPZxdkW3zurNQog="}},"JGkq+HbUf237JRWLDo+7csVVe0MRPUX076qatjsKSYw=":{"valueMac":{"type":"Buffer","data":"oVXGuEymyaLe/bczp7tyHng9gvNsmqfdb0pcfv3obA0="}},"JeFlE5733YfKrIsAEOfRMnb3NW0GB3rgOM2wNLXb1ss=":{"valueMac":{"type":"Buffer","data":"Zy1rp4Fv+/I7tsSiQtcgVyvKW6z0QhdKfcpWehYii0c="}},"JwvRmkbpgn0K8iGVoWNG8hJezIyOLX5XC5LwTpWML5E=":{"valueMac":{"type":"Buffer","data":"FNrZfsIUp0X9bfiWM69LR+VUKrDSThl/U0Zwp0z9OLY="}},"J18m9rEWSfwk8jA2m8oENayIX4q03/n4zqHNZyGasVw=":{"valueMac":{"type":"Buffer","data":"7jI3ZMv2MdzJ5w2mioZa0rnm4lO1MCQvH3WrbsU67k0="}},"J61X6QeYY5ZjeenLzkph9w1E4QjjXgj1wlFyxv5UMxE=":{"valueMac":{"type":"Buffer","data":"ciBN/QC/hKyxRzXI3ar9gW+W5WLU2OuiWL1xi72ZJ7U="}},"KDLVE0L9Hs6HOypFZ/SljT6NcFlSVTv2+O/6bxsDJGo=":{"valueMac":{"type":"Buffer","data":"bw64uLym+3TUOCrs9d22wuhxXf8ZMz+k4XK4YMBGQCE="}},"KQjZlloUBl2QoJf7grVHZr9gEmaewPX07iKXVpIEGhE=":{"valueMac":{"type":"Buffer","data":"Pcwo1dPDXf6H5xp2j7UxIwXspkwX3K9FIVpOA4jqsPc="}},"Kabj6wV1DwjGaEodRVFs379wFE0o52eOQn7wCSIC79Y=":{"valueMac":{"type":"Buffer","data":"UQTdpjicW+/shWDqgk+pWDs2jO7H7XSTpnQxU6dAtto="}},"KistDff4uSPXX0mj8kAeJf4Nr1m7/2eLM8cA1P22gNY=":{"valueMac":{"type":"Buffer","data":"zoHwflm2vJYpXjuIBTEqHiXjlkrDjvuza56ld4XPCI0="}},"KooXjykVTC+Skvx5HSYcc/QbszQvD9aQUhXnmBd65GE=":{"valueMac":{"type":"Buffer","data":"gr42jUeryIKjinMEABACIWChpVb2aTz04TN/MPeTk1s="}},"K3b2ALJ8QajCl2m/8qajfQFvSKR0yNPBFcy3x6t1sas=":{"valueMac":{"type":"Buffer","data":"6DljnUTHwMMz1ytTvUG4m3y4urp3nI9kjhnnqvVYSaU="}},"LBT4uQC1k6kRWjNYk+KmXJyzoRfH1I9Ol2KQG0gojVY=":{"valueMac":{"type":"Buffer","data":"YtC3hS4LyRKN8zP7NBQFVstjuyGDAT5LJCfa93ke0As="}},"LF5vn2iNnXByK5FOBXlKC28NIcnnR7KLE4GOlNG4IC4=":{"valueMac":{"type":"Buffer","data":"Dta2cs4g4fNrTsW3xNwPlF7d4FUdtbxgzzMAkQ1Eqrc="}},"LHUHlF4GV2rLoVOioTqKSBV6i8HNaYT8Jn1jtyo7IEE=":{"valueMac":{"type":"Buffer","data":"/IiFEWnXLUXHyBVDXfyb7LCuqmW9Kl4lSsWVhsLCg3o="}},"LIhXibB87XsUrIFgX43Sck0MDFi90cWkiFsYeZy6nfg=":{"valueMac":{"type":"Buffer","data":"j44INo+uQtSnHrFrnA9yXGN8p3ybxw+ipXxiDP6emjo="}},"L65t1DbdZoptKIdzVe0H4F6KhPUvBjfHuXTAy4TBdD0=":{"valueMac":{"type":"Buffer","data":"hqCPUEW9HKriEn8AA43jKNKMdBnTTDxt1dqmUH4d6DY="}},"Mm0zneoEFQ2OGOUt+UD1I0lC9mW5gSW5xMoIWNu6Z+0=":{"valueMac":{"type":"Buffer","data":"RkpMiRHmQBHJUAKA//ikAVChgm5hVBcbgHNoEZdh+dE="}},"Mz1W0is9U/zj5qb0kwDVRWlBMDGRKLL9Ot8e3XYklAg=":{"valueMac":{"type":"Buffer","data":"spG5rxEiffsTxImmQNqycPFB1oRknZhfnk7LStOCu9s="}},"M5wHvQQ+zCfPizdJzjSMJ2IWxzr56Tva9vvtMdNfILU=":{"valueMac":{"type":"Buffer","data":"eS87X4coY2VdilH7TgADt6WwSf6gue/3Fe+vGKuedvc="}},"NUYmnyEly7OTcNcAK+ENRB/z/fWQ4nxdS8bnRa8j9cs=":{"valueMac":{"type":"Buffer","data":"t88MMjqi1t4p2PZGY3yYRq8XGiSTClAqFhRdfhSkk+o="}},"NiuEgx7UyNvouOaZJBL9rR+dQpaR752E/O7tmmA5FLQ=":{"valueMac":{"type":"Buffer","data":"yU9wCzHHyoffGej82dvfYTYoZMlTZGWGRlENabev3Vw="}},"NpsMpWQwtzCHlII3/+Xd3XEBwyQQbjFkhTDgcQlAlig=":{"valueMac":{"type":"Buffer","data":"rrmmeP0tIt9Cxt+a5rZuIj99TFPwmYwpZx47Hq9UFL8="}},"N8juNwp7TtmftVA9o2N9XjdnyfMftGlzer1PWhSyPns=":{"valueMac":{"type":"Buffer","data":"MuHIeXbSEJ61cwYEQzAPCzVW109rz437c6jE8ryeEh0="}},"OA/eyg9e0F/XJaSZNaQBh3ynh9TCso7W6uzZuLNcVoA=":{"valueMac":{"type":"Buffer","data":"R+FMpq+YBtFaBUPqS3lATPZo9qb5A+gDRfkffPGX1DA="}},"OJImpD3a8fid9/utsHVjRh3K4Kx97rP9GR9a+SlWPjE=":{"valueMac":{"type":"Buffer","data":"gDHtsybtDA8fUEVipd8UW7qj4IBlJkIri9pYTKBcSPs="}},"OMpMfN4h6IwrW2Jok9XJ+o5wtiIBY1Kb1o6kacsX8Xw=":{"valueMac":{"type":"Buffer","data":"uLUMwNo+FSE272zhJ4gtmzktQuTKthlmgsCoSVyNTGo="}},"OR4wtluDYP1idiwudbfwaldticz/Lb9fv0Nj9KCr/FU=":{"valueMac":{"type":"Buffer","data":"5cf1buVekArw2uERWKV1TJXXu0QGmfEqqAHCr5XNW2A="}},"OWb+7cxO/BAgChdzpUUhklktNCRdWFo9F5yT5v+/LLI=":{"valueMac":{"type":"Buffer","data":"8iaYM/ia0+TbJiBm+gOOIng0GoN+ezyTKjqG/g7KL6I="}},"Oa5GGv0EovWlQ92fqujuav5TvB6YM0VYYt3ciSv7+4Q=":{"valueMac":{"type":"Buffer","data":"TOMSRapv99f1gazmgEeglerMtG71OSSAkSTV4sZ4/3M="}},"OxQQa04DEbNfHHMf8lgiTHtbo+RafBZrkOQH8bYgrwQ=":{"valueMac":{"type":"Buffer","data":"D+HrrfhB86nwaLK9jbpebkCtkXm5ZO706EvkUNAIXNo="}},"Oz4e4mltfwyLDsOR+0AwqqHkHY/0a+X1/yVAxhol+kQ=":{"valueMac":{"type":"Buffer","data":"lbl/hbiDEE/qDQ6kd86PNJ1cAR/coZzf0ufMqm0wIwM="}},"PeUAdAVqvsWY/82Evcusd3s1TCmdcohVJNeMUomrPdQ=":{"valueMac":{"type":"Buffer","data":"zl2qHroABdcCDMMBfoQ4wEEqKbiUmf/o8yiyH0mWHMw="}},"PxKxE8mnX7gIrf0f5KH5LSX/fTgkULGirh7ylxEUezI=":{"valueMac":{"type":"Buffer","data":"di3p3bbPV5o6lBSRN/CuSxAdhp8R+TcaKWO6YJCy4XU="}},"PxvBMswf7WN+EJ1+nckyMmw+yccR+Fa/YYT7xT6qDks=":{"valueMac":{"type":"Buffer","data":"6umTjOCohLOvDF8Du+HtzDZGFalPsNpCS9IiNAw4GBg="}},"QIJsvBTTm4YjbQbKRIMcJJuazu292oHpVIiOPLGn7GA=":{"valueMac":{"type":"Buffer","data":"746+Q9VSO7xHwlbU5EH5KuyapuysJAiVxQvUal+v2to="}},"Qb2cgA67XJtvscKtq3rLVbTyHq38lHEq4de6gntImdY=":{"valueMac":{"type":"Buffer","data":"DQRGlX994cB3t4S5/DlhvPYnFR+oFZbdi2tFd8X++Nw="}},"Qs6KqEwS+KdzmcIKEV4P8gARBrMYOCUJnVPbPM0KyAI=":{"valueMac":{"type":"Buffer","data":"MnB8p9lUdb+rgsiYW2e71wfkYovHA052dd4WbfnJUts="}},"RYS1N9rjlIHkVlpX15HxubTnNLeCxDm7NGTdNAVtswg=":{"valueMac":{"type":"Buffer","data":"JRtitc9Z5tzhb+3yJdiiNQ/sNV2q02rxgbB+og2cWXc="}},"RbDm96KRSw7QTG6h2RxTFdu3jF/DkfwZUpVH+JmfZA0=":{"valueMac":{"type":"Buffer","data":"Q0EkCkxDGw0PfMnMJ4xlL95Z9uwACv7l+uzNyoWaVLo="}},"R5cQa/cUlDPGr/qyywFFldJbDEe9qHOvev7M5dlQMw4=":{"valueMac":{"type":"Buffer","data":"qWBQRDxdszbMJZSLu7gKLavXscgu5ovhDL/W8NNwJUc="}},"SBDlCtwgTGMAptCKGH62/++k2fcPq9ozg5Cp1grf4yw=":{"valueMac":{"type":"Buffer","data":"bkUOni2mNlHS2q6jbJDUXaXU0ajt3EGPqkwU9bZogwk="}},"SDar263Kx/f3288KSQX1efrIwzN86OVm1ZqJgHR9u8M=":{"valueMac":{"type":"Buffer","data":"5ro4K+7NKHa0dGSbKqkHLEyNfrtfvTf/VNsEe8lVuys="}},"SIrWc42SspwFOuJtvjzULACkUuSawrZQYRCI4P5S66E=":{"valueMac":{"type":"Buffer","data":"LaFu+/kA5DSPYc++7GC6Hvc+LfoqOM1aRmVHGxGjthU="}},"SmPeNZAKXuJjth7ff2dxOUM7pglD7Iz8r07aRPOgkqM=":{"valueMac":{"type":"Buffer","data":"l6zL85Y+DJPiZbV2qqcjFX8AY/LD81duTNFUipkvnZI="}},"SnOLWPmTv+M710oRBTzy3EXDEjN+YxkrvM8cJigmDiI=":{"valueMac":{"type":"Buffer","data":"CL3pVQvU2R0fPKvhNOqBl6QyBcmNmRexwyDUUKM5418="}},"S2cZkjdPJ2QcjiY03RTsmWyS+8PJLX7Y7I9e4NDDD+E=":{"valueMac":{"type":"Buffer","data":"7o7BnUhgLzcs8s96Hicrd657FUgUJ6KT+wO/WXecb6M="}},"S9nzgcU7oskh/UpgxvKODYTVLl4qIc8cipIr0TJ8oIw=":{"valueMac":{"type":"Buffer","data":"S8H4Wfhs9jSJoFCboZ2qZcNcN+jFFWu9nm0Tku1tDBg="}},"TEcitxPiaFdZfOinc4xuyeDvTrTTvj9Rp9zorD9Qxh0=":{"valueMac":{"type":"Buffer","data":"PLuvIcGPPCHzInqOsZcKN6QBQama160NQUC9KXsw4cA="}},"TRZwoRlg/ZdA7eMpNmcdORAC1pml3FFA1VJIV0M1Xho=":{"valueMac":{"type":"Buffer","data":"m8l2NhS/c1bvZMAboUs95ySk2EhcF628OZA+vhjNIzY="}},"TcRH2RlldMncyqs3U/r+me8VXPYLgdsenCMqhIoaJFw=":{"valueMac":{"type":"Buffer","data":"0RH/MZIs0hZEVBQis+wmWoVSJfthc9dImFz8mzinj/Q="}},"TtYo/N/Of5bvT5r5T1GGILBgP+gXHlBV2xobSE4QkPo=":{"valueMac":{"type":"Buffer","data":"syRwWxEBkLTpJoEUHRCiUXyvxYyUd8+5dCCwaou/UV4="}},"UEZpqV1y714MonoF/B5jDTg/fo88jamqc8PTpeXkY38=":{"valueMac":{"type":"Buffer","data":"AZFJWJdyetFWR8Jk/PjImRUP4XMOXuqRJjzT0b4aCcI="}},"UK7kx0TGEg7oWyd+PSANWHe9IgZfbAF46elAELg6SAc=":{"valueMac":{"type":"Buffer","data":"+/0/Wf2dySKNOypkQj9NspN1p3mMAxv7I5rCM36b/74="}},"UTJS/6fIwOlovp6S/Cl8/JPfdVUj+l+F6TMH9KoWM9c=":{"valueMac":{"type":"Buffer","data":"hv0pelLc+OBg4H4+/CkSfWfZosRYdPM6FOXFXbw8W1w="}},"UYbELGtxBIUIfbNNN3+2v5J21JGodd2AUx8GbJUwIC0=":{"valueMac":{"type":"Buffer","data":"iFSeQcp8bg/laKHKWldvMcM5X61FR0vmDGSZgKRitb0="}},"Ug9ZtWFwCrtCpy9nlZs2dR/AQSc6Aa+7P1HbG55W/Gs=":{"valueMac":{"type":"Buffer","data":"c46J/TJL3KIGLxdwY69O18TbaxYStZBuS4nR6eP+vk8="}},"UhFFXd90FU/PESfjP3Tya4CuVAUQESgqQxqcULrMqFc=":{"valueMac":{"type":"Buffer","data":"fmzbPY3YUSyMclxBeLO1VhcsPiUq98IF6DuHbyeYeck="}},"Um4nafntie+Kb+X4EgzIC5BXm9s0VI5aNoqMfk8R3JA=":{"valueMac":{"type":"Buffer","data":"rwBa2SHI2Bo7h9JsDc780AcLB++PCEucUEglZqnHRdI="}},"UuHuUukeC9k3lGdLJFd9OnVcAHsaGLYIIPkZCoxq2ic=":{"valueMac":{"type":"Buffer","data":"JaPNSf07FomjG3aWnKiyU+iOYczMF/LgXiklpwAoCLc="}},"U8v9Gx9EXNxFDpg/3ZVTN0YHLnVKwLpyw03ZLchEzGg=":{"valueMac":{"type":"Buffer","data":"j15RERmna3ZXecU3LQqIbuSArP/rBpuxyJaPipdFIRY="}},"VQf/Hsgd5Arz3sfrc77PSSBY4+mhIuAiLim+Me+y7vs=":{"valueMac":{"type":"Buffer","data":"EacqCHcZyniFOoaSatuKgfxltrqcx4LHsG/XMcHJAr4="}},"VQwmKHmHWKEs3pHOaUEminqZzeb1q1TT6yx9sQxGdCk=":{"valueMac":{"type":"Buffer","data":"4tjCFNMcDx3630+CpdjlCMnUuMp6bWDPLn7aJVRusSA="}},"Va/9Q0LkwwRhXrpU6BWHlD8mDoWRReiwOT7Fc6oXetQ=":{"valueMac":{"type":"Buffer","data":"q23UbFfbE+W214eoA8+J74iqIrGYl4H0WFf4kALOG74="}},"VofEmda0OlSwWQspSRtv89gNRusMMgWyA481uZorBno=":{"valueMac":{"type":"Buffer","data":"5PeW7Q1tkDHXoEBcKzU6vR1Fa0iQtP76/0wuTejuuak="}},"VubvB/qYLgAwx/CgYFhpuFCGUPF8LdQAMI8wC2u7pOU=":{"valueMac":{"type":"Buffer","data":"0O1PyFhoHzV0ztRmQOzxDCN1hdd10NArZ3mG5UlJwJg="}},"WBJkcoC6Ws5bnbxckGIogNG2LErAMxGpb1RziLikYTk=":{"valueMac":{"type":"Buffer","data":"fhhKeU7N000wPAN3AaHpQUfBxmj3CuAwQU+cMpYfAec="}},"WeQR2tvRDN42R5lw8Js5h6+4105gxWI4qGstdfsmaoE=":{"valueMac":{"type":"Buffer","data":"Jwvv9ExTrA/LOkfYgscyOgR3t/CvLEyWX+3upiMcdv8="}},"WgjQ9G7imI1+Zc8zkcfOz3WYUEhOQaGCm6F0/LwGano=":{"valueMac":{"type":"Buffer","data":"5yRwWh3e8nwJQ6pVgHvCErET11n0Jpt+QK0Bu2Iw84k="}},"Woulu6Um1s+uRa24K+LDfoAEuITnd5YYM6bR5+hJpv0=":{"valueMac":{"type":"Buffer","data":"g4unDZUvch54fbqhtPEhc7yJWR2KlATLKtm5nVAMXIE="}},"Wqwxy74/jN6xCu9uICpAqNoSa/iRssgVOdkTl0IQeRA=":{"valueMac":{"type":"Buffer","data":"tTuDKvPml0p0Ci0BsRZUI4bQ01onroDqeGNx2a7xG6o="}},"W8Cx9uoleExsxLiGayCgmQGNaZXGnKIQYCMJp0S33XQ=":{"valueMac":{"type":"Buffer","data":"1cQH6UQ6IGk0jSSdyAfhmsc+73QsQUZzT+F6i+gFIRA="}},"XD5EZJluUZmTmbaR5SVetepvs1mPMgOciIqqOzgsjdw=":{"valueMac":{"type":"Buffer","data":"sgsDkEL7gcHhCydaOIvbI904112MZ+tksYHV0wRJmfc="}},"Xb+MaVu60BK6gbUtElMPllBrRUOoSkFGkk8EpG0nLX0=":{"valueMac":{"type":"Buffer","data":"wTgAoOPHWeGPBfczFA7PtrG0mktW/xVaKB7U2a7rxuI="}},"Xrl0zJ00v/O3lazyh2xgF4LXkjMcVvRLhWN4tzkwNe4=":{"valueMac":{"type":"Buffer","data":"eg7hBnfCXGWhurLKiOotFclbvQId4S8kQ7h2VKZRhhs="}},"YBF7y9VOKFTLoKJRGPOnXXM2VGlM8GDHwtOlx3uNxnU=":{"valueMac":{"type":"Buffer","data":"Vk4JTEWF7yiQvFshd5qBQR2wWmQYPkTZs4vtHcxamwY="}},"YB9vwVune1MVBI/ViQ2sUY7CFonwCxoqf5Qnd4J3gYs=":{"valueMac":{"type":"Buffer","data":"7pHv50f0biCI7ovn6g5cJu6dIhFPYB42s/cXI9idzqI="}},"YEDtTEI1wMlUBi8/abcM7QQMJqPtUqIGSSmXxubSwko=":{"valueMac":{"type":"Buffer","data":"VP8yLiJJhgoP15UY9dk/bAR0oT0m/r5diHC2E11+rk4="}},"YOqvsuv4pE8CAlh/NafhkPQv1Vx0D1UEsko8OvNNGxI=":{"valueMac":{"type":"Buffer","data":"ISe5TdbFFo3yn3eNbsQLhc8eIu1EP4DEfQBNymWjhQc="}},"YRoq7IeDBVaoeIW0GIZ7hazgRdgNN7LXgwc6+mrJojk=":{"valueMac":{"type":"Buffer","data":"leTMd7De0XjIdMrGrZvp+IYY5LFOWzGP7+B65+ersC4="}},"YoLwpN83UGyFiFBbufjF2uhfZVF7dTnOaBf54iBuDNs=":{"valueMac":{"type":"Buffer","data":"8gTj8brm7ioZzihDh2xwYM0gayros8Nr6BMflSgmWas="}},"Y8p6q7qDAAkTgutIxvUztAHzw/p9LXTT9RuOL0oKIvI=":{"valueMac":{"type":"Buffer","data":"csuf4GB3EWCWWnhJ5/FtAk+8bXrZTTPoYznSMAS7bbo="}},"ZAcSzHkkU7kybkSeDFE3AypwxKVeD/c+uL1FIaEJeC0=":{"valueMac":{"type":"Buffer","data":"CN7suYAC1bRSfgEHtTA8ryO7d6rCVyIr79YQKnxnm28="}},"ZF/UNZrSuDkgztuCfhrBklatNdZ9WLCl6YW9VoQsbDY=":{"valueMac":{"type":"Buffer","data":"25LirUXLWDWL+FT0yHEBLdmjVQqfojdJj/As6rrA2+g="}},"ZG7/+6isx2Pa2VjoM1z8wswFvrt8+lWheAacrVhFI2w=":{"valueMac":{"type":"Buffer","data":"5FpBvbNLb7IRbCZH41cc2f/MljUeJXSwdXHm0MoAqMg="}},"ZLkHgJ6euaMLoxGDPCdpvkQy7qCM9appSbFFPxvv3+o=":{"valueMac":{"type":"Buffer","data":"7jC8Mr8oevdI65RaErDDb8bI/2zzlzYfPZYjGayv49s="}},"ZVU3cT5Hai0JzH/x3eh2LVZcbkxs7pXAIkY7A/nSe4k=":{"valueMac":{"type":"Buffer","data":"HlJMautVkgJrJrzITvZIKmuCqlFiftdLumNOtH37I2I="}},"ZoCgmAsh/y+RbMHzOFkudQk9aPTWx/b5hIXyd5bif4c=":{"valueMac":{"type":"Buffer","data":"aWWBsEa/0w9dzwdK6dFV3DjYCRjFxTBuNitf1ZWLIvU="}},"Z3k2bhs7FnQJPVh8eIqU0eeW3BhANFIvHFvw8VDiMf0=":{"valueMac":{"type":"Buffer","data":"A6c86zEmuDYOW3hmbPo473H+MNYQhMtenRrneHda1Os="}},"aBn42W5jT1hD1Ul+TAfqLuz6pmFWvTQhQOutt/Ms1z4=":{"valueMac":{"type":"Buffer","data":"lsX258EXS96NCKWYGpkAH8sJYsvYW2vwGSMc7+VFC84="}},"aHu7yX3tCECOR2Dp4zSX43ZA6FAagkdRGDYR4+isM3Y=":{"valueMac":{"type":"Buffer","data":"Or+nv697XCQJVYv6OM1d7Lwlv532rhEFAOl2/af0H1I="}},"aSn1zhbmHmYWXHPkMuNDBO5i4rK0l8aykT9aP5XL6+s=":{"valueMac":{"type":"Buffer","data":"/aVDqDcsqQ2DsbvJLNcA0Oy94xWfCYqf/lwqxBXd2Wg="}},"aS2NqsobwBWNGNuKPh7KDL0W+4WqybVc6Kxqe/m6jjQ=":{"valueMac":{"type":"Buffer","data":"13WBYEXeeXagtAkuKoBzoeng5I5opKx3s1tULzxrvcY="}},"afLLH9BtxSRqEL6bf8SpKo969uuFMJFcnUVZ7jn/ecg=":{"valueMac":{"type":"Buffer","data":"qp4R/7gLkS3PFcmBvOreFe/aDCF5fTz6l+xZNfXEuew="}},"af5f64zgkg4xxlqJNjXypt/7mtdzKiLOPzAMWPH8kYU=":{"valueMac":{"type":"Buffer","data":"1lMYwnaAsxmLzvkjQcyr19TwcVv46rWpC+0asfhzhsA="}},"au7yumaiyxG0S1kKJ7eiHATEpfFyYcXr1YZOKT7K9TY=":{"valueMac":{"type":"Buffer","data":"tRmJ+UbQoq1Hm4YbURbx1Z9le8VChJr4fhGSsNjqThE="}},"av8qcZt1Nol57nkCfuvsXwUmIbfM782WKvEF+Egm9Co=":{"valueMac":{"type":"Buffer","data":"W/NQ+x1asSzatugCXWC+juZmOlHKj34jTcrRlmuxYk8="}},"a2Rf1PDcNRLHoiVHu+xwI+nQeOvOciCajUEdM9heLkw=":{"valueMac":{"type":"Buffer","data":"0NKd/sHFUUTf52XstC2PnsfcJ1IhTU192uHxmwWXI6I="}},"bO1tyyjsBY24Yt9d49qADHAOqG8Az5Bk40uBVthG7Iw=":{"valueMac":{"type":"Buffer","data":"ODvTqMaDbtjMWk8iVZsIgrJAUG1j7cg6m5LQbSdz+mE="}},"bXKU7mjcStvT9TxmLgVqYSUTLsnVXUHrvx0fZhC6rBQ=":{"valueMac":{"type":"Buffer","data":"x1O107ZN1qojLDFbCHUv73A8nLL7GBQu3nEHowc8wYw="}},"bqICJHVFbf1Cfd1emNBDSCxyA0OMnJwfsQeaSMBEuGQ=":{"valueMac":{"type":"Buffer","data":"xJFvCSQMPsh5x9l2/5sKwAswB5LzOKgXegyx3eNKqYc="}},"b10cCPdSDuryF3mZSoCiyo5gDQZ8Lczjl1eLOjgbiyQ=":{"valueMac":{"type":"Buffer","data":"6464HbBiiBdTZ7Htd1/YRybHASZ1To4vnsp7lEQOOqw="}},"b3LT5LgOj+mx9N3UnejiPbUSIzNzTTrL2FLBbn1GNnw=":{"valueMac":{"type":"Buffer","data":"OPlCAx7c+eJbXZXisIAA/i52XBVN063axnnWXHjygP4="}},"cDcCPRSJ35Khb0rgL6pXE/6V/TBQme7tdxSDywDIFrU=":{"valueMac":{"type":"Buffer","data":"WJHRVjqGAcJ3g93gdWDSW9ifj1zRPjVc+64xta7lWS0="}},"cLCfEz2s3Z66t8wmvmUJ3pvkT9KFxaX+gC6eBUp1j9A=":{"valueMac":{"type":"Buffer","data":"pPZxFAeQHCB3wErsOgHd4gPVRZfD2XUog86c90Sca+4="}},"cNSclBgy+IP9b7flnl9F0DnbbbxLNkuJCGUPyOnni04=":{"valueMac":{"type":"Buffer","data":"SGvogxqChmjaMxZB6lsyyfFGq9tzTLsv2VMB/GJFlZo="}},"cN+10naWFxsNVKi42EC8Z9MC6tOneFeRhToqrZBXaTs=":{"valueMac":{"type":"Buffer","data":"hEXOQPdl/inXGY0KC0QtLoe5OWNI9HIZEskCJ5H2PHA="}},"cOYbzMQGOGX+TIerfCP2fEDz2xKZ7SKHNC0XWhXCPaU=":{"valueMac":{"type":"Buffer","data":"8gcFKTGslyhpWL2i7cf/fX2vQcSoV290/TX+EZzq4kk="}},"cPpoQpK7KCICnqZat4sS0xEBzOY+7RazY1IXFchdJ0I=":{"valueMac":{"type":"Buffer","data":"daxWmpT3q5YL+Qvr/fCtg206YGK9GVrGqIAqqCugPWw="}},"cRFDsAbRcdxOstU4q3fUqXMQs24mofJEg8nYMgfW22U=":{"valueMac":{"type":"Buffer","data":"XGGELnNthu8MPdSM2w4OqkqeFIMaz8QrnIqkKiDF4hE="}},"cVm6G2ImNELomdsg4XL901OkotU1hVN+G6UxvZQjvh0=":{"valueMac":{"type":"Buffer","data":"E7mqtjhpjsOsfexS7AYQsv/ATo2GYWdNF3uMfEWHhJg="}},"cXGs0hqtsSmJzs4ljewMd8f19l1ufrtMYsMy1hwaHSM=":{"valueMac":{"type":"Buffer","data":"7bY0/sftGouMA3XnMLdPjJzoclbQCnVi0zTIvdDv2Vc="}},"ckF92zfT3fzdAOU6bRGUvnLWE6x6JWjAV1F+8DHvJVg=":{"valueMac":{"type":"Buffer","data":"v4QTE+pmCDlRRBCLcR0S+3mY1Sik7YGXw8aMvenKbh4="}},"cqS/smoopJ9Q4YWu0v4rx9dFaFXAYyz/h/12yUKHt30=":{"valueMac":{"type":"Buffer","data":"OumFCY9Xba8xIT87MJfV56eSyjmebUMS6Pn9wS4eCrw="}},"dHqGAL++EinpprCDUMS1DlNh6o1HPXBzWx6NE7q83LY=":{"valueMac":{"type":"Buffer","data":"rHEZDC7FzySFFZeiJuVaU9rQiYqHRUf/Vsv6e3oxi4E="}},"dQo6uEmOwG/ykJ+iOhnuGbqIIVr2DgrYUvEuZ4xpICg=":{"valueMac":{"type":"Buffer","data":"PYnerrDdRWh/2vEJQzPgPSqSP2L5/q0xz28iR8lxRAg="}},"dxYBR+5AUkAuu2hViaOw7tTMgorSV6fMLQM14TRZUOg=":{"valueMac":{"type":"Buffer","data":"aQzJMRdUl/CcE6E0TSsFI85qYRFNKg2HUGXtCovkJrQ="}},"d3JAFOBhIdjYt0RGLHfBzD8Hoc0kAHOj7ZMlZwy4ioA=":{"valueMac":{"type":"Buffer","data":"YWbObEoO9t67thLsv4DUoQep+BguiHXjebdXmq8rZgo="}},"d/9mf9ml/Mv0iIDqEiXMQVOYwBXFDxmrPmzaY319S0U=":{"valueMac":{"type":"Buffer","data":"WdEWT4XRk3DRpZjZrf1KePNLPRaQAMKEG860/h+lnC8="}},"eF+kIq/hxXg479tr4NsCtB//bG6SqW1JKxu4RSWbBHQ=":{"valueMac":{"type":"Buffer","data":"R4gaS6hws7L+lcZdDN4aVAmf5ppR+QFp6L2eqs1inik="}},"e1CLt2k5GOOYbSGgI6nTt+u1UxQurCV8NKZWuFLbqUM=":{"valueMac":{"type":"Buffer","data":"CvUYNoOGw3lC6t+7JC1Pa9AN6xGP6Db4ND6lb09hHS0="}},"fJfzsDfbltCXlo2xQOBraKH9Te4LJ8i+znv5STy3YFA=":{"valueMac":{"type":"Buffer","data":"LojMiNFgzZgHoL5G0wQRdO3q+PgVNL/Zsv77NhquUkA="}},"fMypCdp4XlG6oFpZmgUk3jVjPlMmhfrLCnW7QmH5v2I=":{"valueMac":{"type":"Buffer","data":"mtYFs4p0rd6qy54kLVpKRks+m3fIxQ4FfKvlSTnyJUU="}},"f1r6ShUAjcMEsku2T6FoCV9kTmF3xT15oUZ0RWHw9kI=":{"valueMac":{"type":"Buffer","data":"yDnFfTV8/W2iDtMIxVn2oh0I5BubCivpsKpY/hIPGJ0="}},"gHaQwQLC/6h+fYZbDqJnydaRBmuJoavuTq+UepB49TY=":{"valueMac":{"type":"Buffer","data":"NWI61p3bwUdDKJ8HmP5Z91eMvIpRlXH0E+yh7561JMw="}},"gf23HwbKDalguF4nX6/Ail3oDrUB2UyhvTsB2dtBnys=":{"valueMac":{"type":"Buffer","data":"dpcqAEqULzyMsaV1Y6GteFshtKMoIWTCglhdqOQeBGg="}},"gjKy2sq9QCpFHNtAa9sZa5QAl6RD2FLrdj8BrYwp6H4=":{"valueMac":{"type":"Buffer","data":"K+qH6ttM6+XAZbOGvoE0mTCb9czAjQG6z8CVpOgrVXQ="}},"glWIIKU0lQ+UTA8o0lDt2FanBq6fpPQv99p1LtuPDdk=":{"valueMac":{"type":"Buffer","data":"KzFyTBEXljz/vtg+Xr9YBJ6vGjamDrek18FLFizYskA="}},"gsdCj3T6iYqyM3eNfQmnlTuiBMCmDgJc95sFEiYMUW0=":{"valueMac":{"type":"Buffer","data":"uvk6A+AB4QUaIQ5cS5Z5kXHt9ziKgLGbDnidPllI680="}},"g+2CAx8TjnkJhddpeC0kIh+UlV9HEEmr/HTwcU3RKlE=":{"valueMac":{"type":"Buffer","data":"ZE426Vqm+CiQG4tNn8M84TMLEikpyb3/gEoyyJGh6yc="}},"hHZV5JhiX7Fvq23v9DmgTdEypxpnzoMrTJrAlnzQP7c=":{"valueMac":{"type":"Buffer","data":"UW5EW42oAcTDG3Mx9TpVjGJMuSmo/T4/zBcQZidEnoE="}},"hNf7ehZrWFYCUpaNU4UMPI6rErGaH07LWLy2XTXUem8=":{"valueMac":{"type":"Buffer","data":"RAMRHSUxCJdIcR0UDGZfHLROQpeaM9I9SJFymF+HBIo="}},"hXOAONfBvRjhCQd1ePuDYFaQiLG/XbT6p5mdLoIz9kk=":{"valueMac":{"type":"Buffer","data":"jbPLrN2On6uQUUgg4LV9b2IHZx3fTxfNzsAkGCiriLo="}},"hif/LQYHJoSh24YpfuEV66ezeOYTPW8W3jlKw2Jlbiw=":{"valueMac":{"type":"Buffer","data":"BAfOii+SRAYfHLjuVzOTvp5ld4BWex0aS001D2I4NTY="}},"hj/Pg4hN8H2K4cbsChkLqsWNk6zGZTyWj3bjBAG5F0M=":{"valueMac":{"type":"Buffer","data":"jVO/2/KTjqst3nqvRiyBZFb9eadKZnNxpAbWh2YiEmc="}},"hsEzBWU47K+n5Fh+b5+pESpR+QjMxxkBgHwzkcDRL4U=":{"valueMac":{"type":"Buffer","data":"dbJKm0NFwZniJm73umQyd6eL+Np5Gds6f5Q2GHyJf9I="}},"hzuIbttpUqNOkIXxPcPH/rQxsN5xobVX5hwU7aWSO7s=":{"valueMac":{"type":"Buffer","data":"6+pvThNMsuQbsYQNcCyDhdsW0sd6+jCd964yShVssnQ="}},"iHdnCA2AHU/y2/Ymr81YWROgqxfWlzXK7CLo4RkIDDk=":{"valueMac":{"type":"Buffer","data":"7b2/6hkLhe/eycZ/qVwEojFNnSrSWac/5pH1+7rw8w8="}},"iJUAp8caoGqiTOatLNYoNr2F6UF4rBhElqISzeFcO1M=":{"valueMac":{"type":"Buffer","data":"qO0VqTWjxJsImVg+l99kHMAVjERIGz7IqLDoYdkDXVo="}},"iJfmCRzwHDnKQ7PyszIWeMEUn1uxymjirsoBQ1JYJgg=":{"valueMac":{"type":"Buffer","data":"FJxpv1XeY2JQ8+9Dtw7yQqtuqS0qjjKoZk4ipaLyDww="}},"iWNLHgInl4KnbHSopl75sxgWvkVQO9qRjzA7RvUNUdk=":{"valueMac":{"type":"Buffer","data":"hLTJb+g93TOYJr6wHeFouJKffOrc/RzeOMCLOFOKhwc="}},"iifdC3JKUnQlcvG8vdX6oC3ztYuxFC3NGNGCBxpPn4I=":{"valueMac":{"type":"Buffer","data":"1odM/Q44voex5RkyJsBvWaTechOqHIuDHc93r0M6vdE="}},"ilvniSWuGG7QnvSwHYWts4gd93beh6c/zFEB9xc9xJo=":{"valueMac":{"type":"Buffer","data":"1rWIIoSsw0/UkgnZ+XUN/6o1aupG85l5b4DaQ0CX5pM="}},"im2Zxde09HWHuC1CQWoCMKSSrMn/0UAmzBpBfIxuu7o=":{"valueMac":{"type":"Buffer","data":"FbQTlPFgySoi4Ds1Hn5Y3HPBm/8B34znU6CIRnN2z0o="}},"ipyPjJxsPs9I1yCps+LU7p2hPVdpbGmE/AC+xUkDjf4=":{"valueMac":{"type":"Buffer","data":"8+IBv66ApTP81VwWIiFHotb/jMjUYGK6tPoY1cw5xZc="}},"jLSASyl0OYXzOsBUGT3PiLK9CqPzffdGpnRpWF34Ltw=":{"valueMac":{"type":"Buffer","data":"EZLJaWuxKwi8nAPYz7zo9GlG0zj4LoeWOGPrpotYkpk="}},"jXqzx07DwT1FJoFxXp+oogfaQ/7g0h39CbfLM3Ac5N0=":{"valueMac":{"type":"Buffer","data":"NuMzEt9+yZ3EBp7S8d5bMubifOYD7CyYKcBoAqpjf+U="}},"jYMefTGBRXTte8mTZqzBxLyuplfUOoLjB+MuUMaGuws=":{"valueMac":{"type":"Buffer","data":"u+/AuUL4hGvrrLv8+X3a1zZe94dmB6+vlEGtUwq1GU8="}},"jalu6E8P7qc/rCRejfKgoSgGCojo2VgIKCI2kuQCR1o=":{"valueMac":{"type":"Buffer","data":"7t+ZmJfuk7A3EJXIOec9x1K11baZTGdirgH4rf/pB1w="}},"jemT0xA+l3dqd6cOn38j13wuRPfYfFvqeo2bTgDMcO4=":{"valueMac":{"type":"Buffer","data":"CKvtqEpXIgFSUOXlNaBQazgkBqM3vqZjdfS7XkNpJj0="}},"jmzMNz0YPmDHwhjkehYRGtsNvrUMDylUypyyGelDIjE=":{"valueMac":{"type":"Buffer","data":"oaMpxurY+F7klnWszQbZHpk40cMWzri7CQyRwxYVE/k="}},"jtBArJI4SdPkd/bG3JIuHKeEcGxJSHF/q6fIMA6Ub4s=":{"valueMac":{"type":"Buffer","data":"tMa2wdqm1j828vnu/4D/6BR1BWsCCNVKwa/hHsYaFK8="}},"jycHP8NNr9Hae/KbEote+IZR03siqxW2tUQ6YpWn6x0=":{"valueMac":{"type":"Buffer","data":"y9CU++OqzPmIJyceLULYfKl0pqatG/C0ChnLU5qIUTQ="}},"kAAeWtRIlkoZrTWezFX0SnJegvMIL7FVc+cA0CfNrHw=":{"valueMac":{"type":"Buffer","data":"j9mNnkqPL/WRa2gnuUouSAVXMUPpPk/ZimsZmlyrin8="}},"kJj0Z6uHiy6bz1T8G9Fo5OxJ5sEAaQGZt3VB76cNh+0=":{"valueMac":{"type":"Buffer","data":"lr/f160E5ZEb0WVn6lEJ1+SNzizpJCNcC7U0jzEWAGI="}},"kJxCl9/PDiH4gPMbSJVaz1uZQVWYfM9BPlE518Zg5iI=":{"valueMac":{"type":"Buffer","data":"a7hhqkxOtnRZSIy4TtyrD49xO51hxPwWYm5Jr7jYphU="}},"kSj5ZKUKH5Gn3QdAfZgqT2rGYe0VahW3mFr3xuTub14=":{"valueMac":{"type":"Buffer","data":"71nSoQ5fgFu7ExATho/W/bYfbaBx6d4Lf9BDEvNAynk="}},"ka3QymFzCzDEZECdwUBxiMwyQnCQTg7HB0KDfDRwSRs=":{"valueMac":{"type":"Buffer","data":"t0Ik7MiZpPAdG4JGOUMDx0rJxYJ+gshdaY4bjN0Uspk="}},"kkzZxVv5vmLvEBBrU4MkwIhq/Miv0/8bs/e5bkUusa8=":{"valueMac":{"type":"Buffer","data":"5FTcQqLf0IWf5kDVOFo8RwYmO2KLTUnZZlcblvoWZn4="}},"kvHi+baWboRtsfv5iksUk8bk+6g4KwHvvO2dJdjR5Wk=":{"valueMac":{"type":"Buffer","data":"QtiASmYjWssbOnjyEFoN1A7BaQOUPuK7eByATH580kA="}},"k29O6tqN8ulHC1V9J9/hwM5LzuGr/w/Dix0hr5mQ1S0=":{"valueMac":{"type":"Buffer","data":"Y5/Q8kovqdGLrzlpIjkUAMVC+J7KdIP6LFjzZXvpAFI="}},"k5Qi/7paqagzPvQJlPGD63NQ4sDEpixLpWEIgp0drHk=":{"valueMac":{"type":"Buffer","data":"EeiVD+SMaAqUn6anarkTRnnlgFNIs6r4FFDAmAQPezE="}},"k/w+ZB4hL++LaNzPzwNOcP5VXtDgnpW8Ntc5yMab9wE=":{"valueMac":{"type":"Buffer","data":"Q0lElGE/E+kt1IM6SBeNFAWoL4P5rbiNfx++i89yawk="}},"lRVLJH4rCcNAXRFuZGFWsw6N5tJzig5uc5Qho/xqmEM=":{"valueMac":{"type":"Buffer","data":"bGG0rZbnnWQ5oSxhdQAveQpjeBkDgwCVtpb4O9GK3/0="}},"lSLy6KZ0xfnHgVrRYYI7LG6TZQxUexWQsg7SphoITbc=":{"valueMac":{"type":"Buffer","data":"853BvubDStArBc1SBdsUQjQy/mypgFu1Txa0epatI28="}},"lkahWgyBzX02WTBTwGSAsJGWQF3uBwxoVoSjz7EGbgk=":{"valueMac":{"type":"Buffer","data":"+rfQ5vUxhrcSR0ZIq/ghVRA4Tx9O6Rkm/fKrWDwF2GY="}},"lpTsJdPZRfyR4v4hluOn5I68K9RvXE6ShzT7XSFjLXs=":{"valueMac":{"type":"Buffer","data":"5cZ4c9h7DcJUTkt4Auqsbn+dfn7uKfrMm0MSmedd8hc="}},"ls2C/wlDXcLHZF2qmTyNXHdz+XotqUZsENZZ59ceUKE=":{"valueMac":{"type":"Buffer","data":"cs6VbpVi+W1JFTEzAh/xgXG3GOVschqFlM+3rXrVf5U="}},"l0edrFTNsZZzb4COG4WNKH+NNWFa4HO3G1pjWt7xx2o=":{"valueMac":{"type":"Buffer","data":"LCQTuMISjrWslMg4rNdNJ8nekPEBzuN8GqdwfxpNG0Q="}},"l7o3t/T2Scq01909nhLgjXE/OnX6eFfzgj1+OgGPcR8=":{"valueMac":{"type":"Buffer","data":"G0a4HL7GslhH4DL9ZUerpMFMNQIECqkWHxxw+2wxFJg="}},"mLRpC4te97dIkw7EFAjk0iei9et3OxmZOVGdPY75Tu0=":{"valueMac":{"type":"Buffer","data":"EbaDRl2I7K7R2sc0tp0NjWLpJUZbO7GARuN1Ud2vAos="}},"mOZeB4ofjDa/LgWBy64kfwLMWWB13Leky4UjdP6b5FE=":{"valueMac":{"type":"Buffer","data":"F1LGPu/Uwstai2Z1DTRUleGEDjX4l26R9Bo/fEsr1kQ="}},"mQMb1Y0/tCAINMfZTDOrDi6AV7kMjN2r8hXogTYg1jo=":{"valueMac":{"type":"Buffer","data":"YegAFmdUMaqVUx7id4A9/KJQNJMCSGuhiq55QBVMDi8="}},"mSY066zNLUgfkx6lxMEvzod8UX5PxetgWk8UwwC5G4A=":{"valueMac":{"type":"Buffer","data":"KFKlN/lUJbNSE3tRig1ns5t9nzC8WcVuahwZjdibxQM="}},"mWY3vS9vgoxs0rJoH7eEV6M0GCMkZyBe/I0AZDrG5F8=":{"valueMac":{"type":"Buffer","data":"6imNcrtVS9py1JWsMOkgb6kdaF/17hDnBLvO7k7b4Eo="}},"mbP9VprR962u7QMz1Z5MwPahj65yzLM+H9TAAquOeLY=":{"valueMac":{"type":"Buffer","data":"FocRR/ZC71IMR14Qt38+rt/j1iZogTeVZZecXjANIH4="}},"mlhupHhCnWNtcac6NHAHsti8gDbR5rbkvPMnDybUC84=":{"valueMac":{"type":"Buffer","data":"WXnnXSzDi7KbM7pTBU8rDhkBh/0W4bVVHBl+by3TdyE="}},"msq+A4jWk72ivP6wdIsPIAC5S0s1ogPAHjo8coKeN9I=":{"valueMac":{"type":"Buffer","data":"22sgUOoAHP64E4Vty862yoM5gHq+Tw62ziUwNHZuCTs="}},"ms/SVXLdrV5WFG/SFcEQpvE5rwHr5OgjtGNt8r7P8WM=":{"valueMac":{"type":"Buffer","data":"6CP6C02E9NabTjvtNj8wqJr4od7UpCiy7YJrGMD+3Tc="}},"mtjMK+D5PaRcVQw8uHvY0V4ZgAC2lmJyWcUVYu4y3uk=":{"valueMac":{"type":"Buffer","data":"tVwOS0EyKmOJYwQfU5euLP/bJ32eHwe4Q2JXpTKa2wI="}},"nCzkoOLl382nIay3ikrYLErVU+5dQRbzbpa4Ou6blG8=":{"valueMac":{"type":"Buffer","data":"a2W8FPTFv7cEBKluFkw/LXgrZpMOxBlmPQXU12NwcGs="}},"nFyEVWqN81p0VlLmEwkRGhkc3/ISpiKq7eQe/I8wo30=":{"valueMac":{"type":"Buffer","data":"p+birQJACZU1W8z6QP0mThrT/Ej/BP3osGLpGP3PAfU="}},"nKVpMbXjQNrRo5PQOed74CTkYlKQyjCbJM2IuycSOng=":{"valueMac":{"type":"Buffer","data":"HqRDksblQJW0O0VSLhBijFSHC0X4EHuaQJTzyuYvdEw="}},"nZUDHfGy0fRARvI7qjP6AWlQj8h02nfzpUaEf7eiFsQ=":{"valueMac":{"type":"Buffer","data":"gsZc/2pZRZVoGSg/rq5WzgBSbj670Jp9VVOPLDVHEX0="}},"nrY8jxoKtGD4mkOe9fe/9i+JYRg+asn0Hvcmwm4PfLE=":{"valueMac":{"type":"Buffer","data":"IaE65RnbspzciXodldnyviuLNWFTlMTjZzkII68t7Bc="}},"n6LvNPf8HkyTXU9G9sac6HObIz8HMKRyMvo7OZrz+dY=":{"valueMac":{"type":"Buffer","data":"Q34YLNaKW9hJX0RxKuQmeuDGHEnqmA+8m5TUmyI6wCM="}},"n6ed3MzDedBD7RQoX8fCULPmEoMcXfUATuErK9jdOMk=":{"valueMac":{"type":"Buffer","data":"MI/FD4sITwjNIknDt+UJ/GGO0ZR3zUDi9pE4km63QkI="}},"oV3NdGZZmX6GGsjiPMbtSi6VSxgKB5JS+xXYCxw4aaQ=":{"valueMac":{"type":"Buffer","data":"GhdTwRxQQkSwyBRbaUww0Bkdm/gC8IiRAzRUP5SixOA="}},"ogUuGivMTqB/32CxBbVG5pHT18lv20EplsO2kh3Z39A=":{"valueMac":{"type":"Buffer","data":"oLi0HmcY+WWroVyiQoIxhvpfqTf5gsNPu7L8G63BDOs="}},"oliPqAu15LBN2lizJJRe9jQSM9kWGIbX+4Br8faQ+4g=":{"valueMac":{"type":"Buffer","data":"Q27EvBERqnxd3gSXLpDqMtlf2VE4LfoBNUwkLca5eHg="}},"ozFr8PwdVvtS26mr6HpyycSNMsAFFZaN0kBFRponfGk=":{"valueMac":{"type":"Buffer","data":"1XU12948UZu8d+x5yFZqO8u50eOayIZJLhPpwmpKXzk="}},"o1/VHOzKy5bCtTkH6XrdVm96e3SwT18BTh2yXO+qjyk=":{"valueMac":{"type":"Buffer","data":"O7WfLk3WWQfbD8vlAFr6zOlHMym/WyiMJE/Luu4RAls="}},"o6Q851Olexo/OpHMbz2hJeSVGceoKiPnFsKRwggkPoQ=":{"valueMac":{"type":"Buffer","data":"r+y7uFz3KLvBqbuO4wtomZfkvUwQg2GS/RtXL4iSD/c="}},"pP4x1EzABNe5ASVhFUn4VAxh5k6e1pWRNDRUFj8iz68=":{"valueMac":{"type":"Buffer","data":"C8kNS+rbahZ2qMgiV3O+2lxcHtmUzjnghWfNRW98DrA="}},"pUV+J6513cIreKTZsUvEBI3nq15gL8l0I+o+UXJrYyA=":{"valueMac":{"type":"Buffer","data":"2G0PPbBAjhcYV4ADiV8y3+9AfP7e3BMHSBh3HkQrcec="}},"pd4rqEIwzNjtUO5CgCL5ZxUq57kQnJIqja1rz3ksI1k=":{"valueMac":{"type":"Buffer","data":"OlZekSDqIrQkZXo91e/rE0mxGL4hxcKeegKOLN0KwPw="}},"piCQt1rzVrKWU+DMQs3ETe/WlbuTJm49yW3YBe6qa6U=":{"valueMac":{"type":"Buffer","data":"roKH5fOKS1nP5kNb3NG+uCUppoPdrLEhQSRVGQowjjQ="}},"plPvLVqQ50YSpifIfXguTf/0YHYvgYAGEVP8UqJoQOk=":{"valueMac":{"type":"Buffer","data":"yjSMeq1nGRuxqLCqcjwRxXGi1vaQ9EpYm8tqzK+wMPM="}},"pqDj9LVqGT1WUck7HwyGrL/4qM85AFmw1w2EDpNnqpM=":{"valueMac":{"type":"Buffer","data":"7OD1eGFMoDpw4MyJj+q4WpP0W15GM63P9ZdQiRcWmsM="}},"p2hOWbGuR8TyLme1ur9Aed07Ez4z1wAPjW2Nnnqo/UU=":{"valueMac":{"type":"Buffer","data":"L64LofsY4QyAWkk7ReZzqDS8JwAjRHuVye0Nwjh6r+c="}},"p9hwjwRldcLKZbupmcNWgi9R071M85UZ9N3gELj2Oz0=":{"valueMac":{"type":"Buffer","data":"Cnxa2PDK4O2fEA/PPuGMssJhHISiJJ0ak/MoqL1Y8pM="}},"qG8KCxp+MAaDZD2H0gj+T7ue3PuZJmIK4dZgdBTHVsw=":{"valueMac":{"type":"Buffer","data":"nnEb8CNFN7jD52qWtWZ+Uk/hCFzbs245e/PKL24r9Po="}},"qLUoPDrdt02+gBxwk1UQTdFBIUlEOI8Un7MjrrCRD6A=":{"valueMac":{"type":"Buffer","data":"ZaZOQKhqgbpOoY/SCYkaey8/IZ70tziZOPxtGQDZwiI="}},"qk5t8HWkTH31lBV1MldYieHac+OaMGzIFNFC+C/sLYA=":{"valueMac":{"type":"Buffer","data":"K3SmWmK5EtwhEynbvrLUUW+CsDg2QFURhMREAazv6mA="}},"qnPGGhE/F3G5nSAkZoI1B7mJ2gXseC0nbq0aT0x4Rgc=":{"valueMac":{"type":"Buffer","data":"Zx1IRc6BIGQdNEy0UCB9BdHmC3AjJZQ+RwRlbf4DuBg="}},"rA0C5U7exY7DRhoYklf/G/wpz20JWyoFuhHH6UKPDRU=":{"valueMac":{"type":"Buffer","data":"r+aNy/Nr4XOC0CuFjqvoN/op1bs7/wa+OlUGLQVrhkA="}},"rNwdYOfiOElMCT+ZDJFIKR6w5b2bWlyQEp+O4+zfkv0=":{"valueMac":{"type":"Buffer","data":"mnScNvaOxId/GldLLMMSBrqH7ywU2rC4BTy56yHFp2w="}},"rYP7Eee8Ycml6p50E3xjqtG2rMImCoUrIWl7Wybh2Mw=":{"valueMac":{"type":"Buffer","data":"OkArnUb6vdYKWs+3KOFFwaVqBQFSCx5mg0m4chnFVMo="}},"rauczSd2W1iSZncSLaiT0ym5Bo7HZUNcRvWMPUY7wVQ=":{"valueMac":{"type":"Buffer","data":"RW2zt2PIkSEajLFY4n/gnH3o5GNjt7+cFZI1wA6n9tM="}},"re61YXg7rjo8MqMWbJQmA3Q/wL+ysoOFntK/Qg6gZ0M=":{"valueMac":{"type":"Buffer","data":"Gz/B6Qs3dA5cFkoHQqte/mK8cFsgdK84MsJLKr/ZzOg="}},"rqpzyZoB9yqBFqqOw8WXHpALpF9OkPI690vz25rlc8I=":{"valueMac":{"type":"Buffer","data":"CuuiSc21yYYvf7iGTxS3+PAUjA4F8vP+zn/OL8sM2z8="}},"sDdk1mMgmfCrurRv85+lMWCos71D/rEb6M4zAG5heSA=":{"valueMac":{"type":"Buffer","data":"c2+T+3cwYWba4xfxWpOBVL0XbhIChj3PP/I1e0BdL9E="}},"sGkpeVCcGpmDbkipQwt9M38kjawcLpTENuKrWnyupmY=":{"valueMac":{"type":"Buffer","data":"xAbsuYRXS4IyR3eVPUsH0wTNQ0dKR44WX5rdC5bGWyE="}},"sOxowoGROfEAejrwfiwoYhJfZZKfT3ondUHskgaFjO4=":{"valueMac":{"type":"Buffer","data":"7Cx221E2uPfI8TaauDcOu0q8I8j3hvFx2wYQctQhESY="}},"sWK/sGWZUIJSo48XNy9UuFW18avpnF/MwVilcNhQcM8=":{"valueMac":{"type":"Buffer","data":"YXUuVv949kvlT9bJgTOdYKHQkasrSwARi3IFvIXj0O4="}},"sgu8yx+QwkoVXENX3RsNGWykT13SP4eIk6rrxMdiPU8=":{"valueMac":{"type":"Buffer","data":"URPWviDY2d3TrqQBBvQCO20q9yd8UOTeXE8mSGVPHAA="}},"siQanenGMMoABbSbK7z6MUWvXz6nbuvPDTN01QhrZRQ=":{"valueMac":{"type":"Buffer","data":"SyoZgNTQl4OTP0brwSkO8ZkwtqDDowIYlWGyVrRAFOk="}},"smjk+DkYXKPOVRfTZx2UeQEVCw54x8ygJp3s0g0wLxs=":{"valueMac":{"type":"Buffer","data":"yI3weq+CklOAHa6Nzr5aL6F+GBIcUL5CTz8T/lTJzBs="}},"s3XgeghhZ28PKSQkX8ZT4yas1rvH3yOWCiRLo6u+5BM=":{"valueMac":{"type":"Buffer","data":"lTyp5DD++wW47kyAd8rEoEdQJb/pbw6kB1SUALZUcKA="}},"tC9sICcXu8qb+q+cWZu78VPs/OlFHMeWhJ2+uSqE3n4=":{"valueMac":{"type":"Buffer","data":"tZqI9AirciVHlp+3QvPWROIQNVcNp76vAIeBCmkjdHY="}},"tEoZvdn+b2ldM2Iip1O17dobIIUTkkT/zdhDnNyOu0Y=":{"valueMac":{"type":"Buffer","data":"TtcSlrQreA85Rpen6VS/zk9GTXV7oQwq5AZVO7Le/Eg="}},"uKDIqLdO9RBIHGO1pPPckjjooQZWHStOuNU+rpiUPR0=":{"valueMac":{"type":"Buffer","data":"t/umNkKtiC+V8AVuLxJ+cvLpYEnAN1J48e3DR0Y559U="}},"uS1nfZSAMOt4BVmguYOHNIj53ZRoCF/255uoYxoR6p4=":{"valueMac":{"type":"Buffer","data":"S60mgutUvVJOeluGtCLC5E7nGIejR9wx4xKNbewPzqk="}},"uS9QtNqVlaWCgbbg3Ravo4xHpTR3PBpRuiCbi7Osg0o=":{"valueMac":{"type":"Buffer","data":"JgGs8aMi46g1ZG2/PHC19h5U/rISp+Fv2P18IWCB9Y0="}},"ufO1JNYA8zqcvkdQpsG/DuLP0ene9y1j0MTCmpysRrM=":{"valueMac":{"type":"Buffer","data":"vsa+rek7nlSGFyuZ7a9r5/r2AtdjiPm6WIJiQq1YtCg="}},"u/DhGkktWlHAJ6BJXWj21KeIW1jlXL3ycb+L3RP/qJ4=":{"valueMac":{"type":"Buffer","data":"kxe1f3Sny1W3aCvaH9H28I7LiMYWyA7BXb7FnbbnYww="}},"u/Mpg1CiUi6HIlqF6r0jhNy7cVG0+YGCcKCNALOAcio=":{"valueMac":{"type":"Buffer","data":"6qqWcFvYkXx9aAPAwDtncm2Twv5floyuH4yEJEnmHO0="}},"vPWYmV0KuqrvqMZ940Fo27dSfL9q4243PS1nrdeYdBQ=":{"valueMac":{"type":"Buffer","data":"PDV53/5Uydb4qR294+pUnka3qy6eVoW1ny1PYYo+938="}},"vPbD1IE4pchU689FFNheUqXr6kM4bT85LPZYaKQ3OVw=":{"valueMac":{"type":"Buffer","data":"L8PiNLGXsVMTqk2UQq0l9F1rKdp5IuaL+gtbmLgjSkE="}},"vRrHjh+x+YxgU5VrEC6HAd8z4rqJ5kemde5ENJbPFDk=":{"valueMac":{"type":"Buffer","data":"Wtmb5FOkcYXafCMjDbXs2xzCt8prNr6rwaI0FkEKaHQ="}},"vapH710Fd2n4Ix6jCRgcnXfsfLh/iGbkhuI0t4l8u4I=":{"valueMac":{"type":"Buffer","data":"49IM7X+DE65V59NiAGFxjGTNy2Kzc9meMraROoHw+tc="}},"vjRD84MCFvcIePcK+REvtIFdXDbevcAW2KdZ7et+aGI=":{"valueMac":{"type":"Buffer","data":"+2OHZ8Tg5tzfELDftJMvP/tkBoVuX8mR67O1bYE7AJI="}},"vuakBgezveKYINAbm4x/T2p71KF9aJkiOi+H9fCkX4M=":{"valueMac":{"type":"Buffer","data":"ksabzvLp9NAauZLtM/kmDFdUjt2lEsUCr1iY4Km6hNs="}},"vz4gFlM7Gt8ufa78BtnwFrCu9DJYhe1dCZLNdlEU4J0=":{"valueMac":{"type":"Buffer","data":"DDdgUTNG1CfkCWX+8+r3ksM2FeY0zsbimJjzmSy8m5c="}},"wPe/+VBo3SnCoScKMR1OFkLbedKZnw+4gGV2essz2i4=":{"valueMac":{"type":"Buffer","data":"WpBVheskBfK/8E2lM9l5g6oUvwE5WB9XoRk7MHQQHDQ="}},"wZjBDlEbJNi3sSyLpPL1bBthZGI3jSuQqbzhoEI/NPo=":{"valueMac":{"type":"Buffer","data":"zcRN1CCj1JSvDMG4GQpELGw5jiThO+L+qg+n7vmlyfk="}},"wa116YVE8dNDQV2Sfqe8ZXATGtSWYm/gSmOiRMee5eE=":{"valueMac":{"type":"Buffer","data":"4doUzmXt9cFJIhSmJqMB2A6Jwc6+6EDmzdul7x8VBRo="}},"wdS3ASpiPg8OEiJqnwxDHXh5OvWXPbLhQ99Z1KxGnDw=":{"valueMac":{"type":"Buffer","data":"G3SbRuJjfWX9NWVnIIO+xemmjoIC9f0aRDJu2YXqYOw="}},"wehGn5DMgGmeybec0+JTgjPf4drupa9IBPNk2KqqQJk=":{"valueMac":{"type":"Buffer","data":"/CZrcecbTJJymeIjgSdkBpNAbK1DSHDq1TE7TMH73Hc="}},"wzLRyjggi+hCahxnx+LPdfX9qoW0n8Q4U8zt477zhA4=":{"valueMac":{"type":"Buffer","data":"Wh4lsh/7b+Y85YVMC+aK+ZFZ/PT5O2wVmkSnX4o6gLE="}},"xAlH2phDCJ5HFpTEyFZqm1sBLQrrWS1OUaTjomT4sxk=":{"valueMac":{"type":"Buffer","data":"IrF8LVa5vsBmjHs0OfBYHEXkpjpdrHZNZRWVCEPswbc="}},"xKLatG3/5uygIzC7CQmDm+KVsrRIphGkOf8fRDqhCM0=":{"valueMac":{"type":"Buffer","data":"9bByMSoV93HNopSU9RFIOISV0BgRQmWTJuIk78wC/uc="}},"xaw1sL4s89k3hd7PtMhTpHu4OzRuk6EmeV+21buxq08=":{"valueMac":{"type":"Buffer","data":"h+5Kptwoez7YCDRvBiwajd9ttjby3EEwGuIk2XoUVuE="}},"yYhOQ36+wthx/kyoW48aD42nZt+hMedXF1U25c6G554=":{"valueMac":{"type":"Buffer","data":"PI2G+XCsY3uRMVnHsLzfXIQyvThed5i7CqPYCwKW7iA="}},"ypY4bbudYHupHZJ0mCxwqu7cdZgM739r/QCoUuC78E8=":{"valueMac":{"type":"Buffer","data":"xqrwt+kkL66TPXbOXrN81zyLkl9PpR7pUqxY2yRFQd8="}},"yuwCi2sTlWcDOnuN09Pl0CpQDmzM33wl+406quup7HA=":{"valueMac":{"type":"Buffer","data":"7kANt63MIrVLfYsPLpLBI1YHakaHDclndc1C0kLzdFE="}},"y3DCEP+Yzl+M6xAVNjsMFyS0zfWElKw1AQH3vVObIDo=":{"valueMac":{"type":"Buffer","data":"Rvxo5dXNCbqgmta+cxljQY0aiq1yIexg6IZM0ysYabg="}},"y9dK6gboOkr44Mn5jvGKf17Zaz5d31VUkZD0INuQnSI=":{"valueMac":{"type":"Buffer","data":"mg95RrK6dZ1aXmYZHpQ7ayVH1IVs8P5Fx0eUEujyXpY="}},"zJfjbYV2S/EBRSV9kRFDotx7+E1rlfz/9Srl2IDLu74=":{"valueMac":{"type":"Buffer","data":"DKm9v53e2i72FyBCEhFByUcZ7u3gvIYpVDlxpvPZej0="}},"zUwPKDy4vo3f1//NzlpALmbJ55jbXe/VdNSCXU2MA/o=":{"valueMac":{"type":"Buffer","data":"70z4KAEu+PSVVtjRqZNELi/c58iOfS3KJnkxS7s3obU="}},"zfmezpt9QSGlduAHYCstbhmJDJKW7g2uI1gpPBmeW1w=":{"valueMac":{"type":"Buffer","data":"tSDC5unsgEbZZTj1e1BwPjSpAiVr5W8u8GPh/6okRfc="}},"zgO5S1r4x64MH7JXDMGvCAE1tDzlKdujsPeBos53c2A=":{"valueMac":{"type":"Buffer","data":"Ec9ofQBCGSD5aUeiUNdjfPoR+laZfMRsdf0HsH7mshQ="}},"z7HkvwFFi5BDLwEIQOl+CexwPCMGpwYTsdUexNAfi5A=":{"valueMac":{"type":"Buffer","data":"65vSHNqICAMZZO2LJ7kjhNTRxdr3H7msspJzOSktg8s="}},"0NKUEsjyRexBamRTQpCCcX5pcVuruXOJxtaXfvktRK8=":{"valueMac":{"type":"Buffer","data":"5u0Z49NaCBvWOTQJjkeVZSCKIxV37br5SgKsF370Ylo="}},"0i95Sz37cT3EzXBM0XeBe1UJ+zYftoNouNQnRTVDMRY=":{"valueMac":{"type":"Buffer","data":"40VHnwdHKyV24jTCI1Z+ebTIzvGFiZ7jPAc5OEpJWUA="}},"0zGoUv7XLoKfsUF+SelJ+ZbwoUTVdnTMPEY7lmAL9Ig=":{"valueMac":{"type":"Buffer","data":"i2fHHtXeCMMg5ekYF4ZCsPGlwcZ7t34g8s3J9/ZE4ng="}},"0/MClCi3S46xVr7ROgm6O+dJTG3Kn3+BKpIySe65Fd8=":{"valueMac":{"type":"Buffer","data":"+/aR7NZDNCEwN1/aFdCLdGFHujwYh8b79y330g1uhEM="}},"1OieaEbvY1hF1qgUfTK00plUKmwB5L8opity6H07rTY=":{"valueMac":{"type":"Buffer","data":"ZEhIAALzennRNQNJg8dqqRttlg691y55O1a+BJgARz0="}},"17PBAD34Slc+iqS2n8Bi2eKZs3J21ts/SJfRdcMx23g=":{"valueMac":{"type":"Buffer","data":"VBf4tIQL1WeDUSbzg2vn+jKHdCNEignpQm38QduLxeA="}},"2GxYcxEJ0MEWqCfBhs7HniP1VwvS3YZWN1COGV8NlNE=":{"valueMac":{"type":"Buffer","data":"rgLp7T7OjYzHruzoCkgVj9ImyATTSVz8AiFaeB/Fq/M="}},"2NxLyzLtSfPkdOxrtM7Tt2zbV9bZmfZGPb3IEvdL3r4=":{"valueMac":{"type":"Buffer","data":"TCemHKydPqOn5k3XHoq9tjEufGq/q6g6Y9lYYl5hC3g="}},"2PyX1SiwaIfRH7INzaAf1n6XcULeF5d4HTgbiKLFlPg=":{"valueMac":{"type":"Buffer","data":"s0qA9MST8bJFnxcGyYmXlSa6ZZMn0EQeuoIKpZqXkDs="}},"2X9lzCSh3PCMX8hpatl5ksl9b7LswOrgeJfGnNaofvA=":{"valueMac":{"type":"Buffer","data":"k/oiB86/468Cov2+YVP6hQuANzVQ31HSUQ+0qYD41o0="}},"2hQ7J0QJK4ZiBcZNwl7+S5yUdidRvUCy9cDpXuWPnrE=":{"valueMac":{"type":"Buffer","data":"BMbf12mj0J8vP59H+4eCKaT0OdkmyG/0LkkwmXU9mGI="}},"2xO8UfUkczvjwNhVM9ZdrgE2mADgyTO28x3cSwaitsE=":{"valueMac":{"type":"Buffer","data":"HSWDi7JsnFHLKuKYzyVdMV7vZhTNISGHOi8+Oay++cc="}},"3FlTyL+QgFkp3pJC93A8n9cEo4cJXQEIgXjm9GdlADY=":{"valueMac":{"type":"Buffer","data":"EZOWhdsYodk8KZ3JsCfO7jb+evaVPrcKlaLVyTVaIjg="}},"3N3DtVtfRMS6EVyWQcjZ0Z5mjSsyTqLb1HNLGC4TXsI=":{"valueMac":{"type":"Buffer","data":"lty0gCuO2vo64tMVE7bSKUrotmiqriigtlsk38Jy4Lk="}},"3QhqF6xapR3XmPalO4ChiySj8x1r+1SC3BZqklffRPg=":{"valueMac":{"type":"Buffer","data":"StmdCbkOQTAXlJ+kZsyUecCP8vbMsi9z9cmL/l+kivY="}},"3Qz3yUVFdERNj/Wob31vPFv3aedeny8mi00TkDURqWk=":{"valueMac":{"type":"Buffer","data":"RmcpZr50wk5K23AHLqT+IswSyosjPG63lZmH5VKXrJU="}},"3ScVhP+QB2itxONsb675QL/Viv7cAbcSBPp3nDJqwqE=":{"valueMac":{"type":"Buffer","data":"ToSRYp7bxQOiJejPJHuPJlUFUDuI8+uZvAcjL8os+2A="}},"3VFkJ1UmxEYO3g2eeZaAsImIicNqL+YJl3tT30k4sfE=":{"valueMac":{"type":"Buffer","data":"eoLz+2tmvq7BoKMudGrbrq5d3zG5eZ6o7IqRTf7J9ro="}},"3Z1ukRzdx7hz0RGBNyPmdTeK2ZnV3mtCunk6kYW3t0w=":{"valueMac":{"type":"Buffer","data":"7yu/ryFYCOGel7wTGkvhCB2MWU4WuJ5hNhL5pMeuYp8="}},"3syytrl+OjnKNhBHBN6bssrvajgiH+uYAmEBmz8uyUE=":{"valueMac":{"type":"Buffer","data":"YcLLg3A7FAN19kIuR7Wd5wvNQJ+IOLTBnDcPDeIovTE="}},"4CsCFeoVW0IcbfhE6r7W/DopQicfrFALcoRIzx3SRcY=":{"valueMac":{"type":"Buffer","data":"lPk7suji8qWGBGAJg8LdcPpwv5WjDYSrEBvTUMg7IiM="}},"4D4nvRwsd3DqpYMGSvedzT5tPyLp/uuso7BUklprWmI=":{"valueMac":{"type":"Buffer","data":"bQ/fdg7Od9B/OojbfLEykhbGAM4ZZLB7a95chpv36NI="}},"4MYR1yBQIQbi+kqgKLuuUpqE12GMQIfW2CA6pNt5mPs=":{"valueMac":{"type":"Buffer","data":"uKEnssseheYsz7zZJftxj5+xodw5ZY6FexQUYiTDYVU="}},"4bAdzSFSJXx7PFmqJiyfAUcE+/TMXg9xptO7cZzEqeg=":{"valueMac":{"type":"Buffer","data":"y6lmTvGpjp0q2P5XpDLuXMd+CSHJJAjGRZX55DJrXkg="}},"4eEgHJL71y7Wms7JLVz8R1YniYS9IhGaeSFAR0nIZxs=":{"valueMac":{"type":"Buffer","data":"JkLWJfAVaTVQSyLvAUdVJSi7EVKtjWs3IBYUKkItNcc="}},"4gZN52gVNEVRyv/xO3czMGkQ7YOHGhs15L3esOh//3Q=":{"valueMac":{"type":"Buffer","data":"d/vfXYErp5QDQSIP2cFCNqoyOJeo7GnC5Rp3hTuM0xo="}},"4gjWNJWxJJ7nc+Vz9juPY3wIgvZV9EGSZmuHGx3tlXs=":{"valueMac":{"type":"Buffer","data":"eTDQOoeJ6uL2tXGaEn1o/eylh9xpv6HUY/gponubQ3Q="}},"5LpL9SFleEqTqal1vQSazAALqNf4egimeM/kS8AKjiU=":{"valueMac":{"type":"Buffer","data":"UyIgZqo/v652ePBV0NXhzW1gllzdLjJOBNyWqQG5l10="}},"5cf8WVKdvSNI1pAkPEa31MlzKzQikOARS2WyQAxMPRI=":{"valueMac":{"type":"Buffer","data":"joHgGfdiTlFVnRXZC4g1e1Xuf3uqtUjRZ4sePKfJQAQ="}},"5nWgG8JUIdnwAH1Vc5JrT3JZfdtNp4cPGAvTLqUPVgs=":{"valueMac":{"type":"Buffer","data":"myXkcPe1UbfSVdtjzXytt/nljfrKeWrQV78Yvimj+GE="}},"5xu8vchVR3NI+JO1DW4tFVtXKTO0Jr0qmU0i88Z763Q=":{"valueMac":{"type":"Buffer","data":"J847jgRap+nAonxuJlUUPrMo4M+9ME5lXDZxELxFlKg="}},"55iyrW+wUFUBDuOAkRjdMhUqMlPgXGM6gCjt92IxSA4=":{"valueMac":{"type":"Buffer","data":"SGjIZD+tBlonLcOX4HrcudM7ROtonHyyJAvKNzjFqRU="}},"5+o5Q9947nkzdW9znWGc/H1qgcyGJ2iwr1v6iHZC2+w=":{"valueMac":{"type":"Buffer","data":"4Gtc3jvl1ZwDiq78X+9/xr6qZGwREseJZGCyH6OFwnU="}},"6Hk+4W6zcv75ik+tGddXgxAW48bEt12kVNOAzabDoIA=":{"valueMac":{"type":"Buffer","data":"2ykp3NOkJSlRt1WtCjNXwxkki73DDVUKq3UPMFUWT40="}},"6I1gMhO00+08U6QUUMp4L4ROxivmt4l6Fi9JWQyvfK0=":{"valueMac":{"type":"Buffer","data":"QZ29jRUhI/ojg5AfErGkG4yLt8fa3r2OalBqUq7k+jQ="}},"6Lm4J2gxzZYHlCmBWoAXuscF2PwxIDr7vdR5WkuW93c=":{"valueMac":{"type":"Buffer","data":"Sv7T7n1XeA3U2L1GGQfVYDHVD2A/UJvMD84kHE6BrrY="}},"6oH0SqtcElu3/gKGr+sH8Az5vkhJxPme7EnOo37psag=":{"valueMac":{"type":"Buffer","data":"QdAXIgvS80MNOEfCOCTx4ppdwDrfvPkHZoTyOrDcNkg="}},"68iJ5QskVxYP2J+TYaXMKfjpma0Nw6+Lh2R1ex6n05k=":{"valueMac":{"type":"Buffer","data":"TPtejyRNEXBjsY3kOSQwXzciAC0ky2XFzgR2d4Rt0hA="}},"7aQeTktnSVJ9ju4THXcHbKFaohHUiMDeWHkKiqE/1HU=":{"valueMac":{"type":"Buffer","data":"vLFyuYpiHFR+QYLxzUVDLAFg0ALqnW7FQzfu/K6rOKQ="}},"7mVCIKvnWRWldZHVQyp4TfLtrT42pvRby85vlYM6MaI=":{"valueMac":{"type":"Buffer","data":"VzNwzC4WJ9hlUnAQCF+X3jP1K3Rskt7hkgXPVImfZXk="}},"7mgeya305PKEcJpT10wGoDDrPAJhETAkUNOxo4wtoj4=":{"valueMac":{"type":"Buffer","data":"j+YPcjO9kto4Qr72RqQ9poMnfmIz/B9ncvPlLex1Z34="}},"7siM0eanB+nI5aJl0CArzD8+Hw/BE9OY57YJO5dWuyY=":{"valueMac":{"type":"Buffer","data":"f5TNewjZ4WU5TiKRKjxsQ6pcowuHJoaDY6oLWal2LQ4="}},"7vD6XdKISvo7/xQ3bXTuCFMkvyCE1Ewm6xpIrQL18qE=":{"valueMac":{"type":"Buffer","data":"x+VTqb2/zv8x3aphUoYJHHZ7T7zPIhUaEiepZSL6sxQ="}},"7yV/9ycIt0PE1fg3wdoe+tnAsEtzy9WZwXUVwtQOP4w=":{"valueMac":{"type":"Buffer","data":"6bYpL5MpUsyhVGiEkQi9fFDHZejEn/FGfmmMJNSJHUA="}},"70f/y1i7Tq+c0gmcxHN3L/LrBDCL1dwUxisKErr1hZI=":{"valueMac":{"type":"Buffer","data":"WHuCFJZSeKX/r7cZAXt7baBGCL8oaKzoKCTfm0InOuE="}},"79HW4UgjBfu8r6phTazZF1hqoFSq/29mMFA1TXktsPo=":{"valueMac":{"type":"Buffer","data":"F7tUCrMS0R0Foy/n2xFbqevm+omY22izEW7NlkZhbBE="}},"8AThqTAEFiG6gO1yZsaxXlpAnrVhiGBaRUANkevNggk=":{"valueMac":{"type":"Buffer","data":"oqxsGSKiF95HsHvsspTI3oujnGuX4KFvC4MzdAcvNe8="}},"8ntF8MyNVNkup3QCYfvQ1YmEhtI0kYXNRJMYl7QpwKA=":{"valueMac":{"type":"Buffer","data":"/R5TyK/YrHh3cCUFNlcnvEPyR0+7wl1QoTS48/2thmI="}},"8sVKU1vzn6lSKftp4UkjDM3RfTIhHj9gI8ygUi7qaSE=":{"valueMac":{"type":"Buffer","data":"3o/M6XPwzr1ueLrVsZLhqyr5FR5jZQfKdwNQnew8Dgc="}},"8y6CRlG6Bioyt/ly3wHqWdre7EpMYXmRXyYgc8mopgs=":{"valueMac":{"type":"Buffer","data":"Zmoh4PPwzpLgvdDIJStQbI77JinEmoBrVEqvNRmE3hY="}},"83qbN/eHc9Up63w1WBJATKGa1p7g2a658kEwj6QHi50=":{"valueMac":{"type":"Buffer","data":"E4PVoZloV/so9c83alG8WmNoF1V4yHcfJ2FvX4yH7jE="}},"85MgGEwZXnMxLVH+oKkO823rRa0U3G6mR+G1H8mXHjg=":{"valueMac":{"type":"Buffer","data":"EEWSUkkBH46K08EJqC8UGCYVMqkaV+Am6MO9OAWWDSQ="}},"9D4K1AVnrYztP0xRo135UqDdPBVDKnYoDszxCHqZQoE=":{"valueMac":{"type":"Buffer","data":"TVoCmu6cXHqDB+7oQTx2PiTHg2UGhB2ZkXmcnRwTorg="}},"9SgQdzUfXeMEgmXcjUkHWstqu0/7I6BGDdl9Yd3ZbWk=":{"valueMac":{"type":"Buffer","data":"oNfjI8ji14pTsLEpUAMHvib8vq3MUS02D9B3gsigMpQ="}},"9ZI9kW9E8GWQuiKjIogPnW8r9YZOYJQmKJVKus0ojuw=":{"valueMac":{"type":"Buffer","data":"tBG5lMgRoMy0bafFSFOPbYjMHZpEqRcz/xwqEWDZhs8="}},"9fdN4N8dkBPqPLjv2uPbsg8tICOnn0NDSTiBuIOyThk=":{"valueMac":{"type":"Buffer","data":"8E3p/hjBqwG0dNluut2bqqGhDNbhtGcA5420YCnNik8="}},"9jwmCrI8KOR6QRxgAuh6cQrtBHz69rfdgjpSW3SkO40=":{"valueMac":{"type":"Buffer","data":"36uy4iZ5wFBzE92qMyqkrNDOrWSRtA31XvIm+t7rCNk="}},"9wyYZePLNIAcn5GuhaQZkmAMobo+BEADTt5BjeIc3mk=":{"valueMac":{"type":"Buffer","data":"Q2+sRzSsBnZ/6sS9ulrMwGz4KUPHRSR0btIrgwBIAKI="}},"96lfoZjjkncQqYCloLReTFoEfbsqgB1JaoAcx49/s3k=":{"valueMac":{"type":"Buffer","data":"1wFnEYz1B4swOODux0BG0bT1bb/gn0Md/T5MjQnkS+g="}},"+BBoXLt2WuQ3jHt+9Z4w/Nv4+yFBN5bkPCClt569Ktg=":{"valueMac":{"type":"Buffer","data":"yTXmLTmXd7OZfNi9cuyIzbacVTCIg4T0GyCSyck1Cl0="}},"+LTQsqSGKs2M7URSXjeAkZHIhxsTkktg4Bxxg3Ytzqo=":{"valueMac":{"type":"Buffer","data":"JJ/qihSKPQPTxyrj/2Kst3F++q0fIjguSB6n4OQxPf0="}},"+L6GILdTXPw1M/DW5xKQkZE0K/jV6kMBSVV+n2xhDw4=":{"valueMac":{"type":"Buffer","data":"iT21z0XiBCoFl4efTr75Wgq+SpG/xiDzVDZkw7YfozQ="}},"+OeDD1qQmdxYAoMqayOUsVnX18GeYC6uUOvQyy5fniE=":{"valueMac":{"type":"Buffer","data":"1uGSCGD2bPgj0bGpHhSo1gDlXBhKMMzVJHppWgAKLL4="}},"+hz4v7vEP0FWCa5ZWMJaVWdRInWRBl4ohjblMSHDw3E=":{"valueMac":{"type":"Buffer","data":"HKl2xMEAx9BOdNH9qpKyUiBA3ACcGmgmyPhH1qAlzaM="}},"+j/AqjkHzyTCaeJ9OpECiHBVPUEzmqqbDt/ynct/QHY=":{"valueMac":{"type":"Buffer","data":"FJ0YjLIPI8NPGE03Oz++gF4dM9Y97+WP70cHVZJDk44="}},"+qMlLz2Tqe+4+UK3UcLlsi4caAAKJPd11T5/j6i/Huo=":{"valueMac":{"type":"Buffer","data":"YTs5Y/ZwimX9jgJwsysnTOOdbjG0v0Jbgs369PP2nKY="}},"+tY+HRYwvA6jYk7iPcVDYax+1uPoy15c6DtHVobGbF4=":{"valueMac":{"type":"Buffer","data":"0YYASdChhtIpspZ2qSKhTNPOJ86dLDGxM4la2t9ci9g="}},"+vLKNU8HdxMCeqRkfMbIwROlBgLjPDfVgG47YiR8gqI=":{"valueMac":{"type":"Buffer","data":"gm9aPCLp88nQiqMYCgOFtHxTGLGbb60NIKo5dQ8N5hI="}},"/V3D55be4K5eOPQOJX9XQ5X+u3mSM8XnsQBFCPbd4ak=":{"valueMac":{"type":"Buffer","data":"qR3HrPZkG9hAhiOK8wly28vx0ImmoJoo4whnLr6b5T8="}},"/aLJvGmtnl5KiSO5xPMuO/AQHEV4RspL9EeHc9ZPxRE=":{"valueMac":{"type":"Buffer","data":"PN9oidOWFg6KEQpF8BW9Ou39IpiT/F9F0Dzx6Pbbh2o="}},"/lv4IHmufR/vbfBC6XNe0IS18rIcB7b6JAqsCbB2OYM=":{"valueMac":{"type":"Buffer","data":"SVuohzZADYbw/AxcLTwx2ZIehaj56Mke+NHAfuoXznQ="}},"/uJ3hdLRQiL4illFl297MD5wdGCtCMgN3PCqdeNicCw=":{"valueMac":{"type":"Buffer","data":"Tt8l85mRCFV9OA9PQBzQVig9mtz2W0NB3sdldvcO3W8="}},"/vcXtfrawnjMZKmD9fkzMLjuHpnuwVJvlM/5kUMksnU=":{"valueMac":{"type":"Buffer","data":"9W0z32e8O0jmRmxB2tGDgYmAEEyAPX/DEGf7OoL9woE="}},"/xEema547B7vxJh5tYuU0QKvZBCTks4lNX6JsquXS4E=":{"valueMac":{"type":"Buffer","data":"TxUqt2wIbdIvVRRtqpObumQUkZG3PLSRJTaIE16Xflg="}},"/00K+eJKz2yt9gjdGUyMixuYOs/JlLACAfRAqv3QOxY=":{"valueMac":{"type":"Buffer","data":"70jWTWzEXYzSChMZ2mxGR/+lGqS6Qd4xnoG60lrnrBA="}}}}