{"version":184,"hash":{"type":"Buffer","data":"HLYs2ILzuRt9niAYKRXhLugC1B3Hq+SP6k8FCKCe6HWZP+DurDOZ4IwzQ7gXhvpKp6s/+aq9C5q6EVqyD2/zwIdumLW4dC4UFYf1RQCTXgnczahqAjDFCmhxU3Yy3R1reAaRRwUaAfpweeGPKRNZxws18UODcbCjnlEX9q/Tl7o="},"indexValueMap":{"AIoSLPuDRCRbmAfveIasKNFFMEwcHAKK8eC2+laooyA=":{"valueMac":{"type":"Buffer","data":"Hn1n/Fbjw4GnHrOBu4KrBGd3Z2D7IQYbOk+gXRwCbrA="}},"AVu3LoetSnxKIwvagOGYv0uHAj6DayUbVsLT71SFIkw=":{"valueMac":{"type":"Buffer","data":"nkIAsFMFtXEEMKo9jf2OGG4y1e7tqwrK21/kh4yw7Zc="}},"AutOYzR/7CpeO1Yhpr/ltLUNESja4ap4ggZsAZ9WqQo=":{"valueMac":{"type":"Buffer","data":"JpADwTV9VOxdwcWkNk7t5hv8N3V0Tefh7GxRH2KMVX8="}},"Bcdt3ZgcTHhBtGTRyjaCEQyMa1+hJCzHs8FQ7ASa82o=":{"valueMac":{"type":"Buffer","data":"ZrTYp7SRdu1nqxotBbc22pTfnUe969ZJWhoFEDWEdjU="}},"Bg0IADzMoeL/gowzQuIbqNxyl6wVWW8qCYRA0CRKGhA=":{"valueMac":{"type":"Buffer","data":"w2kwQxULFofjgKYShVUoH80so37DTnj2XtYBQKjyPUM="}},"Bhehlkd6NL6rszbS3xZwZ588OZ2zewM00e509aAbOSU=":{"valueMac":{"type":"Buffer","data":"DM4P2ZYn3FR53tz3ZhM0+Yc8YT8W+ZuE7as+Czb7KvA="}},"BnE9N13PvIPW8rQmPhJf5wfyVIAowBcdPtyQZCtciZg=":{"valueMac":{"type":"Buffer","data":"lkIgpaJ9BbNjo0otNOoSawTsbmP5cTA+s1wUcExpkqo="}},"Bn1SNPUAN0i25Gn9dqoqgZfDXhGnN/F+G2NBiljuYLQ=":{"valueMac":{"type":"Buffer","data":"AKh3UMJHHObK2GJfuhT3taOPUEZFkoVPSG3sbAjT1Qg="}},"ByyjJUXQr+RkfPvxKT3U067mt61eFxXvJOjtXgZSO9o=":{"valueMac":{"type":"Buffer","data":"9PNmgmJp4hwE0r6mki/lXCz1ECGcfHBa2uNQDE2VXQI="}},"B4nTQgPHxPyJ1rW00sl1OEx6AQGh2HXswgskZmZ6dP4=":{"valueMac":{"type":"Buffer","data":"51ECzJLcLg8pP/K5qQqusCXdQ6TzogJkbjQrZxK/xUc="}},"B5eyyby4Bv+aPWnwEbeDBo2RHqJnPy5HO6IsMsOvMIA=":{"valueMac":{"type":"Buffer","data":"PCRKMOWzGkKY2MrQlVwtYPwPRNw/RIjBnRjRak+iMf4="}},"CHI2Ii4bqqEFVARNb7c265L7EfeU8c94nW13jZjoXrA=":{"valueMac":{"type":"Buffer","data":"7T26/VFIxkGfLv7d0zQvEFNSubNt2uWqJL6omlsP1/U="}},"CeSImOCKtO59Or+1GD0fAvu/2dM+PqusQ6SlCZ35wF8=":{"valueMac":{"type":"Buffer","data":"RiAIehsd1/s8gOi+bJxkQIfpFsLBUId7UVZD3U+yLjY="}},"C265ZXxGgRFQ08puAN30LgNt6QEhtmkNAAPoO0or2xo=":{"valueMac":{"type":"Buffer","data":"JJxi/2viv5qZ6QwRtfNZF8oTZhlutGjoxgFi4qECS1k="}},"DBgSX6RT9blYloqMACne/HAf1jLZHjvaIjL0fMyxx8E=":{"valueMac":{"type":"Buffer","data":"0R8oIKB6FtdKp/TvpIAQuF+DF1j44px7Nl0S4cpeVMU="}},"DFNPR8Qlmg7g5RZWfDgrfE0w4xzyQj9q8gS2xKbDNok=":{"valueMac":{"type":"Buffer","data":"pJ0AjcXkqWutdUcSNcNX8NwJ4/TMpdHFzRnZzzeQ6aY="}},"DOP5BrUFlmS3SEG/Hl8V8M6m3SM6A126ysn1VKOGD00=":{"valueMac":{"type":"Buffer","data":"FxMaufjLR3VdHaj/mzoQ2knx7xIJZuLI5kgQmpYZRQg="}},"DZCcZ4HuyuF9dS5vxZRZ4gYPB/xhluC1lpr3qisAsRk=":{"valueMac":{"type":"Buffer","data":"ZQN2zvH42sSArkskpidokhaWv9oOiiJ7oKHzCFFuZ50="}},"DaMQIG771Jh5XPIyqmRwZLrM78C+VgoGKuxTM6Q4FKY=":{"valueMac":{"type":"Buffer","data":"POH4cdsBWwrIRsVy31jrl2uysBihT+pG6opEs+wd7lc="}},"DbCvzNug4Ir5+gUDghpgZBWpehd5qKv5a3XZZEE75b4=":{"valueMac":{"type":"Buffer","data":"FHcermVxU+G7SS7PAJY9Rh2KiggTn6OqLMInXvA/CXs="}},"DeBCucYhOhVC1T9qapHqFxlQhZsrZBUWE2QQRcYalbY=":{"valueMac":{"type":"Buffer","data":"wIV0JzpTsbWfHzgHo5xcHzMYrRGYFzkAhSYuYmlsIao="}},"DeI6V+Mbab9Su4C5XIrxNaLozgc0UKbHD0kCnc3fQNw=":{"valueMac":{"type":"Buffer","data":"HMcHLkDny9ZU+ONitMEH7FDPjIAlT3Rd73sRvuRKJD8="}},"Dju9+xsHviO8F8S0ZgajqPNeQV0VNKYGhlaCd9VeCD4=":{"valueMac":{"type":"Buffer","data":"ZltVsh9pN/Ug5ZmF6XMQ2NdY1thmD00Wjkn1EFyNJYM="}},"DkUGE2pWJ2uGOfJffNJdBXlOAxMeyOYoTORw9QZnqyw=":{"valueMac":{"type":"Buffer","data":"lshSUq8exrp1SZFBIcUIRJk9GDM71rEjA62JWR05BcQ="}},"DkaVz/fsgMBUel8omhbWED58feq3JUMwcr3AJfxljsQ=":{"valueMac":{"type":"Buffer","data":"gTSCcqDm9CKfjclUSqUdvGZ0iQKMmRNkO+C4bRWSTKE="}},"DnPW28B5lSeXli5WXuJBCiYo2lRWeFI+2koXmDB+c04=":{"valueMac":{"type":"Buffer","data":"Uc1cmQAdEStDbAQpeq/3+6Y+eB6WKuWQDcJUMMcAsdg="}},"Do0HcOMNCQHBT/cv/azWyCc39ICg88qI+mUYJ3jUork=":{"valueMac":{"type":"Buffer","data":"+KJxO32VbKSdNo1OWoxFitqu09yqpY0dnOxKrO4y6Cs="}},"D0y+WCm90z+ZM6ImjJSu4mX2ckFJ/mUWE0s2lQoOleM=":{"valueMac":{"type":"Buffer","data":"SmRVszsNkwrj5B0I350L7LP54nb+NlpigmKLprb8RbI="}},"EF3QrZqVJxgg5SjGch5WX4u/9K1ajOalNBQxFHeTVrA=":{"valueMac":{"type":"Buffer","data":"inzsL3FDHjwO4+jVNIvxL2m+OWlxuYn2NboMVLsgsaA="}},"EUgRZiCPRtPAX9KOBekLKTHvx6IP8o/zacnJarT8DHo=":{"valueMac":{"type":"Buffer","data":"LamC4BWcwnPJUinpFfJA9QYndN4xpBPC2zmFo/CueXk="}},"EX2IoqtINr8/fCtmM6ViPPdf578v8G3lghsAk+mj1Ls=":{"valueMac":{"type":"Buffer","data":"iTxbiQX+I/ux2/+98K7sM0GKlQDjTjpCE+x/DG2S/iI="}},"Eg13OnD9mibK9IqfeU5yI/6FF3GOwxISXvsP1LJ7nno=":{"valueMac":{"type":"Buffer","data":"Hz3alDIYg5nb4j1IlApgeVrz155yVrfngp3WcyXPpsM="}},"EoCq1iSn4GZp/XIgJgILOLgEyDTw1q7v7bUy9SumVLo=":{"valueMac":{"type":"Buffer","data":"B7nclGpOZOMOtmw+CN+9p/dk7B5FRu4sBbjiaM52XTc="}},"FnUFGVMYSPi6crm42XaBBE0IHCo7QIwXDlvTMCWcouQ=":{"valueMac":{"type":"Buffer","data":"mWEyU4FXuk1JiGn5LDDAp8REL7svrFjXYawdHNnA3Hs="}},"F5OPRNfOi127Ik0NigDTY3/NmslhHFroAGOmJYfISZ4=":{"valueMac":{"type":"Buffer","data":"01Gk+M/OlnoU8pdCEf00/Rhw7W+usWvBTpbtD0XQzyE="}},"F//PXFIllcQBbwr1RRLD4TQWGpvaYtfiwdRYfrOP4Sw=":{"valueMac":{"type":"Buffer","data":"2Jm1zmG8APboP8EeS9Pe1EVj/1xE7AB84A3L5KmAlvw="}},"GJ3IBbPr+K+3sH/UXatSRMjO1rYXiUU9ca+aSfsPcb0=":{"valueMac":{"type":"Buffer","data":"EMF6V4SCtxK6nIDxFM7P1gtG4Gs5aIP8ieXfkS+/Dpg="}},"GgKx6mHm1h0P6r+K/OoWxkPaT2S2rLY8NnfPRnquPwE=":{"valueMac":{"type":"Buffer","data":"tAb8SdbAlRIDB5JTF8U85ATRWLV15pwzAlSvgTnJz9s="}},"GyPx0scwoFM67TbmnOCDeaRcyzc2b76Hh9MPcqKRUjw=":{"valueMac":{"type":"Buffer","data":"QQP3uwDuReEiUv8bpQIlQS99g7W5giJ754nMwk2pV30="}},"HK6XFSDadUb6t67NKFLy3b/xNlCsUUXTfrPUtyiQbcg=":{"valueMac":{"type":"Buffer","data":"c+kPnZqziPVbt2bE3BnQhrcV/j+pOIz8NvMttfkI0WU="}},"HSEny12Hj5eXxs2h+n4f0sQhrDO/ekMl8P8bVKXl2lY=":{"valueMac":{"type":"Buffer","data":"zqDwzfhIuo6wO0esm/IRFPSKVrMRadkVGKz5NNSIw6w="}},"HVqjR8PTYUkx6fOB6pJ9cMov0DrTLY8m7ZjaKKDoAQ0=":{"valueMac":{"type":"Buffer","data":"qWmv0ye4EP4GfoWMa++tiMbMj4GZ9hrV/MR6df//mWk="}},"HbPZb4SruSMfX3GZUxwg5D3+TPR6zwyuHnvnayUeslo=":{"valueMac":{"type":"Buffer","data":"qLyvJpRV/lpVBU3Ijz4M0uDpP+eHAp6BzOf0/tGu3ls="}},"HiEPBvBxEapN8kNx5ts2+qWsQgzm9RRjKi7gyA4zi4g=":{"valueMac":{"type":"Buffer","data":"FeAhKJY4hs3Dp97bVJyKHlsjdkYo5AjWz7L+ymZsVG8="}},"Hp3SSCiByxF5txlPYWkJ7J6sOtbHqJ7lXiJMXmD9y/M=":{"valueMac":{"type":"Buffer","data":"mYXp3Vv3OkpCEteJeEw+10iGBZWN/0S0CBD1vpzuTqw="}},"H+P/oLmQs2BCLPs7E0SnpR+xGRthW2caW1isjpCYyno=":{"valueMac":{"type":"Buffer","data":"tWxkqhew5qRv5p+E8MRTGAyKj0e+5KWtLTR6TUFOdQs="}},"IQ+auXiAJK9APO7E+n8RDJCXwnKYNmU3zWnuWBQ4Xtc=":{"valueMac":{"type":"Buffer","data":"IsA5N+MVROpcUoGDb/fqtD452QAtJZzKFuE9RSlqE6I="}},"JHcNEHeZvl9/wu9g6udNOlvnxd5A2drXELcB5NNN40Q=":{"valueMac":{"type":"Buffer","data":"GrvVHVrCQNitEs6cW/fJqtB/F+JobnbsGQ1smWj6Z5g="}},"Jneo0Cv+dfs/Po5eJ/h37Z6IfNlfuJ+o51vW8ugqDYA=":{"valueMac":{"type":"Buffer","data":"gzZFOeuz1fQ/JnbSEskCTL1wYoiomQnNxhuSVeo7x40="}},"JtlF9UF5RX4DOS562yjF8JDZTw7C1OO0yLFSzm6odVs=":{"valueMac":{"type":"Buffer","data":"xLEznWll6Bu6OlJYlxU/P6TMsx6csBSYbhrQkth73Pw="}},"J6vHTtfGP62EwDY9/8egFoguhkTvq1o1SqQOXs+xBcU=":{"valueMac":{"type":"Buffer","data":"hNhtAlGLDon6LTQ1dY+SdFk8MrSk0Q+p9RF4SpAls2Y="}},"KAcjw4uHJGOq63uvJYECzuesWYI9bA0Gx7mtTxd8yNs=":{"valueMac":{"type":"Buffer","data":"CUMcEfEt9p5I4k/hfcudufySNc6LKJgnjLBCOJor1jM="}},"KbyUMZdRb6944u0QHYYcPu668MoV0cYgbsvch/SqOZo=":{"valueMac":{"type":"Buffer","data":"V6h1BTP2ZOsXr895p49WtK6X7eW67jYD+o018UhMg4o="}},"KfHKHUknOkZBtA3bUStesVpAaW17HAgEOmP+wlTWPf0=":{"valueMac":{"type":"Buffer","data":"Qkie6j4UC+X0hiHtrCvNqGGgN14P7Q0qAV5WwIh9yKA="}},"KsxfG6G4xxEdJtOKglSfOguEtR3ruN3chTnXcdy3GDI=":{"valueMac":{"type":"Buffer","data":"558qVeIZnXEmKUQUqd7gyYsSBIqrzIqUKRfyGIEAquc="}},"LAqTuPtl2pQefTlY6ZQdPbBS0b0MMl5wEcNgdn/2Q6U=":{"valueMac":{"type":"Buffer","data":"nZ2CsEK9KUfwX1B0HP2XQwEopJQDErLPW9iBxNmHeU8="}},"LSrWXp5clIBOsfOjY/DOM6f3rERGa/o004y6YYHxF3Q=":{"valueMac":{"type":"Buffer","data":"povfFQ0J1v5/52JDgvmfpF+TW6Dq5uUmKqAeKGFfRFA="}},"LgGhMSZTPE/SmbVgzHp47km+e6czcpnGGN/3VgVKMok=":{"valueMac":{"type":"Buffer","data":"jq28/YcOZ9Zi2B5mSLE/wh6aaQydvPaFGkNdvX/asDA="}},"LviyBymExfzq+jgyrlekPuC4EN3vp8A8GSOG5Br1C9Y=":{"valueMac":{"type":"Buffer","data":"QFO8XJhAt9FxxoTGxXtzPJ3G/JQn9XfDT1/gD77sGtw="}},"L2xuFgu+azEK8yIM73rwvHoMVMzEGtrtTJLceRNmpfA=":{"valueMac":{"type":"Buffer","data":"gzIxdt7owTjUYv61bC4VFUJaLhL76VJXvvkXpXrPLRo="}},"L5nD6EYo5K7WXptJ9A70XMUGSV505LMX7wdTHZCtNY4=":{"valueMac":{"type":"Buffer","data":"OT+9woLFDTjDTTkRD8tueDTdnDq8T4lc7bZSQa7rmww="}},"MwZKYwGS/cgvFOwQejIIHcRktSN/C/mqbEx21Uvptfs=":{"valueMac":{"type":"Buffer","data":"v/ZPeE4Qsu5WoRApg480j4r5UthYPv5qd6fkBWgVFbY="}},"NFMsM2Zo1i3nZ9HzCRFQrop16xsO2OXlkge1qKr6p4c=":{"valueMac":{"type":"Buffer","data":"Rb4z5e63lIGlQ+MQKUT0MbDajeFDKuhoOkklZM1gYcs="}},"NTFIl9YqmHIFLJ1Ev67s2ZcZpSzxMyaPHsd1Untgnw4=":{"valueMac":{"type":"Buffer","data":"Y6AGo4PjIy70ccL+ioWZqqz3peRGdV96V4Q79PhU2bM="}},"NseXzD0KEewyFzfEGr+zTow4XBlQ2cV1g3nPHf4jru8=":{"valueMac":{"type":"Buffer","data":"UW/og5xazYDdphN9csV8TmUFMbyLYK79Mf9Bym/DeLc="}},"NuAdpWKY3JApAgkncasDRZGJvOaNu5kMduz3oeQHyq4=":{"valueMac":{"type":"Buffer","data":"bHaDCSChtWysdvpS6SbXVHGGsQeNqFZVHyAa/EVmAx0="}},"N0vpepppDhabkqL64R5NOr0EwutyLuvydCoOy+VqTM0=":{"valueMac":{"type":"Buffer","data":"fZ7hHGMNGCer3P989vdoluWjEx6M4QCDcgG28fAOhOs="}},"OA5MqDn+ZdD7FeXz5ZsWS6pLV9/g+nWsor8LX7uiaOQ=":{"valueMac":{"type":"Buffer","data":"TjJgzwPZGmTYN3sKlhy27JZDCQJiHJlPZc/RKs/26us="}},"OXzhmwislk5Qyt1HngNLx/qzkjevDjZktn0wIz0R2/4=":{"valueMac":{"type":"Buffer","data":"+1l5SF3vahILtnTRYkxuokOBTr8hVJvm4heEMF/g1t0="}},"OxO5C5i9+4LJrKOr1Cq21l5P9iwcwFoPRkF+g9gDYZM=":{"valueMac":{"type":"Buffer","data":"dkzpH0FJStrc+asATjA68s3i/cnuHC33qGFpbqviP8Y="}},"P+JCq9SFMfVzlBrhTQZvoGKxWSMTjgagASyFlPaNrLg=":{"valueMac":{"type":"Buffer","data":"h3n7H1K1UFDLvT4rtgboycCEIe28NveG4P04//ViYSA="}},"QFPG7UlFj314hu5Bt2dLgPjMGaWQGXze97T+ZdA90u8=":{"valueMac":{"type":"Buffer","data":"Ola+sO+r6KWve0zprdczPfqAD6Rxv/tjmxfRub7LgCY="}},"QMhqXvpiLEsJyCurmMBM8WOXT1EQNqsjjo8HJLl/YIk=":{"valueMac":{"type":"Buffer","data":"XmFh5o+0iAKiGKQ3fT2YKEvO9pAOnpKOb5hiHPdizRM="}},"QgqZiZYXNo+QLbaoIte/xVr5ScMkC/BWxhTEi+Db1+8=":{"valueMac":{"type":"Buffer","data":"7Al5ui7rbZnXzaP+6T1TBzKODY4Vo7jUGn1/x/H6Lmg="}},"RdZi0WYsTjfWoAlP9xLNhgZF6Fz3ocZCH8VzTf0L/OA=":{"valueMac":{"type":"Buffer","data":"MqamnbpTk2/PdyU8JBZFaUJ9cJsPSy61HOu57x5Wp78="}},"RqB1+6y7uSWp89bS8ggrSeNaRjrz4pFdTcazGFy1FmQ=":{"valueMac":{"type":"Buffer","data":"4OboEfMEx3+FrGiNFhOwrFVubWhtDXzQvqUdS36IEng="}},"R3BEBAXbEkMR5DbnJepSjvMkJnRHpLJLROx6ik4q4SM=":{"valueMac":{"type":"Buffer","data":"S7HKZFrIITL0c9wsTZu2HNXk20aWgMXFHPFs1DYH0Uk="}},"SM5fidjxMmiLGz4+Dvr3JS1z9c7vl0y7C20/afb8DT8=":{"valueMac":{"type":"Buffer","data":"WBpjGHkwQez7cP0WQ0z0ZZGt8yZ2iYTwl62mCx3T4bE="}},"STYMzPOnPNg2sWpk6/CHSK/DI9KKDEgRtVeX5ujyPHw=":{"valueMac":{"type":"Buffer","data":"US5iy4WyKrzfktpkLfVpqZ6J4V8lbwKAY4uxSvNu3F8="}},"Sdn056IpS8DFgB7RnnqDoHCvWCjwoGd7kljJ33yFU1w=":{"valueMac":{"type":"Buffer","data":"bJZIM/b6X5Hhodn49hisLh8trVLRkYk4B0XK4Srgxw8="}},"SiBwNAWKFjHMPu6YDSjK4dADmSgHZdikDddgJnTJfR0=":{"valueMac":{"type":"Buffer","data":"6B0+mRUCI3hC5bfBAoUUOTmqeMw5jpZQOik66LvuMmQ="}},"Slekt4xE8Cht1L2Se1kALJK//C1Ow/7UWUMt48iQWKg=":{"valueMac":{"type":"Buffer","data":"SH+b1zRN8VFpv6WeQM+Q4rT8uvSzW5nDEDiBEynR334="}},"SwZJyz6u31C4JRcsBsLe0uVqxS/nb9curmnIhYnOGDY=":{"valueMac":{"type":"Buffer","data":"yl793WZ5oizvyVOMan111EVaIfODdgOwYoSX7JlVvwM="}},"TKgf80xkLlgS1DBtpfxY7bA3YqxNmO6iGthPUlTyoa8=":{"valueMac":{"type":"Buffer","data":"sXLK8TguPj84UJdLL3icuM1hWW3cGo95BtGFQ3Jru1Q="}},"Tb3DUfPYyeCFV2bi/eAq3Nly3J6THFJ4o21J/1NuvlM=":{"valueMac":{"type":"Buffer","data":"g6JOrX1NOeSI+j2EqPQ2pLOr44h81TN9ATtqzusHguk="}},"Tnn1nUbtRiZEIDD5dYqsQYCjIAZKDLV60ldDtv4UTdc=":{"valueMac":{"type":"Buffer","data":"czGsd2AKWB4cPEb5AyW27yEE1Wso50MPRUAnmF7K3oU="}},"TzvdhGdllFEygbt2lXw6+PfMWjauQkg5JCXxCrDIxRs=":{"valueMac":{"type":"Buffer","data":"KnACBBQBkL3oEscqAXoNKGFlouAZF4awkig2bie99Hs="}},"UgCgy5Oh9pJdS7YDdUZGTvv7Moj6gqwYHKqFVDL+kdk=":{"valueMac":{"type":"Buffer","data":"s3hUe3AFFWDqJ3cjqxeBxSAwOzUlvcKLENq/3Zr8jpU="}},"UoxgZkObXL5g/QgPXSE8VE+7FpyBjEkYU3K1fGQkQEU=":{"valueMac":{"type":"Buffer","data":"yP07muvQibxPoDL4aPzFRDN0AAAHSSrjYs94dTvecMg="}},"Uva04ribxKuQWoRlYzutHPONLTkDE+Q31/xvdcpcVrE=":{"valueMac":{"type":"Buffer","data":"Ts0YGAaDA5vjwxL7TTm6QLplzc8quYCXgNKv4og8uHU="}},"UwawbkczNHb+DU6uuuCL1QFZADzA1INpUgrhDajsclY=":{"valueMac":{"type":"Buffer","data":"kd07Ih0aqSUy1yS/kz4viPNyotxITTDtS/aUqRUuwJY="}},"VNMLxgNo30gy3Ao6hgW/FYkC04kk8jGTjKL0zjayH40=":{"valueMac":{"type":"Buffer","data":"N+7LpBzJuFga+0o9Ka2tzmEknWcf3aXm6ENy9VzW8wI="}},"VOtd7AglEG1syp1U6jw2++JHgILC2cIKSdDYpuABqg8=":{"valueMac":{"type":"Buffer","data":"E2uTfdDyQokQKJx470TPzGyJ1yrqw7P5ebq7Z82gFac="}},"VS/y9IGyBOEnreJahxD/e3IusvSkVZi79f9vgtCGmL0=":{"valueMac":{"type":"Buffer","data":"DEPgRsbEOiWBZvrg+wIx5mXq6KKZI2DjtYLAcdJ8EM8="}},"VTMbVa+DRq+sc3RFudElq9QYyJUX+5IFhgs6ygGi+2U=":{"valueMac":{"type":"Buffer","data":"AXfoobBAj7dzuSWxTK0BYwJ9vw+B+wGeHBdAS5m7wWo="}},"VURk01jNPCrcWwxW4gk8Hleq7QLWdAWNBCL7LZBFdhs=":{"valueMac":{"type":"Buffer","data":"UheQYKU9XDAW40DJZpfLHujOhX+MUMaucnfVaENYRbQ="}},"V4FJ9ot0giNuFcrTNEaEdI7ZwaO+WZvqF4KoRxpO54o=":{"valueMac":{"type":"Buffer","data":"jFKqgcJKVvXaWIrlljsashudOJW5nTtjBgAJPxxTMbw="}},"WCUEDt+MV5M7TgYdkqTJG8YLEQsIFo1EirLAlc0EMRs=":{"valueMac":{"type":"Buffer","data":"6CNExKBRFRKvIakOLy/IHaN1N5lmjRuKsF8aM9CMjxo="}},"WrsYdmqeMWEA7Vs5BSoJXBfr/487RoyFlTmGqosJuP4=":{"valueMac":{"type":"Buffer","data":"th/dhJ3qVEgR/Ojwoikt4sptEzKJsLY2X1MfRMj3gRs="}},"WxGSdXszVvTjdkCvV5hjYmPbb0u5EQxs4iMoa3AzCoQ=":{"valueMac":{"type":"Buffer","data":"VdQ/YJFZEL9QZEU3qEFw9jxrVKuACOnpZ5eudorOtQA="}},"W8Fgwr4ADjdEovq1I3sf1kEc2stw03cXInq+ESk1gpA=":{"valueMac":{"type":"Buffer","data":"yuq/l7VvBElal2DKsTOrjTb65Mn4Cv/LHD7JZn0nnBk="}},"W/Ss43i2mDn2uYKo2DlH7kRi7xgn8MrsXx4Qia7KM7o=":{"valueMac":{"type":"Buffer","data":"he+1FlqpPZOmmHfHpkdNkutQQKsFX/yuYi7p4JbnJBA="}},"XyhG564CFHNLb0xjx4+kuXwwTjHtUR8sdlvgvxK0J5A=":{"valueMac":{"type":"Buffer","data":"4Q4hH0n/K6l/PbLUmKbmvSdS9Jv6ns2AupHd1QTwiY0="}},"X59Xa/IcBu10I8zEsIf05WDGruSjMdFYjr9qqJZ8gdY=":{"valueMac":{"type":"Buffer","data":"17rgtcaN28e9j1auSRq895udrtNoHePxFkZGGX1DVfs="}},"YCNNLG6IiiLwEyAK2H5zxAsN89cpcQnBw+8TE96vHhY=":{"valueMac":{"type":"Buffer","data":"NmhU72Ji+Ys+Ab3aQWYeHp8l0PmI/h8wvGDCQXgQHb8="}},"YQxRNkwakmB3lPbMRAH+7u1dcuSdqWJOfScMsu8Egos=":{"valueMac":{"type":"Buffer","data":"7g2m3YrNE952+i7Twvave586GpxSZXbCVFW4aCX/gPw="}},"YS1bNJT5+Eh6ZxPxMlakRkN9u+oBGsJ00Ek+HbzSqwM=":{"valueMac":{"type":"Buffer","data":"LM9U1C6D46VMpKieAZqzI4mZCpHILR52Bxi90Xeh3Ng="}},"ZjbiOlZjl94Gc7vawu8AXLGXFssg7aXyUscWGl4PO+4=":{"valueMac":{"type":"Buffer","data":"JuLn1MkOuiEpdM7UBDUUbnqQz5mT0+xbWo5vT4gqLU8="}},"Zm5rcziyc/W8Aj4ndsLv6ffH9RF4oau8MJVJaWtmtgM=":{"valueMac":{"type":"Buffer","data":"jtC4P2TdREqo4AtxHZTGIqjoz1fuqwhMQRepNOM6mGA="}},"Z1C7f9Gmoz0S3pHyceGSLaO9dgifzI7ZEv6d61s5bwA=":{"valueMac":{"type":"Buffer","data":"edrl75UeCVQHVugb0TarPEY0ORze1qaq8fUX6rvNKlE="}},"Z7wohQ53UlFrKboTzn+I3O0lRqc05lX+hobR6jq7btk=":{"valueMac":{"type":"Buffer","data":"ilS5e9+695/i2iTfE79no0grvHQHJT6U61UvACEONDA="}},"aWtfAtGE1R2Fut1cb62EsVLZ1rbO4Ow8qkKa+qM4cZg=":{"valueMac":{"type":"Buffer","data":"fV/x7pcZPSRRJ1LIre3kAYNs1wjUa9jE0TUHQXJiKOw="}},"aXXMx7j18is3wBZGbyVsDpW6x4nxzgBsglqHjzxtFiU=":{"valueMac":{"type":"Buffer","data":"0uQUVTaQZNiSEeLWyG+wMVZD7ufFDOzB6+ApwOVbwPc="}},"a2BfsX72yqHQOn835rVeGiAzdez7XagacJFaVzWYKTw=":{"valueMac":{"type":"Buffer","data":"CFUc/+gMJxkIiSjTyUvun40jWpiJGZ0pMK5Ixty0TcU="}},"a/m0HTNmMgMofa1AUZZNIuuwdYBOStd951aQDLJsvGM=":{"valueMac":{"type":"Buffer","data":"QhDUy/a/7FYOK3BAjhCn2n3W1MTdJ5ok8L92KV6Voik="}},"bBHqlf3uxtF/3WT55t/KEDR1Vp5D1JieTuKk6DfzpOk=":{"valueMac":{"type":"Buffer","data":"dc/0rhAXTGEusYw9q/ZvU39WtKFVh8lsKgs8vNo3svM="}},"bH5v3JWeMKt+5TPJbiBrDgGN0N/kfHJoKgBCYiRyJBw=":{"valueMac":{"type":"Buffer","data":"UmRvBLqqL2bLt7cG9XDBTPLsX9HIrZgafPqIl5ZJhBs="}},"bY5ThM3BSoHdlqGTG6/FfTarMrDkRepBFzqWp7IqACQ=":{"valueMac":{"type":"Buffer","data":"NKfcaMLKnZG2VnrE5+MMnxS1GTmY87dYVdgxstmSha4="}},"bqIi3Aus7BPIIXfp2mrrzFWMWr3hH/iT74nfwk1AVCg=":{"valueMac":{"type":"Buffer","data":"Pcr0Y2MDEyjHSZzmZVp+lRQWKh9Pv7msKrU39qngRfA="}},"bxjlMArtnK6HCh18kGvk4M29eyyxZhvzj+8X2sYoNSU=":{"valueMac":{"type":"Buffer","data":"QYfaePRlIRUXUkfBKd8cF2BtwJJeN6TSInnndovWIq0="}},"bx04VU7xpaut/xm/I9PMCyDoWHiDCdY7AU32AinPDxE=":{"valueMac":{"type":"Buffer","data":"3bUGCx6SI/gANRD3DkvyldK9Jj3nmWYe21eYg+Kmlug="}},"b6gT0A/1UdgChpoCH5+oJeW65u8MyBNVyihhH8e4vYg=":{"valueMac":{"type":"Buffer","data":"rQQH6+q2BnM3/JeKsp70JuNBwW0HHSBFZ7zya0ZgoMk="}},"b/Fs6Fs57NO6LfI4f907E0Dw4Zjwmaqnd8zGN2x6aPU=":{"valueMac":{"type":"Buffer","data":"dD8cOkJ29qacJ7v8L2UtXKP5ru912ZYPWYd0J627nao="}},"cAdYAwFPz5mVF17PCEbunzUuwsRvdXltbhw1xDwj9J4=":{"valueMac":{"type":"Buffer","data":"+hRi8sP6gYqv092+JX7gh2Q4Q2ZfElt4ItmceQuaWes="}},"cGN12lX0wxOnB71H3Cv4reo6ijxYQI5EzsQZyfr+ZWg=":{"valueMac":{"type":"Buffer","data":"f8bfDQoE8ZYy++y5vdeFzAeDK4gmAbn9RpURQo7YHEU="}},"cJn/n46kbTMn8hypRzzXUykDTaQ+ukAFdDH4X+mQ1to=":{"valueMac":{"type":"Buffer","data":"CykQMtnHYKORA9KlT9Hj49EcXjpv4AXqd0noeCmP9d0="}},"cdmQ6IoGtkIq3zUUme2Bca3DKndBe1thmcjSoMD4iF8=":{"valueMac":{"type":"Buffer","data":"vWEGiQp7qrWKRjpuGX2DMQ4J6XLa9Clv9anMAeZaZ6Q="}},"cqCKaleMbsofzYcNARVASaxVL9tBm3wDcM663Yo32Ic=":{"valueMac":{"type":"Buffer","data":"bOqcMFdnt7mkB3PJvtJoYzbzP99XESJJHuEMhYQAUCw="}},"daQ7g6uynQXtUoqyX5ECOacRabxSCHNOGhfnVxtwmFE=":{"valueMac":{"type":"Buffer","data":"OSKw0tywwWCp5LzZQkaEovZVWCtbTv7qkQMrNSn2/Ug="}},"d1U1AXQta4wktlPpIzDI8eaI3x5c8Rw9LGQBvyP2j/k=":{"valueMac":{"type":"Buffer","data":"WNzq69oyh0NiKuXAdcs7KnjOuvbyeBnh8JavqgBpFSs="}},"d+j6eMrvozbxECzIxvARHoy6ACusnG+1Ju9p9Cp+1jw=":{"valueMac":{"type":"Buffer","data":"r75eQU8/ELB8YVxM3ltsm4fGgru+cECYdi8IiPDB9ok="}},"ebAMfS97sAMUNQcDY1knGPg+GI1EQsYhq9jfsoRIPvQ=":{"valueMac":{"type":"Buffer","data":"sPmYynR91E0IaeO3CHzG8pyegN5fRpGiCckhFicero8="}},"emhAdASKfHiJERt57HQD2qjAOtLfalm/U+ueuFbTHE0=":{"valueMac":{"type":"Buffer","data":"EXc07zH098DlXlSnF1mh7n7FtjRK+593LP7JBUVYE24="}},"emspijXMYco0uWhUpGThEFKGgJSBDYb8S237+1nJZCc=":{"valueMac":{"type":"Buffer","data":"QIigQoOqutscq25LD67P5twX4MF6hkkgWxLdmTsmTeU="}},"fPiGHkLfsHP1etMW33AiBrNf6YMo+V1DWvneXT+j8IY=":{"valueMac":{"type":"Buffer","data":"wIX0z72Lu0szR3/g4Imz7cZx/ciPJxNF2FcriRAB2O0="}},"fXA3U+07CviycZRgkgHY1P1y1lmoXoOQ/3iv7yuHniM=":{"valueMac":{"type":"Buffer","data":"Xo2iSXsMB8NckxCmeg7dSqWf/25aDg2vapVHhbKcB/g="}},"ftpGh7vL2+IiG4HUzVN7SyoZi/XPmdv9PpQyyIPTXTI=":{"valueMac":{"type":"Buffer","data":"+wcf5uZdkJBuAidHq/cB15nMS2+1GqJRXZPUeikGaaU="}},"f9ne9bYo8V8uTM1rz6GgZELuqLYaQ2PIiL+lygKm+Eg=":{"valueMac":{"type":"Buffer","data":"4dS4IUjngb1mGrBAGjJo52He5RVcBuZ2jR5fveFFIIU="}},"gIvmsO+cSqofVeJE3hOWmbOF9pVDw8EwtzQrlSvL8rs=":{"valueMac":{"type":"Buffer","data":"OOKMZ8QhA6gZmuD9pDVWF9OE/NFHVWi4kOHpARCJang="}},"gP60Bfv55ujQu8wBcJ9GNARW4pOgYBuIku7kT7v2/Fk=":{"valueMac":{"type":"Buffer","data":"/OvVfTe9XkUfyGlJ3FtGu8gPaJDo76sZUh6/5iT/uFQ="}},"ggUS1AREqMRjCq2N89wCc/kqabehMbjd/7mwnwPLd/Y=":{"valueMac":{"type":"Buffer","data":"qk7a3fLjS0df1R4c9BCpHBt3nsnhYDhcRwIrUU8UYPY="}},"gvAB1f5pj67JEtwmp4Fr7BdGhdRmFHJpKqjMThV4JQU=":{"valueMac":{"type":"Buffer","data":"h4RuuKH51o3f5y8t0HrSUwcXcuASdRJxyTr8BsQ+4fM="}},"g55sYPZUXm9JbARdSmGYmyGfS1K/Q751HYOHVwDrm3Y=":{"valueMac":{"type":"Buffer","data":"0JzOSCsjigxFSKJXrFUl7qwPZl4Wn7bQNYeNipnv7Lw="}},"g9EvTF12wPNjzzqs05SN5PwTiP51jJ4VdUIL1tzF4HQ=":{"valueMac":{"type":"Buffer","data":"+yu1I0vxT96iUmsyXOsObZxN2jnxF4vbG/hEB7cKmog="}},"hAFlGaDa7F8zN/6Oc1MhlD/BvNdYHPIOLxaKsWHtfAk=":{"valueMac":{"type":"Buffer","data":"maWxtf8frWN7eLwvWXeQM62tWy86qa9Vt5/Qsu0qye4="}},"hfuvpS6IiyiDjjmhpA6H+WoKtm5c9JrvC5DBNqWoY6M=":{"valueMac":{"type":"Buffer","data":"AJMTVaLS7uYIwhO7GmvPpT5BunKec522kYIc8ZDStaE="}},"hhw7qo/4pDllvGQrsrltP1i2cpKshetfyaSj1wFte5U=":{"valueMac":{"type":"Buffer","data":"z1cQVl9m1fvPecWbqRc5W+DWaz+14jlqEo8FgWfQMe8="}},"hrQ0tZPHl0DAGRUWZGXugG25IWvsULpjHfWppSdYbM0=":{"valueMac":{"type":"Buffer","data":"FrR29VuYEF7RJMueWM9Mk94PC07FIwIl3tbcfm6LHl8="}},"iKO3ShAaAR563msiBbdVytEKEU3rw950E96Jf1Pw6/M=":{"valueMac":{"type":"Buffer","data":"+yU7my49PSrm26e/K5Aj5CCOJ+3n50aVxgcgwFkeLPY="}},"jOMQl9dP+e4dWm6BZTrbbvNEgVAz9XPdz5kgofJtYfE=":{"valueMac":{"type":"Buffer","data":"wQMf6kDFmFf6+qaZTxU1gHh7p5yOw04caElKWcJDmKU="}},"jcDdujktFY6TgIRwndsUqUXMowPD/aw5gNj+T931gZ8=":{"valueMac":{"type":"Buffer","data":"02K0PHIkvKVPOcPPD4/kbvQpUjM0GhonxEjZCQRFFZY="}},"jo7P8ht9Q+4j/0scp2zvBwgFgk+kwMYXpet2VU70Ykc=":{"valueMac":{"type":"Buffer","data":"ogWOoqfTgNPJrrmT01vjsWx4Bt5N/22av6IOlJuKqIU="}},"km26xsyk8qqmJXp72xPfd9eWGUMB7BArk3CYrvLJA5Q=":{"valueMac":{"type":"Buffer","data":"6VOv3NxZMnbXWPaxv3Dlzjc59TbP9Vv8ZOymBmwZcZ0="}},"lFkUMcUOxOdfLoYey0d194g40AtCuAbhW9KT1CvBkTE=":{"valueMac":{"type":"Buffer","data":"EFUGLjQZMhWLg9nbJHS2Fib1oL+QLVkpEDnA6jEcJUQ="}},"lGN+ICp4FROiTvkBFMa2ECwjBV/nki34CSToREmTFQA=":{"valueMac":{"type":"Buffer","data":"br+I0xR3rknW3+/momN9MoN6d7BKf0xqM/N6M8Ou3y8="}},"lJ7oD40LHIflbuyuI4RyfdKiUwM4ubFYZS1iNDETJQU=":{"valueMac":{"type":"Buffer","data":"37rCCgDnDfexnNYYEev0X1h5fD1LoYN72kHdkvpATi8="}},"lUqpJ+koOfUqRv9jPQcixjkwrhSlmGakVuanIA/e184=":{"valueMac":{"type":"Buffer","data":"F4nCL4swnJ+nlcdyd6ElkYovVW4zfJoUyQY6gvsUy2A="}},"mjsURcAPVzZWDdbbQYA7BLP54N+CcaF1yc12zI0KhCU=":{"valueMac":{"type":"Buffer","data":"5rmktzlXtIH6eUu6iDtB+sk37YsE3L7YbHDwjiQj9NU="}},"mxvSf13tNujzJ6N+d7EaY1IaK9H/C2Fe/mK3Mg67AkU=":{"valueMac":{"type":"Buffer","data":"PDjwJbApUyY48yxmzKu2/kO7XGzbCiZsCrnW0zy1a/Q="}},"m1oMo7zhTQn7tojTA5eOU2no626lhoLHMOyQDJGNw7w=":{"valueMac":{"type":"Buffer","data":"y1fgoXZyYV0stTndEe4TqbGvLbxh6hlreVWQ6SJz98o="}},"nOB74055AVs8rigwhaXvnxdkX6qt1i/AC+Ws+oDHmdU=":{"valueMac":{"type":"Buffer","data":"T1eSDg3YP3LKdmSIvhoSR+w7IzNVXftEN12lOnLqF0Q="}},"nTa0pkY/cln//D46UDujC1cvLLKqsESN9xG9BRqkEWQ=":{"valueMac":{"type":"Buffer","data":"OzxnTudHBAIvK9ijI20Yq22WjiOLpPDaYxc9g64MVpw="}},"nbkntExeJIZptVG0GR67crBr7L9tgWjDkCZfptfRE4g=":{"valueMac":{"type":"Buffer","data":"tg/+Oxwk8fZo/ghDw9+CVi8ta/B+Hx5WC5cvJ/eHNGI="}},"n1lQz3jcnwec9eNQGwzsqeecGOMyknfafI0VKysSrn4=":{"valueMac":{"type":"Buffer","data":"RsBGOCYD2MNhZTFw1Cu91uTBbdPlxLcNAZECH90uf38="}},"oRrgOAROhXjkMCO3rBp/vt+jZGDPNUCF8M0dfDix/Qs=":{"valueMac":{"type":"Buffer","data":"tutVhZCysGrNVMCKNyL2ykNFZgl5+JwVB5dRMd4s+ME="}},"obLLQnEL9zD9tBHkBAS+mL3zoU9jvEheMr159tyjU3s=":{"valueMac":{"type":"Buffer","data":"9IEsDiNYriO41DHX5IDS7Dufsq6MahP2PnWkHH0VMNw="}},"osDkxFns6FuTbAy9GYsiTnU+OG1LYF3k8H7MPE8VV9Q=":{"valueMac":{"type":"Buffer","data":"ueB5CwYxrt+e58O3mtMZVXE8zHr2u/wDKLcrLuXq1Gc="}},"oxEt7Kpc9SVnuExmAbjmX7gFwWAgre+EuyfRyN0Qwj4=":{"valueMac":{"type":"Buffer","data":"CvFI/0gWx1HL3Y5ylkgEFkOoqDWqEGZbS7NZOZ4Nhl0="}},"ozjLh1PuQPYuACmTVA5Euapw4pTsYZ5EBYXFiBM53QM=":{"valueMac":{"type":"Buffer","data":"TTWHpfQahXLMnGvziGLBZABhrYM/6vBqeOC9NcH+0VQ="}},"o/FNPRQrSIqgJmppNfEhWLn4ijzcWgSFMenvea5XQ60=":{"valueMac":{"type":"Buffer","data":"gCowiiGtSMwglyQZnQY0G77nt9xjhnt1Abw9OFoCEGM="}},"pPZUPDw4oTbQcaZQ3CXFvl+MTsA+M8o1FM5QlDi8tXc=":{"valueMac":{"type":"Buffer","data":"I6gvwQuvOefVdA1DrKr9o1L1W1vlNJXbTCZqTYrtvy8="}},"pi9lEU98Rd2NpFih7wrXSiqJZ/P+uJQgKK1K7T22R3o=":{"valueMac":{"type":"Buffer","data":"eHAgMmjJ/5KoIksuKdW/CP2nvvnTd84He3cueXL7E2w="}},"pjsUzkRagrPi4er7v8sU0pR4oer9dg4+W5ndxe6Lx5A=":{"valueMac":{"type":"Buffer","data":"cirk18tEOvS14KIMAd86cJDB6ppQBf5zHn4rXfoJI/I="}},"p6jT1ew4y3vAWwaB6B4e1sU32TkBH3LPN4VFAJpNdls=":{"valueMac":{"type":"Buffer","data":"ATJPqp6aUr/flF4LrU8iNAG7kw/trJLURmD1xxyE6Vc="}},"qFpxnMZAsFTcQs/2sP5olmR15sTgnh+6nfwjnxXyiLQ=":{"valueMac":{"type":"Buffer","data":"jjlgNFMt/8rqhIYlijOrJAWGCWC+D2tyAIPVMpIWTDQ="}},"qSRGPTQhI4NCd3iIRFnV53jtcoO4OcmH6Rc16qn0nhE=":{"valueMac":{"type":"Buffer","data":"sSJfb4qE9vEmP1najlOEGjrVc+xVWiAjGR0shSkzU40="}},"qT0mBcklJ19VjkZ695bwe5S4rTfIwZv5o+ck5bxXqas=":{"valueMac":{"type":"Buffer","data":"j3u5GJnssmcAhTOdUJsks3FpG7cgPuv2jBTzS5j4wiI="}},"qadSkfbhGVTQ7u8AVF49tqZiGMSwbyDXUZl07vImuJI=":{"valueMac":{"type":"Buffer","data":"fN95zMqOJ8aa98v1jFiPuvOeRmaouCF7Unf03fdYcVM="}},"qmZ8sQ3soPBkPG0qaAifioLCsQyer6okUcQeneiTles=":{"valueMac":{"type":"Buffer","data":"8RzZafBcBgpNcIuWWcGO4ha+FpPe9X+kqVmKAm61Ync="}},"qzAcn4rB2H1g3H3fSV4ZXon+nJz9vARY2YrWu9129m8=":{"valueMac":{"type":"Buffer","data":"3GKf8ztnpvtotauab7CIxnmz7qOkTbLim+a95wbhAxk="}},"q0aoi3kzVczousnZC/zIUONfvqLEGGQi0FgK6yAWMNA=":{"valueMac":{"type":"Buffer","data":"6/zoIeuhghmzXuffeU7XsFETVGfzjaL/ZwJ16KjEMt4="}},"q35XQNq5IDxHumsYJYPYAcoHqvEuSM7v0kmrDIOvUTQ=":{"valueMac":{"type":"Buffer","data":"P/U2X3jLGVCyJmnFnuJxDA0mZS43s88jNlMaH8QvvB0="}},"q6i3oSBnZwnaoIZrpGDvOa0cifS4AGmJBEj/ZYkNl/M=":{"valueMac":{"type":"Buffer","data":"pqw2c+mAmP3maXZeOUK9km2VVn9+b38oHtGlflbkxrk="}},"q9IpnQl+ap5rhNw3r5dUJQpRMso8R9AxuAikTTErgxY=":{"valueMac":{"type":"Buffer","data":"sMtcMWnNrPxnkg5kGsKRpUyLXfSNtnM5OfKCr1E88xI="}},"q+w+1hDu1kRIkuHWWKn54/NX6JkQCPMaM0UHKqAGYfw=":{"valueMac":{"type":"Buffer","data":"U5gIq4FnFhxoaL7FBaKeJWf9OdGXcdu0fC2WD0sxcvo="}},"rPMoD+CCh1IQtCbtqqB2BX+PK6U1syNSvyI38O+giDc=":{"valueMac":{"type":"Buffer","data":"H1dznkELcXJYB3W0STPDssjezmA4NYJWRs+ITrWi8VQ="}},"rrhZq62FYMmMGVvRyKtxQLUKDqmxI1IXeOg2HiFS5ak=":{"valueMac":{"type":"Buffer","data":"vhsnzxGt1GqJLyTQQm3eYnR491SXAhUi9C3HAiw3Zp8="}},"rtSSmwAb4CjJOpSyn5LhxqtKrdUjUhAKq9e+TRSiS+A=":{"valueMac":{"type":"Buffer","data":"mgpVYtQrD7mZ5OdVNX8RHZ8hnmPyPd6RgTda0ndThz8="}},"sCfbDocXTlyLBWJASyRAZ64reUPDwVT9w7B+BRQJPLg=":{"valueMac":{"type":"Buffer","data":"gvLja8v/x3GDVinhu/iDbVRP3lNJJvY+qFRVWdirg6c="}},"sFeoCMFh1UFEo85wDmiySvAIn9wZnDudazaeuB5HXMg=":{"valueMac":{"type":"Buffer","data":"6JaiHEUEMNbPhd/wDi/QW3OpGhiQ1xlcpy/cQcE6HW8="}},"shCyrq7G+Yn2Lb36CBsSaIgcdqDkHYmkUYI7by8Sp8Y=":{"valueMac":{"type":"Buffer","data":"4Ezcqhlnu9BtUXs6ghq0dS1qmdM/zY/hiMHPuvu24bQ="}},"sqQ7MwzRP0pCpwZ89nr4Z52oCmOgsfQtpFYlPUGf6Cw=":{"valueMac":{"type":"Buffer","data":"eng+AvrWRjqUPr6/af0tcj+2g+9hk8bGnL0jeV6RNVY="}},"s7RQD7SjOb1lnv384VCf+JG0Z/kOqn+/KudIWzwMENc=":{"valueMac":{"type":"Buffer","data":"uzAkocvoIYj3mvOePBy0e8liAFunN1E8lG8y48WAsKQ="}},"tisMZRMbunEJMeIirXPY6L6KPa6ySAfWtz5vlKht8io=":{"valueMac":{"type":"Buffer","data":"sOb1M/Ptqe6SYTF++hVyJya2i2W9q5RlTYJ2JNx+FrM="}},"tp6CqDQKUvg+btjfD2tlgNUNXCe8oAHgoY/DtYBB3dc=":{"valueMac":{"type":"Buffer","data":"Svls1nwfHF2Qo8TMMpQ3/WcikvDm729Klz++KdzuhPo="}},"t8LRzziXQE7TUfWgH9YiufnXhtUGzueNV8WAE6zJWa8=":{"valueMac":{"type":"Buffer","data":"OyFlGv9Ww/KQqJDwsvfcMF+igJkoE4km5hAO2Es0bFg="}},"uHepNv69n412LWER2hOc96RzOcGiulV6cert6ieZM38=":{"valueMac":{"type":"Buffer","data":"GtV5NcrbuUgiS5ttkilrBJV7fX7W3yFkI0T86oWrjj8="}},"uPPmraXc6yEds7y3z2wCWgxYCQyHUSiRQsShC4jxAJ8=":{"valueMac":{"type":"Buffer","data":"KiTUt51zfYFDIEv1DS+3vNxa5SfTIOJAyjjZl35pe5Q="}},"uRBYAkaZ+DA1PzmqwD2FtJOd/+GgLaAY9vkIuIfRZhU=":{"valueMac":{"type":"Buffer","data":"/fxsQUPZ7bbO3OAWbzaMgPd8T3ZEUFf4TIM56JaqnjM="}},"uhnYgw7Co8VtJyayZ1o461Hezlu28UcOQld07+JpTWI=":{"valueMac":{"type":"Buffer","data":"eSt/i9gdw0b/wLDVRavKj9CsCJDG6Yhb/kNPUSMDh7s="}},"uoxc2dhsljtyYkqRbq7zKRfczeiNYfL5QKLKvHnwX7g=":{"valueMac":{"type":"Buffer","data":"bXWR29TwFDBFh3KOJBXwCoEPPWfrpyfoi/H7gxJyR3g="}},"uvHdBNv31GU4z48v4A0Zx0bfcBH0OKezXE+LAB4LA5o=":{"valueMac":{"type":"Buffer","data":"lJ2gJ1z5NbOqOxBlkruXU1+BtCZORVYDFa0Nwg/En4s="}},"uz6Jyd4uf26fqZe8lObyJKirtItcWuoPxxH+Q6Kv8NA=":{"valueMac":{"type":"Buffer","data":"9OsdWrhwn5YpnSTXrCeWaayeXn7XWvxz4dwiyXJyMPM="}},"u0lk2zr5kmItuOXRswn0i4B/ZXbWt98DmncXHniTeoE=":{"valueMac":{"type":"Buffer","data":"dAIAkqEsyw5pgErBLeVR+Gurbzizy0O/gZ07lvAnVbY="}},"vk10H4uBp5tMC/qcMRYbLUA9CNwf8NJQQp8S77jdvZo=":{"valueMac":{"type":"Buffer","data":"vqJXEKBJGslspHwjDkwl3xzLxjCsPbp8wkUR1A3K13s="}},"v1m9ZZAnzijLnF/6xXBczoR3paDhfGTZWVo8ZNoNhMQ=":{"valueMac":{"type":"Buffer","data":"hB4jTnijkQ1DayRDvtjpu4ZhhEIc23w9j+MKOCG2qdU="}},"v95zkvbEipkMeOfZCBav85HYlWIUFy7uRVvIrXLeqZI=":{"valueMac":{"type":"Buffer","data":"wwiSKAi6Y/A5h1qWp99jDicH2kriONQ0mdgMggyYq4Y="}},"wIChpr/7DU4CYTZcQN4o/+RjSfK9a416cMOJMZmWzOs=":{"valueMac":{"type":"Buffer","data":"nlk66KWvma5ShIaFis9TS14wuK3fWBaWaS1EkEU/jTM="}},"wWVC7PMKNrIIiIGoLlpu2XIEpcVO8MsvrqgXC1eLjOs=":{"valueMac":{"type":"Buffer","data":"KPhnXKS4hdUl/fjaotPb14xQWDd4Iot499sIvp1OHzA="}},"wr73CThXuyn/q971NQUspPRJzMdIrlw94bd5TRPFE2Y=":{"valueMac":{"type":"Buffer","data":"99AIBdbVrfXbzzW0g484ZDzjpujb8Ohyyr18RNpYOCU="}},"xA2/3j40bhF3zPNRXd/4S9g3vQsMiznvI2KkxnJZpHM=":{"valueMac":{"type":"Buffer","data":"7bJErd+SERgZVUKyFaNeBHzYiPn5KoexGMKaMRGlBOQ="}},"xa2vD95aJRjsjQPhLRdnwWcYg6HgjyI9nmT3vFLphFw=":{"valueMac":{"type":"Buffer","data":"eZiYbgXyWgOtk1tQnIY1nRoNm5ikgX0W3upjcE3s+ik="}},"xbyT8PyAiLBRNY7UfifhozXkKJ5yo1e18zyMuVRI67I=":{"valueMac":{"type":"Buffer","data":"XSrIu5Dna1DgCLZzacZeFEoKxqSmd/UtEs6TNgKq/W8="}},"xjbEV/6B/wWuw6tnflXf4oefKAAA54OyJoYXQLt6lJ4=":{"valueMac":{"type":"Buffer","data":"MJQ/DBLUA/DCK+/WHrfhatBRlQZn9a5KuOrxBzrzXrU="}},"xlLBHFE5YJMUu5sbaG0ZQKmnbLZ+KpgA5aLk87Y/pHQ=":{"valueMac":{"type":"Buffer","data":"QrXc+gnrar7A8acvYpD43dEjXd/rrgMJ/QXN/uh/Y70="}},"xqWAkeMoWZp2x0p2JI4ROJsfE3gEPoeGclEZvf++KzA=":{"valueMac":{"type":"Buffer","data":"HIO+JuzshfuQhQVNXN5qYxxtpOZ49fJ5IalXGxPbs64="}},"x7DFTNMSLQKYwB9NwDYY6Cc0ywXk5sz+0DnE0GC4OTI=":{"valueMac":{"type":"Buffer","data":"yJAq9ivGg6xcPPbNarG+TG01fZprdbMM6zrpYMzQWZ4="}},"yPGYu/saNu9KcgCI98fk5s5r3xGG/wQh6UQUi1tDGjc=":{"valueMac":{"type":"Buffer","data":"xofWeXZpF9Zau/jFoB2R16WD1G/kkxlAH5oHLoUFEJw="}},"yjw1jgtmTWeYfwbpKwPy7lonNHCT2E/ku4Pv68Gg3kU=":{"valueMac":{"type":"Buffer","data":"No2DLNAGs00UPaJwKfxvOjxHOWksumaVZRgUq5H885A="}},"yzy/Bby9/VNuePr4/eKj1dE+zJsdoaq7qdOr4u5I1FE=":{"valueMac":{"type":"Buffer","data":"Og5drkzR+U/HaO5jYBX4o37YwrM4zgmLYNQxojjAiCo="}},"yz3Si3eERH8K6E4qSlVEfHotlXtCW2NBUSOYc4gEzZA=":{"valueMac":{"type":"Buffer","data":"3QWbg+Ibp+z/houCXY9Djc3tpyBo1eISgZaepjH9ALg="}},"zBUl0CjEGXoEOwBEtRqvCHSC+ThtQCFGrA7b+d9pVIs=":{"valueMac":{"type":"Buffer","data":"ihbFrU0JF4nCJIHjAI5IKvjPhOP4ePjmNxtr2HUNJ5g="}},"zQQAgRm53NrEdp+kiaJs3MRKlEBs1S5/oeBrjBdZ9rU=":{"valueMac":{"type":"Buffer","data":"8Uh4TQTJ8jsgQTTDXi0QPMy0y4R6wVA7nre9yFn3cLU="}},"zftnpj/qHcYTyCY5QTUJlJ8yqdFKQUfWXdFSFb+5r/g=":{"valueMac":{"type":"Buffer","data":"5fqHMzFc519QS97LmOGtgSZZUt2JpXHAzHy8GL3vtOs="}},"ziIWB9LezYdgXUrEOwEfcc6v7nVxO7fN5QDI7PGWTBE=":{"valueMac":{"type":"Buffer","data":"SnbGocVu+Je8GEm0KWOI69CzeMUGsCi/KXwJq2YpHXw="}},"zjv1cjQSZgvxWAfucac4OzmNrjUrwNZR+/2NCMJT9/s=":{"valueMac":{"type":"Buffer","data":"6Mop+Km63fAjo3uaCBGU68RXFYq0DXFvl0vy60KMNCc="}},"znLZT7dN/KAjyDyHH9U9J4Nbfdynb84O87cImKwKIbw=":{"valueMac":{"type":"Buffer","data":"YHlvTnyzU6Wvfzs5Y4ued/E9Se7P293BFiuGtqkayXQ="}},"zoWomgH+IedRR7UrvXv8/a7jSduMV0R5Jq9/FvWBo1w=":{"valueMac":{"type":"Buffer","data":"kS4L+7Ig8GGdi9vCOxJVsrouLNQOvPJeFiE9/b8bGLA="}},"z0WI0M4zKV9arhsf2sLqSnMGz41OtpE2QZl/xSkU2LQ=":{"valueMac":{"type":"Buffer","data":"eTB+17KYrCxBYXaJptxiLfP81PrkSjcuUTJHSp33Iro="}},"z7IFTNrfWriRs1vvXbIi7TIaN5l6c2sdCCQk41uDF1M=":{"valueMac":{"type":"Buffer","data":"/lLa/QakGU386sIIbnpFZuNwcz2n1HJ4cHg6ZcE/A9A="}},"0fjgoTLOJMntFU/6CnIDB8pcb3NeHhJ/jue4LNTQImY=":{"valueMac":{"type":"Buffer","data":"yHPZ1u/d8ZJMnQZEPtEaQ6m54jpIZp37p2BxKPs4mEQ="}},"07v3O8wKf86e4m803MMQR6xtYiqNT+8DNn7QVuYUaxk=":{"valueMac":{"type":"Buffer","data":"5M36FXCH25i94hD9/rol8j3upjSqqu+rzrT1AVjRQCM="}},"09wHBWUZVYtUGg0QqvE4RS/XtursPQJLNG0d6qFiUkU=":{"valueMac":{"type":"Buffer","data":"dVFTAD5VIWJE6MPCCXd2SOKQzL1D75ktvtGqdUmZRHQ="}},"1NfcdEnQO8vEGax6yFkPQrU3mRLz/FWF7VNuAUzhvwI=":{"valueMac":{"type":"Buffer","data":"NlOKNoL6GcpdZYS9WMdEsoMP9bhzG4jKonpC978xN8g="}},"1YVHXxlKCul6+1P2Y/HVjLYm2v2UGrRbtwMAGMMUKbM=":{"valueMac":{"type":"Buffer","data":"TpRnPWuJN+4XRB2vaNguc18c0+zFS4QQK0x7gaI/854="}},"1bqJF2F0pdGKlsYpHCGTfHIC6N23Jzlb5SqmGhdorYY=":{"valueMac":{"type":"Buffer","data":"JOOTUGNSGrRpzzxVYbCAnzi1c2aiFp+ZQVjeZEXsAMI="}},"1dY6AEaDUS3xPcCRRCitjfVqqPjt0AIUVVTBS/MUg48=":{"valueMac":{"type":"Buffer","data":"Lw+6d1LTBcy8JH+88YdEy+V2VSb0C0swtjFsqglhTTI="}},"1qY7c7Bt4vrwWCC7tkZ1KwTU9lkEPUTpCekNq19Ph4o=":{"valueMac":{"type":"Buffer","data":"Q+VAYQH1OuRX9Lg88AEBCD7kp26Lhr4RObdY3TOQSUk="}},"1+IxrErW6dE6M+KUX9y1lv6VU8MDJPTgtx0TTxnSsfw=":{"valueMac":{"type":"Buffer","data":"JW04tq3qc+oWzhxdIopofhqSNVxxRnOCugM5SWeUdhI="}},"2F84ZA5zMWbteMMR9X0fGUKUXsdIu73zh6/C2LxqUjM=":{"valueMac":{"type":"Buffer","data":"2CZkds2+tS2z9+G5rpIgM7x+sZPKJenDqN1j780VxIA="}},"2VwXmhT/YcokEP6r63cm2feNiw7PPaaHn0cHD2wgFRw=":{"valueMac":{"type":"Buffer","data":"wuIQ4gFetPHxfSF9lRajiv68emrH+XjfmjOSnnKVHkE="}},"2ZZFMdAk/X2F5NgDQEm0TfY93IPwWnt3ivN2ZbJwejQ=":{"valueMac":{"type":"Buffer","data":"DgfumGar5lRcywAXVPc4eJaIZE30V3EdbnmBDRE/LYk="}},"2cSnhWrtwckAUtPmeuje2w2/vuQx7wVGrKNTfNIXXds=":{"valueMac":{"type":"Buffer","data":"BuQlMZ3lqlSVdpoDkC1AO9mBOEQGpAuwdlGTpybxtCQ="}},"2hStUkBNV5Og7RiKWEg5EUXRXLlJpKI/oeFm5h3oZoo=":{"valueMac":{"type":"Buffer","data":"OlOx7L7C3hd6rqDRhVHD8OCpNKdRleUrcdTLt0Qrh9A="}},"2+MJV0yvCyop93U99+G1HGfcaH1ClqvVvurEQkOsWqQ=":{"valueMac":{"type":"Buffer","data":"tY4WeHD55jJ/98zS1Ypx+rdoXK+350kHeMtYeDpz648="}},"2/VCHKMGGRMdnVlocLHm6QaKSxEr4ZlROxUwFyZoFWg=":{"valueMac":{"type":"Buffer","data":"yQERoF6FVm3Ee8xIRKQO58Qls81FX6tskqiF4mUJcD4="}},"3PfI/CR16y8qN/4JyeWuPLgbUc7XLtHDJ7S6gzPZU9Q=":{"valueMac":{"type":"Buffer","data":"PaWZjli32nM/Fqozoz2W6j1Jxt9ktIeZxvj6nQm5l14="}},"3jEZv4k1T/dPjjNkFlhmLIQ5sVyOWzO/+8E6q+q3UBc=":{"valueMac":{"type":"Buffer","data":"STm1/2wjCrhBrOJQjkZ9bWNHGDOaTMqooy957YsMnJI="}},"3xuaCx9c/1lWkBppEUgQ2bPmbJcJUVDMOfrlNgze9bc=":{"valueMac":{"type":"Buffer","data":"WYtRzLjGM1Uh5sEiiVEAo6vQHmPMO6226c272mGkOYE="}},"35IE2b/4/D6Cd71PT5zPW709AQZiSKp/pGakilozWoA=":{"valueMac":{"type":"Buffer","data":"wS8BSyQb4IXef7ZmyPGyqD+opHgzUQXZsY5Q1UFE8PY="}},"39g4+JgmW+zLOScmDFF+BEfpXEQ7iebwDA8foVs+DvM=":{"valueMac":{"type":"Buffer","data":"ARw9ylBM9926LLZUQIdWpzeKVoujvFBmktjP4XN8hi8="}},"4DNvXpzLXPpM8XtSbB/ehIeouHbawxO/y7N7TxEH6dk=":{"valueMac":{"type":"Buffer","data":"T3m/F5UURtVpvyFS3eRELbhb6xVzofdH43y/MrmfM98="}},"4XtaXuFYxbi0ClVDkNt7Gs0gLo9kOgbnB/WuljtMZuY=":{"valueMac":{"type":"Buffer","data":"2mtcyyU4kRGbI4EgFndGMXM3HvsySuAbMiSo70v87Gc="}},"4c9NWUSO170LkK53Xpd2WEN1t8zoXH8/KKGBVDiSrbw=":{"valueMac":{"type":"Buffer","data":"2BvCqUEkSULv7x7RWm3p0rrRS+iP2PKIZNYYhWzJB1c="}},"4om0tUcGzcAapyxtFHh58Sj1+wDPZghukhwRdVVXsSg=":{"valueMac":{"type":"Buffer","data":"CIOQmSqDL8VnTDBGazpGm/rfUgZxkSWK0aHwsBjplzI="}},"4vyBXh+V7JVcA55/B9zvl0L+ca4fb/Pnpoi/wAJY2Js=":{"valueMac":{"type":"Buffer","data":"gkRZ1MczHPaZwHNWKTt5fXSRPwqQXYWQRhgZY7+iaZs="}},"45+6H7LBNXKA7tC5Y8qBFWM2uuZW5Tfhor+1YAHKe7A=":{"valueMac":{"type":"Buffer","data":"VU7ik8YOa7PAKD32spUT87rROQRMl3fDgnbNLYI/tjk="}},"5IRi1xgSmnvq4PsVzYCQ5iNfZ/SRyzvsp2AqpRE8M3k=":{"valueMac":{"type":"Buffer","data":"Vlrn24WGHBYG1/KmgmlXOwGQJnwnNLYSOAE7Vzo1SLI="}},"5JzRaiewNQnMtkGWROqPB1ofatoKG4ogZbr081LEHb8=":{"valueMac":{"type":"Buffer","data":"XlixW6NCG2R3MkWXF64XzAh99seR30BxRFDQ60Ubn8A="}},"5oLWc76sHSDIcXTmxNqAyHAorXXTnigvTwfA5tADv2s=":{"valueMac":{"type":"Buffer","data":"m/PPpt33K9f+0PD414fW2EwEmjVikpyt04psFkFA6pc="}},"5pjovj3/ZAHmQepJ/97nBV6c0Ng3PZF3GLrHinLYtrc=":{"valueMac":{"type":"Buffer","data":"8IHssY+7CcC2Wsr8ZGy3U8BWziG2/6GGF6gbzJO5tZc="}},"5zIcEOZAQsFfQ1Pw7hYknfxfYX6in5VlGcIDHyINTJM=":{"valueMac":{"type":"Buffer","data":"sla4FGOlXEYWtm2Sx1mZ/aTnWRjN+uKvhhKTUqYoVco="}},"6canyIF4FqFH7dQea8Zj+yxDWFEmVKBE1llG8mBMM7s=":{"valueMac":{"type":"Buffer","data":"xafAIspwpKV+MZZESpgV98qc+eH4sbkalGPMFgdcPYo="}},"6mPculAgw+nUIYYV2x9d2Unt3hTe6zQ5SYoMRYVDEa0=":{"valueMac":{"type":"Buffer","data":"t4tCQmz++JXjBiK5Mg+QHosGhL3w0NNwKw1eirNJyvI="}},"6xzn4RIOw5/Gv8OcNzgBqq5DVaFpabaQXUzsUAcrofg=":{"valueMac":{"type":"Buffer","data":"xLrGAlxnriwKt2Oy/fZPOx7giQCSSZaQZKy/N5g03fM="}},"6yyaBdzTLUJ5RIEaqPHNmyJsIr2Bt+V8TheQkGN9H5M=":{"valueMac":{"type":"Buffer","data":"JNGBdu1/DsDdYtZZ9GgrqOmfFt1JaMjYGjC05Ekjn5o="}},"62FYSq2heRBs9ipu+ZE8dtRsf0WHWMTrJQzsHeJSs70=":{"valueMac":{"type":"Buffer","data":"Bb/j4gMEVgbqoLvYYfLk8frM9TT1ay2fWry4Q5WLQtI="}},"68OWJ29krCJZe73RkWbOVkWNu2/I43zMAczXN0Kxki4=":{"valueMac":{"type":"Buffer","data":"CNMCQ1T5zSEI+7RdkwMNkva0f0rvY/BaXaO13uuJ7l4="}},"7GMzkoGeCzKJEwFHMv2XIzdr2Tga4Y72yNzWZlnpZxE=":{"valueMac":{"type":"Buffer","data":"i6/6j0LCD8rOfjanBBeDFoOkPheDQnpigrRt3Hw4kyA="}},"7OkuKJcfi6UBaob5mwrkDZiKxMeVEEp5cmv0ZlQz2NM=":{"valueMac":{"type":"Buffer","data":"gw/c55dtLK3iIWiW+wPuIj/f5YFrupmzigFBWjUza5c="}},"7RL4R8EAgNc/Jw3K7ECB4MhREo544RoClm3j6rDZwHE=":{"valueMac":{"type":"Buffer","data":"pWTsBcHnNuTAlEtpGdi3mI2wd4ZnhA1p1FukK+AmbQM="}},"7sA9vV+MWm/M6NROEVeGpqInWe2XzA0uRahsH77sDFQ=":{"valueMac":{"type":"Buffer","data":"xO8E9OdYrLxQTzwAnaZF/lQXp13/1hfp2y5b/4Geazg="}},"7yps2SCrj9wOPBKhuBQv+nJyNMclFVO9235zSQkZdJ0=":{"valueMac":{"type":"Buffer","data":"BfQYbB/hOViX2mdpNXiaxjq9i8Y25Q/k4V0ZUHjRQsg="}},"74WTzmYW1GzkHKF8mnRIdn4845krFjLZY76b1TOuKzQ=":{"valueMac":{"type":"Buffer","data":"W5+an2kt8VInd5+MpNGbrSHsWi5MiEmZ94fNQNRHLcY="}},"8qdEqU4ymxUmS2XteEgY7fsICAh3W84X+Vu3zZ5+JVc=":{"valueMac":{"type":"Buffer","data":"AZ/3h2za0ujxr/075360hiY/sXECwKPkphDV+NbfaJY="}},"9/NTA0jDOWy1txUEjJG2sy5/3X0sOtkMIH9029R6UlI=":{"valueMac":{"type":"Buffer","data":"us260dzP32wL2GCef2VRda+sMwllrfkNOs7AGDsiYbs="}},"+AAxlxm96RrgUH5AaC17/YtNjebOnAAswcX1y3dpH/Q=":{"valueMac":{"type":"Buffer","data":"V+mnDnHr8saowTXeBJq++UkxVKLL/w1i7GsxRY8jAtU="}},"+GzKcsfNR1OLtN9rveZoCnq4Pc1dXHZ1AUpCJMunXe8=":{"valueMac":{"type":"Buffer","data":"34R1PNAjiYF2fVC7RYd2se96ERTP/j6+Ib8jBAW7w/k="}},"+ICyDIjMTtLzcRPIbrephlw5mEd40/OzLnKZvlyPF+s=":{"valueMac":{"type":"Buffer","data":"jj/pA/yDfsqxwUszdaZQC8N5YgR30gEBGQf+/bw2+Xc="}},"+T9kqq4LgfujWk510iY1AdMkII9eNui9WyOjubKjhUU=":{"valueMac":{"type":"Buffer","data":"PHrOZCk/1gQilNHbMoUPygz5mK/GqTU2F4Iy8lu8Yjw="}},"+V0Xbf9KwJZfsAbpSHXsRoVb2P/oYVTAemg9lQ/MUvU=":{"valueMac":{"type":"Buffer","data":"BlU0N1rzXRadR9zciAxw6Mm77nNL9efzpGj/ONVLQPA="}},"+gM/Un6UD+a7rNDPIzJc9ejEOhnRKV0vc15Ba/NlcTQ=":{"valueMac":{"type":"Buffer","data":"K7oI+w1MeJjm8qmggQW5KqOY0pkuYI80gw7HNKE+6bE="}},"+5Mzsu2pBPWACcNffi5+8SCcSMR1BtsuDpzXgWGf8FY=":{"valueMac":{"type":"Buffer","data":"EaItY1B8jsqx4rMG4BX0j1iG2kT3m1/XCRrg7ntV8Io="}},"/6cXaEQ/S9RK4l16j+uaLr83NycfNgcX0XcGARrrMBc=":{"valueMac":{"type":"Buffer","data":"4uc/M7p6S6bHIivTSPBt7JtXIlVejnoJbKKf+wRyAd8="}},"/7yaUYGtYuEYl7Y9KL4zrZIKYsq0QQwULzONvhq4lEE=":{"valueMac":{"type":"Buffer","data":"LmXny58WrUCNbHZh8jRrLbFVPElQ5HydfGxVwUDE9Xk="}}}}