{"noiseKey":{"private":{"type":"Buffer","data":"yHhuxJ2Mw1LyEl/YHWiDpHKeQg8A2fTkej1BYEf3DHg="},"public":{"type":"Buffer","data":"rAL7MRsammGaxcvi8BT3Aj60IPNnnD5PVN6U5a/v+iM="}},"signedIdentityKey":{"private":{"type":"Buffer","data":"gMzkxNuL2WDF6IHoukUjC2Zz0Q42w4LtHXcr05ud8WA="},"public":{"type":"Buffer","data":"0XfdwZthfDAyCsqZrHl9cOM8Y975GlGcsZID3C3sNyc="}},"signedPreKey":{"keyPair":{"private":{"type":"Buffer","data":"UN3r+/Zvj+rYAZHSTpAMmaOqtiE1IDZBny8qdycxeHY="},"public":{"type":"Buffer","data":"QpNJDejVAri+pIAKiHiB34nkTyJv7m0jkXKC+un8oG4="}},"signature":{"type":"Buffer","data":"OrAUSdYYuAeAV1S4DPMg9/nsz804nnmDlfEmXky2e/Ll0qHb0a8VDUd65gTxN3KzwRV8pGo07SaQnuuNT7WNhg=="},"keyId":1},"registrationId":253,"advSecretKey":"TzYmk9sjHZvI4QTtHQ7i0XKGp0OHkLs++PSIteke6CQ=","processedHistoryMessages":[{"key":{"remoteJid":"5527996957286@s.whatsapp.net","fromMe":true,"id":"07582184FB18526C66CD67800A48A1C0"},"messageTimestamp":1682994964},{"key":{"remoteJid":"5527996957286@s.whatsapp.net","fromMe":true,"id":"087110022629F83F9A12E41B92419B0F"},"messageTimestamp":1682994965},{"key":{"remoteJid":"5527996957286@s.whatsapp.net","fromMe":true,"id":"8FE7676F869E7998D6EFE290EC8CCF89"},"messageTimestamp":1682995019},{"key":{"remoteJid":"5527996957286@s.whatsapp.net","fromMe":true,"id":"34A90F9FE7CD19F2684F585D59A8532C"},"messageTimestamp":1682995041},{"key":{"remoteJid":"5527996957286@s.whatsapp.net","fromMe":true,"id":"661CCD51236145210EFEF7778E9DB493"},"messageTimestamp":1682995067},{"key":{"remoteJid":"5527996957286@s.whatsapp.net","fromMe":true,"id":"CD5185FC4F7AF0A6E2A3ADD830C9FA28"},"messageTimestamp":1682995093},{"key":{"remoteJid":"5527996957286@s.whatsapp.net","fromMe":true,"id":"341FCBC1082623FA539C4C0818AAE86F"},"messageTimestamp":1682995121},{"key":{"remoteJid":"5527996957286@s.whatsapp.net","fromMe":true,"id":"BD40B22E172C08D3B55F38A2F51112E2"},"messageTimestamp":1682995143},{"key":{"remoteJid":"5527996957286@s.whatsapp.net","fromMe":true,"id":"1A1D4B4A3F51D225800E972E3D101031"},"messageTimestamp":1682995166},{"key":{"remoteJid":"5527996957286@s.whatsapp.net","fromMe":true,"id":"8FEE20625976A3C305640EE7CF69AD29"},"messageTimestamp":1682995180},{"key":{"remoteJid":"5527996957286@s.whatsapp.net","fromMe":true,"id":"A20A479631D44B16EEFD83DA80BCF4DF"},"messageTimestamp":1682995204},{"key":{"remoteJid":"5527996957286@s.whatsapp.net","fromMe":true,"id":"AE0F47C5045185C2E911816F2C7B86EA"},"messageTimestamp":1682995226},{"key":{"remoteJid":"5527996957286@s.whatsapp.net","fromMe":true,"id":"3B45C282E37F7BB9EABB730E07550156"},"messageTimestamp":1682995249},{"key":{"remoteJid":"5527996957286@s.whatsapp.net","fromMe":true,"id":"1517320DCEA958E2FF8356A887DCFFB0"},"messageTimestamp":1682995270},{"key":{"remoteJid":"5527996957286@s.whatsapp.net","fromMe":true,"id":"25CE7FA6287BA07FCE2B92A7362F57D7"},"messageTimestamp":1682995286},{"key":{"remoteJid":"5527996957286@s.whatsapp.net","fromMe":true,"id":"5990F87CFEF07FF1A19BADAF8D8E5E90"},"messageTimestamp":1682995291}],"nextPreKeyId":31,"firstUnuploadedPreKeyId":31,"accountSyncCounter":1,"accountSettings":{"unarchiveChats":false},"account":{"details":"CJHjv7wGEInuwaIGGAQ=","accountSignatureKey":"RWWB7hb57h+ykQS1E+Ogj10WonAPN3ZVNirm9V19cRc=","accountSignature":"DBzu9MFX2Ms45MKQquUOiSPQb9IuUApG4ykd2u4tV/LrK4OBNWCm1rDsHVrnKufkfgJA0AJE7l7uZ+PfNGIlDw==","deviceSignature":"zn5h46ewRb/LZTWh9CA4ABW4WwHYRvcm7q/gNjdqqsl3nOUsGWZLdY26R8nUkX2whzz9ysPll9iWs8n2lS+ogA=="},"me":{"id":"5527996957286:14@s.whatsapp.net","name":"Jeane Moura👩🏽‍❤️‍💋‍👨🏽👦🏻👶🏻"},"signalIdentities":[{"identifier":{"name":"5527996957286:14@s.whatsapp.net","deviceId":0},"identifierKey":{"type":"Buffer","data":"BUVlge4W+e4fspEEtRPjoI9dFqJwDzd2VTYq5vVdfXEX"}}],"platform":"android","lastAccountSyncTimestamp":1682994956,"myAppStateKeyId":"AAAAAEp2"}