{"_sessions":{"BTf/A/8nKWe1XKkHhUN9OWAUtqdVUJkj/oxV263aK54k":{"registrationId":1173736767,"currentRatchet":{"ephemeralKeyPair":{"pubKey":"BeNtZOAskT/msBWp6nafdIDrGijbGOEV92SwbqNk4VtH","privKey":"eMTwuHOhAmJYMechdf2mwz22s9mDOUJf+6PajIIidEU="},"lastRemoteEphemeralKey":"Bex2K2AOi7Hms1yzS5ThxbDrS8oeKcxIxWQKQy3TSKVu","previousCounter":0,"rootKey":"Wa5kax541jxYJiMycbpAkGcka2zYxaaSqszLIjXH3es="},"indexInfo":{"baseKey":"BTf/A/8nKWe1XKkHhUN9OWAUtqdVUJkj/oxV263aK54k","baseKeyType":2,"closed":-1,"used":1682995291552,"created":1682994957536,"remoteIdentityKey":"BUVlge4W+e4fspEEtRPjoI9dFqJwDzd2VTYq5vVdfXEX"},"_chains":{"Bf/5mrGvVC+0ANZqui2oFbYNlZhgQ0++EkfwF9xJNONj":{"chainKey":{"counter":16},"chainType":2,"messageKeys":{}},"Bex2K2AOi7Hms1yzS5ThxbDrS8oeKcxIxWQKQy3TSKVu":{"chainKey":{"counter":2,"key":"GVPlgDLf7CbuOcbvivDe5ptHe3uhXrqlvFa9QYJwD2I="},"chainType":2,"messageKeys":{}},"BeNtZOAskT/msBWp6nafdIDrGijbGOEV92SwbqNk4VtH":{"chainKey":{"counter":-1,"key":"A8PvmIMwBnfeDzJkeuST0QDz3eX7mXDpM8++CIaKtS0="},"chainType":1,"messageKeys":{}}}}},"version":"v1"}