{"_sessions":{"BbVXnyfN/+72sIR9fSmsX2Kh1owoDnR4MKi2IRNXFZQq":{"registrationId":53,"currentRatchet":{"ephemeralKeyPair":{"pubKey":"BYUoVQei6Wgb0CVAP+URwC8KXz7TX2mhA6k9BP3khZZ6","privKey":"+LTvm45tuxlVgBJZrDlvbxtUuWNzBTlRNU66Ol2cH1A="},"lastRemoteEphemeralKey":"BQ1ReFDHzPa1k6nz0n7XmECnxHQX8DmCl3j+1RiZaZ5f","previousCounter":0,"rootKey":"3SaPibCIjVrk1kWa8/lH0iMWJ5LVzkukaGGhAzsvzdg="},"indexInfo":{"baseKey":"BbVXnyfN/+72sIR9fSmsX2Kh1owoDnR4MKi2IRNXFZQq","baseKeyType":1,"closed":-1,"used":1682995253219,"created":1682995253219,"remoteIdentityKey":"BaO8febVMaSOxgdsLJe2bUj3P7232/jJk0GOw9qNhbco"},"_chains":{"BYUoVQei6Wgb0CVAP+URwC8KXz7TX2mhA6k9BP3khZZ6":{"chainKey":{"counter":0,"key":"wOjdbNPqoRx0HjolKo3ITbLgKxH/ZY5owwQHj4mtHGI="},"chainType":1,"messageKeys":{}}},"pendingPreKey":{"signedKeyId":1,"baseKey":"BbVXnyfN/+72sIR9fSmsX2Kh1owoDnR4MKi2IRNXFZQq","preKeyId":14}}},"version":"v1"}