{"_sessions":{"BbIDBRuzbgO2O1AI/xd/7UiLbRYxuLzCL6QncS978+x6":{"registrationId":793129035,"currentRatchet":{"ephemeralKeyPair":{"pubKey":"BXrVwgxgI0cdlJj5D3xrP7/PqRJzRU5ZgupFpERXwGsa","privKey":"YJwDPwelLZC00JjiFlybv0DnQJbeLMIrBsTmwlB6o3M="},"lastRemoteEphemeralKey":"BSvNer4sUW6Mg3qHaP+m4jd+3YbHnMtQVrDpV+D32vYA","previousCounter":0,"rootKey":"wG8ZN1KY7lVxYl3wqRJgZnyMafCguXEItyLFMmnXkXU="},"indexInfo":{"baseKey":"BbIDBRuzbgO2O1AI/xd/7UiLbRYxuLzCL6QncS978+x6","baseKeyType":2,"closed":-1,"used":1682996524502,"created":1682996524502,"remoteIdentityKey":"BZv97UofBLADnJqpYU6afqtKDTR5AeH+NQVpHT5EsL95"},"_chains":{"BSvNer4sUW6Mg3qHaP+m4jd+3YbHnMtQVrDpV+D32vYA":{"chainKey":{"counter":0,"key":"55ag5t0AL/3almLnNFBgHaNTSGeL6VX9ajwp54Fb9Zw="},"chainType":2,"messageKeys":{}},"BXrVwgxgI0cdlJj5D3xrP7/PqRJzRU5ZgupFpERXwGsa":{"chainKey":{"counter":-1,"key":"0rg+1E8reIAHd1oco81imiV7ROgJTIUTFEb1gpYNsK8="},"chainType":1,"messageKeys":{}}}}},"version":"v1"}