{"_sessions":{"BYIZKnrWdy2hDzjhsaihV8wC6dHVtC5g0stDx+LB4v0h":{"registrationId":2069,"currentRatchet":{"ephemeralKeyPair":{"pubKey":"BWzWqNh4SlD5g+oVIerfYSSyWIFKKwnGkeY4/tQfjHZt","privKey":"iKlYHY3V6C4e31bWjoGt0VteS4m1CaqEX8NFgqJYw0w="},"lastRemoteEphemeralKey":"BcrMXpQy35ppkuydjQhgRO9hlTWpzjbUQK6TeSxu4joJ","previousCounter":0,"rootKey":"TbLBDVypEOHQcFXhU0gHTiz2gY1f5VJ1RED+bcZYif8="},"indexInfo":{"baseKey":"BYIZKnrWdy2hDzjhsaihV8wC6dHVtC5g0stDx+LB4v0h","baseKeyType":1,"closed":-1,"used":1682995253196,"created":1682995253196,"remoteIdentityKey":"BYQ1jMa2y39Z2H9XolbwSpgWC800lkat9lL9lZbVwSM2"},"_chains":{"BWzWqNh4SlD5g+oVIerfYSSyWIFKKwnGkeY4/tQfjHZt":{"chainKey":{"counter":0,"key":"ceRe1Li1teVetO6e9Q+c+av8IgmqtEbHGBJj65/6fg4="},"chainType":1,"messageKeys":{}}},"pendingPreKey":{"signedKeyId":1,"baseKey":"BYIZKnrWdy2hDzjhsaihV8wC6dHVtC5g0stDx+LB4v0h","preKeyId":285}}},"version":"v1"}