{"_sessions":{"BVVr5FOMcN69DlsfJ7R4kO+0fdfJAwdA7/NIo+IMtsp7":{"registrationId":15625,"currentRatchet":{"ephemeralKeyPair":{"pubKey":"BRUg3d0gAyqMOEjnD8wrlKDcOZhWH8RxqFRGxL0aUnhd","privKey":"cDs1jM8cpNmrgEqFpVPuXmBwrR6742Ym5JLYPVFdhEY="},"lastRemoteEphemeralKey":"BaEG7J9CSz60KpiDbRwl9ly/gXK6upbLFVc59nJmmgod","previousCounter":0,"rootKey":"WPoNXh5DtCCoovjWIO9+209t0HtXG4KDjsOKn03Inpk="},"indexInfo":{"baseKey":"BVVr5FOMcN69DlsfJ7R4kO+0fdfJAwdA7/NIo+IMtsp7","baseKeyType":1,"closed":-1,"used":1682995253212,"created":1682995253212,"remoteIdentityKey":"BcHtK+CznZiwHVpzQBJ+RddygmpMxR8DIAPF2yPGvstj"},"_chains":{"BRUg3d0gAyqMOEjnD8wrlKDcOZhWH8RxqFRGxL0aUnhd":{"chainKey":{"counter":0,"key":"tmc5SzSWNMTcj8HuzhB4oKfaQxd8spJmZVi72XqvDiI="},"chainType":1,"messageKeys":{}}},"pendingPreKey":{"signedKeyId":1,"baseKey":"BVVr5FOMcN69DlsfJ7R4kO+0fdfJAwdA7/NIo+IMtsp7","preKeyId":337}}},"version":"v1"}