{"_sessions":{"BUusl/VSO84+ylGMEj0wPmZtBYDfE57utWiGIeyg87gb":{"registrationId":880512065,"currentRatchet":{"ephemeralKeyPair":{"pubKey":"BXGu9t9EQv9hsid9g/NIrI2fLDtHZNaTY8g9oyDlwdoq","privKey":"OByfrpZc+g/UNsb6MEDZb1UmDn0h3pF3w3WeAwVdSHE="},"lastRemoteEphemeralKey":"BcQrE75OhSbbZvebktgIRACjgXeZ/f4C86Hp4QwTRlli","previousCounter":0,"rootKey":"PuvSptqOddHUpniLIbX45RtTlPt8M7OKfkCBI1ARWmI="},"indexInfo":{"baseKey":"BUusl/VSO84+ylGMEj0wPmZtBYDfE57utWiGIeyg87gb","baseKeyType":1,"closed":-1,"used":1682996527352,"created":1682995253236,"remoteIdentityKey":"BTkMusQGlVk1hpVfGjnyk7UBCMuYCSQBavglR+O9fKRQ"},"_chains":{"BcQrE75OhSbbZvebktgIRACjgXeZ/f4C86Hp4QwTRlli":{"chainKey":{"counter":5,"key":"QCuH1YDwanNElR+vtQfux32JLVcloqUq8vE61O922ZA="},"chainType":2,"messageKeys":{}},"BXGu9t9EQv9hsid9g/NIrI2fLDtHZNaTY8g9oyDlwdoq":{"chainKey":{"counter":-1,"key":"NWipBwwHC9UwaZTVm9bu+EPWba8hVDC9mDSfnE2H/eM="},"chainType":1,"messageKeys":{}}}}},"version":"v1"}