{"_sessions":{"BccUBcNV/q/DGV9OLHnyrQLHXLjXOsYxQHrJDvce6Fg2":{"registrationId":3629,"currentRatchet":{"ephemeralKeyPair":{"pubKey":"BXtRgKTGg1btiIlguPMLaG6heGRVbxOiPiSKth4Tx65i","privKey":"oHNi3HJFlB9o1ZFE9c3kBpnDBfQUiM1dzWBQlhWREWI="},"lastRemoteEphemeralKey":"BYo5t7NRzgcPIdgaN3UdanuBEMr28GuL9/lSU77B5iVr","previousCounter":0,"rootKey":"WIpAyUCaOhwV9eWI8N0h65N8u5PJkUo5hSQKBqIyQ7k="},"indexInfo":{"baseKey":"BccUBcNV/q/DGV9OLHnyrQLHXLjXOsYxQHrJDvce6Fg2","baseKeyType":1,"closed":-1,"used":1682995253178,"created":1682995253178,"remoteIdentityKey":"BQNv1dARf3Vu+HUrzJ8+rZ3ywDLeoLKRZZsccXU1n8lb"},"_chains":{"BXtRgKTGg1btiIlguPMLaG6heGRVbxOiPiSKth4Tx65i":{"chainKey":{"counter":0,"key":"7tR2Cy1SZQozpLn7FQ0wviZvtVP/PLt2G4IgxVDz11k="},"chainType":1,"messageKeys":{}}},"pendingPreKey":{"signedKeyId":1,"baseKey":"BccUBcNV/q/DGV9OLHnyrQLHXLjXOsYxQHrJDvce6Fg2"}}},"version":"v1"}