{"_sessions":{"BRDPVVzejEQW4X7oMaLf3iU/1o6bBlBFig3FWcDkqMV5":{"registrationId":13481,"currentRatchet":{"ephemeralKeyPair":{"pubKey":"BXRou9obD5E9ruYqxp9t49gusAbD02Wgk2dIYexdoVhE","privKey":"oL1tmqMnVtkZQR9T1/A3qoJMJ6kWkz+9h2ilV5M1a2k="},"lastRemoteEphemeralKey":"BRg3BOdVAX5kb5KnHsbSuFunhj4AbMiKzDpSUToKHlEb","previousCounter":0,"rootKey":"duQRG5eC0C6UnbTYJrhjWx+xj99dW1UTD23XtevhgqI="},"indexInfo":{"baseKey":"BRDPVVzejEQW4X7oMaLf3iU/1o6bBlBFig3FWcDkqMV5","baseKeyType":1,"closed":-1,"used":1682995253185,"created":1682995253185,"remoteIdentityKey":"Ba9UpXX7mnKhPzeTqDEx9IbGYT/W6X1J6KDZcVsbWGt7"},"_chains":{"BXRou9obD5E9ruYqxp9t49gusAbD02Wgk2dIYexdoVhE":{"chainKey":{"counter":0,"key":"A+h8eB53wo0ih1/zl8BvdyKV2cEobOGKaq1w0mLI7R0="},"chainType":1,"messageKeys":{}}},"pendingPreKey":{"signedKeyId":3,"baseKey":"BRDPVVzejEQW4X7oMaLf3iU/1o6bBlBFig3FWcDkqMV5","preKeyId":1709}}},"version":"v1"}