{"_sessions":{"BXZmvSvEjoKIdRVZCqEl/styxsLsyIxq/LXkkkA0v8wK":{"registrationId":5846,"currentRatchet":{"ephemeralKeyPair":{"pubKey":"BaHUzRhkPQN3mkinK4LjcGRXJRIDJF+7kPV8DPvS0htc","privKey":"yOf2Jjn4OngdQi0oFy2nlWczFUaFzuFFddqO5wcN2Gc="},"lastRemoteEphemeralKey":"BTGOMQDltK107sjRqE8zUZ1hCS1f30MLwcdLGtdJmCMJ","previousCounter":0,"rootKey":"YE4f1Mt0Ucbk6bR8O3jloh90Zb3Q2+hUwp5K5WdSv+s="},"indexInfo":{"baseKey":"BXZmvSvEjoKIdRVZCqEl/styxsLsyIxq/LXkkkA0v8wK","baseKeyType":1,"closed":-1,"used":1682995253167,"created":1682995253167,"remoteIdentityKey":"BVUFFi3J6lDLlWA4aMK8CSNHDwB/IJzWWJpHgesAIR8L"},"_chains":{"BaHUzRhkPQN3mkinK4LjcGRXJRIDJF+7kPV8DPvS0htc":{"chainKey":{"counter":0,"key":"jQPhD7j24Y0TUalq+obU1weOTW6YApn2kFprRUJzNZg="},"chainType":1,"messageKeys":{}}},"pendingPreKey":{"signedKeyId":1,"baseKey":"BXZmvSvEjoKIdRVZCqEl/styxsLsyIxq/LXkkkA0v8wK"}}},"version":"v1"}