{"version":56,"hash":{"type":"Buffer","data":"bFSPPFfszYQr3qjc+EUQWiorzDL6Zgp3rSAza2EahCA77KN6oIDPRc8GWTsSBJJF99q8uxeFkKC74DGi6TeCwFdLx1PAJwvK2rbEaNJ9yT8tMUE2BqU0acpzVve7ihVRsvZXjejlp6wyVyrwszkqJTNz1iHT8/JpGTMBBQfmxgw="},"indexValueMap":{"A1wg7zd7t76VAW3MQueB/fJV45hUpoQ21MU03NLcYOw=":{"valueMac":{"type":"Buffer","data":"kak3QZCwtZUaJaI67RNYiCGFcJ9dhyJUvVW+p5dKF5U="}},"A67RzbZnsT4bqUSNUrVga01Ff9sWwNYkoFaPMwaB/PE=":{"valueMac":{"type":"Buffer","data":"vsFxvTI6QXVELR5Txkgs1Xy7RpB5tAIQlMR6Ot9VWCU="}},"Bq+qoiA4SDVGFTV5PEJ7ZQdcQkKCzmVHd6JZh7zpwiU=":{"valueMac":{"type":"Buffer","data":"O/yFOR4Okgatg8RO0A9qwh1d0U03lX2B/3zSE/qCl2c="}},"BvsTa664T5rKZgsFW5axY25V1E9fW7t+upQMHGGjL2s=":{"valueMac":{"type":"Buffer","data":"WajhsrBoONUZ3Eg0mF0r1LCnbBPPpZA4swW1Z4TbRBE="}},"B95TeTEIFpwJN7RNlBKcZfhFnIhMA3mnoZHxWQH1+ow=":{"valueMac":{"type":"Buffer","data":"4c0HSgwCL2lDiCE6EPnD2sdnePqM2Iw687vm26bWZPU="}},"Cn3d2zELrX2CnFXikFmbjFDcN3MrVRHbesrtvtAAEvw=":{"valueMac":{"type":"Buffer","data":"PNXYGj2mO5LrWEGUaQ3glPNLx9KkDJ97DSobe8Hps9E="}},"C3Y2pxsRV01fkAWQtwpM+OWrj7jg6XNS6joywStCfFI=":{"valueMac":{"type":"Buffer","data":"QjL06/pyjIScLR9bZgn5e+OsqH/uvaWmD2Mv+LDCjzw="}},"DBhWspNLDsBHmZ35V1IZgChnjCYz3JDI/sTnWRoa+34=":{"valueMac":{"type":"Buffer","data":"XQp9yLdwVCqIVwRAHSIVnfYnxDlWlNUrfRKc9165Sbw="}},"DJROWH+4znlN6shikdB5LIraCW/0O1RGbX8NcerVYLk=":{"valueMac":{"type":"Buffer","data":"DmAyqRn6WVXDpEp1sjrFT9VBRhKJWslIWZ8iO/dP54w="}},"DYWQcAPXqM4Pq30BW1baw3RHhDv9wDTGK7cNKjXVw30=":{"valueMac":{"type":"Buffer","data":"xPzV39zLYL6HvIK1hPt2MgI3SgO6/dJy96+N6A6h7vI="}},"DoUTPIxjKpc5KG9SeEO9wnKl0MkcqO0R9qIGrLHlIdo=":{"valueMac":{"type":"Buffer","data":"AfkCQWcAgCnGV4Yzp5Snn0rJ/ztDg18pD45BgzbbS34="}},"D1VodHgV1mOMxz4OP5gwFDm49CLeaWGgDqR92nmTQrs=":{"valueMac":{"type":"Buffer","data":"o4OoNtBgK4F0xTZpUUFvQ+KA1F+Tbu1J4ZJrWNu8Ifw="}},"D5XAx8PNUJk41K4FXZexVC1oSXuM/tekpwWXCBxoIXA=":{"valueMac":{"type":"Buffer","data":"TroA3JzxU5YdOEkjFyTIWC1bw4LA2b7EX8gok+jPWRs="}},"D5j0JHZKzF/L19pQJ0nGQMcjALdDcXRhEXWnxlAzxC4=":{"valueMac":{"type":"Buffer","data":"Y3a7o8NXbuTaPHt+i1zMLAVmtqVxuEFfCu43SRMsaP8="}},"EGtFWUUVb2J5SS5GVZVSA0Es3v09vKhNQvWOSSz2PFc=":{"valueMac":{"type":"Buffer","data":"7re8+kzO4avhIfuqH9nQ8wrEaUozyKfNs920XJrTbQE="}},"EekxIrVfEuc9fXaipUP7exp+nv67Mz5g66TM5VZc0e8=":{"valueMac":{"type":"Buffer","data":"bSGEQQcrT/0vOY2FtA0jUGfXaZBIDnCVlkbzPWi+eOA="}},"Evk/nndYH4OMMMkfTqV8TsOvVP31Oxr7F222mSlpmu8=":{"valueMac":{"type":"Buffer","data":"OMcHWH/DpqsrJgSMzbDix1YwOewJpCRPGxh8VlX04Gs="}},"E2skE0T0X7KY5RU4jBAIc9pN8zlYrNbnlgvtEAZFTFE=":{"valueMac":{"type":"Buffer","data":"dVeDPGHJR4Ug+RJ4CBdszxtDc8GzVJ9LwkYUneLh+BI="}},"FQ51QjMAc9r0DJnZhRj9oFUbIQrptFArGW3+n7BbYjc=":{"valueMac":{"type":"Buffer","data":"EWxaesfRbO6YHqlw4F403cSvkiVoI+kNYRfTMRtAQUA="}},"FSBi8tx96FGuSH1kKLDb6xp2F4zPQWM/U4bQlMHjL6A=":{"valueMac":{"type":"Buffer","data":"lMQSpC6qRMk2w0xeaqveohdY7VmzMkuNm4T6/b/ZGQ8="}},"FbLyhdZbVC8pt9zBR6gud+M4phr1LBuYiaDteXLaznc=":{"valueMac":{"type":"Buffer","data":"Z5307O3AqFXFAB5U0i6qwrjd/0WE9ZSpmyWVStn28cA="}},"FjtTWHxlfayNCh4k0t+Ct5LL3baRuCxNDaR1GtD9RRg=":{"valueMac":{"type":"Buffer","data":"IAg2/OEyZ7YJ+hSoamwlrObLbkTc6BqhwkAC+LDuCbc="}},"F/vkCMvIbw7XTHV5lN0WRerw+IF8u9KwNjf4sQ7XtUA=":{"valueMac":{"type":"Buffer","data":"qVn443od6mIwVKnOORm0W2Q5lHR1vLwrpzB+21UkHd0="}},"GPyB9dIxNvPQX626kzBqQMR6sZt94jE1JO1xnJN5T5s=":{"valueMac":{"type":"Buffer","data":"lG7FGGyW+7mUVwtebQUge809v4gXRcmRktqp8XQRlhM="}},"GVkBOaR786XSHPqj4JwGAsw2/71bE8ftZqdydUnY498=":{"valueMac":{"type":"Buffer","data":"TkgxO/Jj2eVJscxqbyheWKCk/6GVNMh6gcYW+LL3Uvo="}},"GWtgTrdXE+iLaPHfHwVWKuPB+OUycDLRWB2XLW8HRII=":{"valueMac":{"type":"Buffer","data":"6oYc9tNPoLxZrLFvVEVc2gGUCwrK9aR8vEKYpUaqyKE="}},"HGioVrm68N4+/ez366ufMibZmYylAMGYpEJ+WzzIjrI=":{"valueMac":{"type":"Buffer","data":"lIBtb5jHlaOoCLx8zkba1rse2r7b0bNuqPtkwdvJcjw="}},"HPLfBn5GzdUg5BjqAeUMeneEGbLU3NSHLqwqRwrj2XQ=":{"valueMac":{"type":"Buffer","data":"Swy6ipFuUZ21BHaGZB/OenDphCGE8AY8JooYgHiWshY="}},"HZAI6tS9j2gd89EIWT37BAOFJ50YDTEfxYqdRLL7kr8=":{"valueMac":{"type":"Buffer","data":"0l8UznQ9ydoJ8sfNJ0MFLIKAzn3Do3/H1fOynAB5HqY="}},"Hw1/ecIrp5yPA6nDCZQtm7lzB1CQ/BiTbIF5b8vx8+Y=":{"valueMac":{"type":"Buffer","data":"AWSdKShWo/0V+rAPM0szrYkVgQ33ILfz1NvftSn7ec0="}},"H4cu5avT1fLGRIcaOZ+JatP1aRFwmZevsU2Go6w0xtc=":{"valueMac":{"type":"Buffer","data":"6o5iSBq3h+O6LznvMZEL/W6/v2h0maacH2X5jJ+dN0g="}},"IRu7n335asJGDR41NiZDDBzEDngJmjRmZe+Gy1xTFb4=":{"valueMac":{"type":"Buffer","data":"mCCR1VQ7LwFeFxtQK9LC8IAKRxIDwmVwgTDypR7pB1Q="}},"Illv8aTHfmaeTz83ZM4ZBmQTAuVNYqSiO0T4XGUsC/c=":{"valueMac":{"type":"Buffer","data":"GxjXMdzfpOEU5s/j7WBYGX/7JPVFvOrzZo1KdVz10xE="}},"IyCtYSkBnSuDOWQf6jgg7It1fDEWGyI6xUUXvWv+SAA=":{"valueMac":{"type":"Buffer","data":"E54SoiF8yr+BY8tNt75ueCKfIZnv2e8OkpmOxhhohPU="}},"Iy83RKL5TB8wOZ0qcu5jxTrlkMIlzatVtL25qIvgX7w=":{"valueMac":{"type":"Buffer","data":"BEuyCmvYKXtWzSc9l9xXiAklyZY6IxlsoYu07MT2+Cs="}},"I11cQrUKx87R3AGmPr8VVPMHit54ghVZGY3arq1gGBU=":{"valueMac":{"type":"Buffer","data":"k44Lx2vyCYlG31J/eQHKhdLfoKYZ+l+KovjRw7in+KQ="}},"I3Pb6MivxcqS4yk+8VVblth4p9Grgg+lSUz16x18uT8=":{"valueMac":{"type":"Buffer","data":"6JvPwXYE97bf2qx+L+p5K5kvMkPCwfNvLeYKhvMg6jw="}},"JJ9fk0aKLbrS3oFcWLs3hMunsFGeUq3GiKhasouyaPQ=":{"valueMac":{"type":"Buffer","data":"uuhEEy33xdXUJW5vvqKSRrYDfou30sBTz5HAI02fwCg="}},"J9akHqVR+AgsEqxXkGWdPQpj6bRUb+IrZVKHKcWZqHE=":{"valueMac":{"type":"Buffer","data":"2/sMhv9cIwFVx21KQDO247C8CSEiVikQ1y8XU/LAFNs="}},"KFnTtwebt4ryzvULxuiSyEe2Movla5cTcRzxP1uvn54=":{"valueMac":{"type":"Buffer","data":"tFPO9FLRp9nqmLZikd+Hiuam7aRY6EB7E18erWEG/9M="}},"KVFpMA2HpG/GGUWzGF7MSTbKH/GWl/Hkpn/WFB3/C/A=":{"valueMac":{"type":"Buffer","data":"kVguT85OGxq3APgBhhi3xQIBOVhtuZHj7T/TsT28jA8="}},"Kkd82XkBvLPM5FLiqKKUQDDgg4ecyL0+lp+szz/dGYw=":{"valueMac":{"type":"Buffer","data":"V+pFrYm8xY6/Pl+cP2osGKm/7xkjvEZACo9Dms3tb9E="}},"KmOKLMSS9nE2i33AnZzJR0vkuX5acioYvF4aR261DRw=":{"valueMac":{"type":"Buffer","data":"E3r/HTUY3tJEqd22VvZ7n4Lf1jFSk/5NGK46ihOmiSo="}},"Lv+hQ/HgTnv1/IMJ639fMFTyOjHTP79yMrlByQMW2Go=":{"valueMac":{"type":"Buffer","data":"ZGZx/R56LQDOHMfKjAewf0SWtNJUb9kld7eSibx/t9E="}},"LyT06qPoomAIII75Mf5bVnhsXR8XsyUFSVeLFGZ6u+4=":{"valueMac":{"type":"Buffer","data":"Qksb29c04uxaQVQDU2JNJchhF0AOcbY62iTgaF4nx6U="}},"MPm5v1xdPJmn4Di+MHO2TOhHuVj5jDqai/1qlhNOe0o=":{"valueMac":{"type":"Buffer","data":"9vP2mcMPeE8S/vO2rPgK47XjsatDyqn3DKkjvc1QAwE="}},"M+1n4gobOqhVHodezZC6moJvdORCoEGoyNS05N3uI/M=":{"valueMac":{"type":"Buffer","data":"amfb0ys+Hx0ULboSz52RRUueAF3VeejBRHyAkracD5Q="}},"NKo8a+hg/Ndxp37px1mb1AfSTiMcLRW9LgxN9PsES7M=":{"valueMac":{"type":"Buffer","data":"GwwPbuo8RcI2HjdbcuXu0FMTfThgHdoC/kNye/G+vJE="}},"NWotCi6s0JAqSn7/Yb4JnA6BATm8ZgUhR48x1ji7ysg=":{"valueMac":{"type":"Buffer","data":"HtKYndhWneMtEyf/U2CqG/zY82BP25r91QFpcNc4c5s="}},"NiKsOdJs6orLPh39q7MK/LNWzor3AOIq71aAN16j/mU=":{"valueMac":{"type":"Buffer","data":"ZrplJV+K9dEMBAVUMm8wVBSKoDfqvIatVFIuZO+8Xw8="}},"Nl4cfRx68hWt8fLdT8Dl5InE+SqyeqKaNaV/NWHR5vE=":{"valueMac":{"type":"Buffer","data":"Edjp4H4U7yNrf+bTb2Lpaweawf7yCgNpBMsoQxSKxEc="}},"N3iM8IfPUrkdlw3VnOZoZlYe08U2+6G09rwCf0ncGYQ=":{"valueMac":{"type":"Buffer","data":"KVolYYouLYW4zLvyYVEvQ4c5a4itGRn/ca3CVSWYs+8="}},"OY99NlB+XdN8nM5Usen3Q4AdQCxJUh76o6mFv4oldAM=":{"valueMac":{"type":"Buffer","data":"Hmjt2LA7kdVJV5irJ1KB7adbsO1jxiinr07dhUCLddk="}},"OeKKfdPkYQ/aOcKh7TOeTSwlMynyyLsH4JuxUwSr904=":{"valueMac":{"type":"Buffer","data":"70ayz0enS9Bl2aR9/Ev6UPEMy1iNxcIvkwtfv8YkjG8="}},"OfjmwmobuXfGUA4zk2c8KFayd0eD2cdK90FbuGz1ni8=":{"valueMac":{"type":"Buffer","data":"nB+2UNDMt5KX6q/992561MS7Q071A4fYBwBvomjWavs="}},"OhbsxB4Phy3aaMC/i8MtWpiQcxbTNCQzcqaJMGCj0D0=":{"valueMac":{"type":"Buffer","data":"7Ov9MeDVxvGuqGX6wCpchrxeaSkbIgIO5QnQBbCOQ2w="}},"Oh5hgCy/5SC5SoqASlMWWUVWt7yNnr3a10yCk2/z/Lw=":{"valueMac":{"type":"Buffer","data":"UEzU99nTGSLtdbPdOuSudqH5yCzcA7JSGQMv9Qb0nUM="}},"O1oUP1og2o2RARy3mJUEVkz6uKfecOb6D7wfATbs1u8=":{"valueMac":{"type":"Buffer","data":"DF71iWCcjlQBpbYpXDlP4QycX4AlVuwuPR8wwXhu6/s="}},"PC/pmk3J3gIiyieUyal2hm0c9d8JFtz24Vft8SzrEfs=":{"valueMac":{"type":"Buffer","data":"ozaXdULdqy90lGzNw6FmpLpAxDq5EHivgMHbKnlYpXA="}},"P4Aq2R9iWVui34swu8WhPHWTjUlSgcp4h7LW5abclvY=":{"valueMac":{"type":"Buffer","data":"Y+sFeF8V6iHQ6pQIC3eBKBE8OhVOpES12diCXXHBOr4="}},"QN2SWoTnc6ARPKPc1OZ2Iwz5rg0DP06b7zUSv17w5fg=":{"valueMac":{"type":"Buffer","data":"u3wuY0VTGBnupZQ5+FIoiFUNB3+8U9QQzyQ9rH8iUuE="}},"QU6HCi5A9hTeIp19Y6BYzMAPu56hW8Z39QzwQLVOpPs=":{"valueMac":{"type":"Buffer","data":"3FyV5r4BQfjRlGvTrH4lMR/og5llxVXmaTl2z9uJ4qk="}},"Qs1AFhFQSwtcmjn2avLXG5VIpdR7mmce8Klij0rWYYs=":{"valueMac":{"type":"Buffer","data":"f0hnjTmkZrk32NxBFP8UhXUcy1rQqpYAjb4M8gHl4vA="}},"Q3tqrFm4el1i9RvKaPgL8Fp/SlRwXN82rXtw0+kGNt0=":{"valueMac":{"type":"Buffer","data":"CROwAzBpzC8nXoAoqTiLHhZiwQ1CFYC7GecV2RZ8A5g="}},"Q7XZiPaqxbDBDSkeiYyk7KtNjx7WWrRv5lRNjQaB1jY=":{"valueMac":{"type":"Buffer","data":"A/DmZp08ZDt6skOFmRuedjqTUlxqETtPTGInX9Mf2Kw="}},"RN5AMgRPLB5Lh227wT5HvpgavF9OzkBImFmN0SrNK28=":{"valueMac":{"type":"Buffer","data":"tAqCy8Kw+XHRgedSjk2dcnRlxF2JAJZ1ihG9f5F0M8g="}},"RcS2rOtdjqnD5+0DfWrTJiyJLctRpTBdhesrk+5XbLI=":{"valueMac":{"type":"Buffer","data":"i/yob7nSxZLHZ1xYO590xATHUe/QJebsX0pxHTlHe8E="}},"R1AvfuIjMxMfS+YQq7DivId/JA81wBvCViYy+gkqOzE=":{"valueMac":{"type":"Buffer","data":"KGSwgFq5C1o97CupYhg4/Tdrt2tr00BU5OBgvAoCedk="}},"SV1z80mV9eHvxPCQcCFF0SSg5mNJMOXSk5Xlv3SNWig=":{"valueMac":{"type":"Buffer","data":"aSrBxqL/aPPxkdeyWkar2RWIT0K5Gc7SfQNEII1+j8E="}},"ShwDw9954f0FFDSDFkJOUhrp34r1ZhY4NpLLPh4KLaI=":{"valueMac":{"type":"Buffer","data":"QVEkvIfGbJ3DUK9LM9DLV6u/d0vcgcy+PofYYP0Zo4Q="}},"SkVLv+QStKcvoA+YsImcFE2a1/HCerlMi1MTcLx1QDo=":{"valueMac":{"type":"Buffer","data":"O9apFO8jkAejppUaZdx3poZrlGEQj+3lEe+woe51NPg="}},"TFfK+He74WeHbI16qix+kEMFWTrqNA8pj/hK3yDCEl8=":{"valueMac":{"type":"Buffer","data":"PSynAaoSRol+fDbwMdWHJeVrXmlEWwgMkqGvpZqNdpk="}},"TFp1+C2wDrhJ6LE9gBEtGQcN5690TUkYWrLMsl4sjkI=":{"valueMac":{"type":"Buffer","data":"BDT+ExRKA9Z6iibRtcyfWPop507jtvdOET14ZXpCjSI="}},"TRybWLeqKHTGawOiYWh3e3JMMxFSVMBjl+fQY/DW3L8=":{"valueMac":{"type":"Buffer","data":"AlqwZwQfDXwz2WI2hOBKeEBPQH8995CtJ0thj4rCjC4="}},"TrS6ijwPe8G+7y3d1AsMvCG5uYfW2NXIbJvj4eNCBDg=":{"valueMac":{"type":"Buffer","data":"bzbiQDXVTCroXg8MQmoGpf4ayDkkvePG4FtYT98n0p8="}},"TskHBlF2iKsps28B3ONd/Jzbr6gmhW5etsOkB0FXKEw=":{"valueMac":{"type":"Buffer","data":"GD0a8C3t5mq0ZmWiAkpJNj1bPTh2nCdnMu957ycY4I4="}},"UJAdVcZZEFrlrV6dSph3uLjRqu3Mf8N6ZIVbBEQmWQM=":{"valueMac":{"type":"Buffer","data":"eZWpE2O2h6aNpn3bzrrNOgo5nMAVMFbO2VZFqyVVSHs="}},"UMl+8eMm1pCvDAv1rs5tZYXt4JY+SMRkqfOMuXbfQ3E=":{"valueMac":{"type":"Buffer","data":"YrLjfuVrVwyYPcw6JPAwF1prfsFGKexi9L4nwkW23a4="}},"Ujbgy58Nqmop7Hl9XPLC/8Dpv1RYOiW18Sn7vF/4eb4=":{"valueMac":{"type":"Buffer","data":"DNZLXq5R1dOBOkKvUaAbD2FwHzlwZafIX79uYlpX8Qk="}},"UzdPW934iiiamDPOksvj/PCdtCGDjdssNQoaUimLmtE=":{"valueMac":{"type":"Buffer","data":"GRGYdtoneh0Bi/UVc6Dyfx2qrx7oL6YkkTKIG2tc4Xc="}},"VAy0L/VNhC1eS6v+AKv4YzXgIa3WlWzEiA1omcjadpo=":{"valueMac":{"type":"Buffer","data":"NfGqvCi/+CXfY4hV/p2a62Psgn0oC2Yra7KsMVSpOio="}},"VpltzNI+7yjq8sKP00CqYuKRKCfCvAd38TaktWV60J0=":{"valueMac":{"type":"Buffer","data":"ItrlwOYpS1mae2fOt3Q5Qt64bgl8vpTVs9a9LPNqRsA="}},"VvVLxZnXJq8/JdrJTTVZftfkd0Dq2PkQ8DWeluK64ho=":{"valueMac":{"type":"Buffer","data":"TcJXV64gpxnwt8p6N6J2cYCwlY+7zRyKkXLOpohMGJw="}},"V8tLXvMc1HHJOoYHH4QFgw+fythM8DZCsRRhdM4IxdY=":{"valueMac":{"type":"Buffer","data":"vz1Bl0ioIUvPVD+Y/2hoedVUMTGX7lACgssMuLvgsAI="}},"WC68PNm0TJ3kcbvN97FEiJSu0v7gOBySZ5AGv7jNoOQ=":{"valueMac":{"type":"Buffer","data":"VYOblmgWC7VUdzFObYX70x001VX3PXy1hTnHWh5gmyY="}},"WETfZgyo4RYNrKBGN4ip2EVtZLtHx5BIAY6rHKvuYzk=":{"valueMac":{"type":"Buffer","data":"5Bs/i5EDnWl2aPrV7kOq+RDH7CDm5/MK6EnaCrHWyNg="}},"WM3SMAkqOFNf5U9yEcASaFetvKxMJhcO0cwhHI+gMng=":{"valueMac":{"type":"Buffer","data":"lldcmP57szuzseUs14+8cnzFDnoSGdjnGVvim6FwjTs="}},"Wnadv6UMeiG0dEGpom4uMBFXpUwTkh7WBpRRgROQcSM=":{"valueMac":{"type":"Buffer","data":"/ch19w6QFdZ4JRVPmrG5yqaDkRSBIkEG7nwGJeWGXMQ="}},"XocUT2PX7rBx0DpZhMx2fwdC7ZuRZHMhNErPs2okCKI=":{"valueMac":{"type":"Buffer","data":"BTTWaohUBwwOpRMa/wBNKdZsEGRmN9ukurGrFTyaa1w="}},"Xpuj3E2FV+9YJ8L+hGCCk0x6IqIBZ/3JPk0OjY3Qnyg=":{"valueMac":{"type":"Buffer","data":"Shlum0wyYRTSdUFrdYWEZMW0Cj8O9mliws990NETCAo="}},"Xr+N9OTtBkz3mDBkdJ9TqZwa2/cjGdY3Bg0xy8hCD6I=":{"valueMac":{"type":"Buffer","data":"G6vYQ8zbwDOxkPABPuOQoQlMQLUjSxd10t45Qs+a4p8="}},"X27wejWtV7n9QI+jB1pvgroWJV+IdGhxSNXDDV3mnJE=":{"valueMac":{"type":"Buffer","data":"O7ttZ9UcU+9YsRbKAM5mR9qRCut9m/p97ZCsel+eqV0="}},"Ya8vvxc58/Secx09dTezj/whDhm5+v7RDUuxAhlcOcg=":{"valueMac":{"type":"Buffer","data":"zLK7evb6fZxf+HuvOQARsRGEg5Lss9v+MTfmVI0zpxc="}},"YoKJLVO8/szOzYXdhseNFyXVvWd6Gxpz5JK/rqdWTHc=":{"valueMac":{"type":"Buffer","data":"ezQ2qvtXStRu5lPi1aEK5HYOLpFh2oI6Wg+gLawKp2c="}},"ZRtA9/AotGScN3i9liwisxj3Iyys6mw2UVw5dQ4vNnY=":{"valueMac":{"type":"Buffer","data":"MCpdbY5d9T6CAbpYIvUtFWN30Gnypgs9rmnBPs2859Q="}},"ZRwiDrkg0RmFq61B5e/2FmA9xoz+NfKhI83vAbFUoww=":{"valueMac":{"type":"Buffer","data":"jp9Hjq2bOs61kp4oxxZCq5opiTuW75smjqqCc2CMRmc="}},"Z0ngFrWc/fh82guPniW6iMq6vqAOHz7BzvorEPIH/jc=":{"valueMac":{"type":"Buffer","data":"ExOeqerm8WECvQEJzWqQQeUmQxZJ4ruPnyFqKUL/F2I="}},"Z8Xgo6e/FUifueXsJZ0dSoag1vP8bEpRgdmnjMUY56A=":{"valueMac":{"type":"Buffer","data":"IkjtDj5eAG57el6aHQEW/fcObxpXsBnRjo5tas8X3+4="}},"Z8rLqso8hp5dw3v3SE8bnQmfi3QLD3oC2SkHxHFiV0Y=":{"valueMac":{"type":"Buffer","data":"cFFXflsgwVcFSKW9Q0sJArLRX6mfj9QXbHbkuqhp5fQ="}},"aLLKcF9El9spDxRwSZ5leuzCL7TVkMGn5YydsCbrpEY=":{"valueMac":{"type":"Buffer","data":"ITqs3IxXYh2w6lo7w6Iz+fjG1hkXFyL0vx4kR0ONO5U="}},"aMPL+IRhMHU+B5I5QFdtWqgkPauiKhMLu5qGj7GKILc=":{"valueMac":{"type":"Buffer","data":"dQq1yCOag1HAirMcpslRCVqcPVx22yFwGAb3VC9j5AI="}},"aOTvIKgJVJuz303miXkxQwbWFG5a3PyhKfBcQU0vOgg=":{"valueMac":{"type":"Buffer","data":"lyql5u2mxkd90N4FFIAz8MOnYB75iWmcNCx8tUvDIR0="}},"ahB2kD44eoXjAu84OwiC1ZXv5hW/tXR4Zp20MxzA7gA=":{"valueMac":{"type":"Buffer","data":"Iu6Lleilu7nB/ND99IgoXKX928Dz+L4HS6EFlwy4xxU="}},"anbo5gPPv//etiSfeGA9AhFfMN0cBEUNiOMQsnUONTQ=":{"valueMac":{"type":"Buffer","data":"DjlnAmX6iT1uD9NH16R94ykeDzTGjZrM3Z7WewfeELE="}},"apIlJaE4R8rm1BkLrveHb3eZEHx6nbjVIrc8YxUaTOo=":{"valueMac":{"type":"Buffer","data":"WCCB0IXeDRbMPz+XYyBZUYwHB0BojjuaUk3+WheeZ5s="}},"a7c2wBsF1vb5DB/8sSW7QWIhwS0mPbY2lgdnrBqHBkI=":{"valueMac":{"type":"Buffer","data":"evZmV2UCGcMOQ1KWo/u6wdowTjTleM3sUkTfJhsc49E="}},"cheQrNiLI4AZAJHKqh6S1u8rLMnDrRC6w5eAq45U3/4=":{"valueMac":{"type":"Buffer","data":"8UXJo07SqHa6idnugP7GtnuSZvzzsAKHvdMlOp3oBMo="}},"c6UZ98mKNwlyqthuPHuLXE6Z6FFKBLli1pgxb4yXEt4=":{"valueMac":{"type":"Buffer","data":"EUdwnUxBrTWdijbedQ5Tcy2fijcGEx4v/TC9S2mOBrY="}},"dCpOKY3neTobeZQOy5FQbMaYcDvDhYH/z9fWusIrozo=":{"valueMac":{"type":"Buffer","data":"NlqPz5T/fNmTh1+OzWh1IVsJdfL/K4owtPqDD2Y2BGc="}},"daRmqxfQiQ/2PY8InkBiu+Wh72uGyhxwo5yNX1tyLyI=":{"valueMac":{"type":"Buffer","data":"LufdOb0I8gOfFCowc02jijU1KgZbNGzbg7nNjuPKE30="}},"doOPejFLjZQI7xil8e1eHTbxFcFMZva9CNDSM4YISK4=":{"valueMac":{"type":"Buffer","data":"LoW6cTLREgg4LdAcTrdh4qyiXKNqxyifFnStAb5IH5M="}},"eJnsft+gVlamVQAbRi5e2bmteiRODAop/oFmc+0VRpc=":{"valueMac":{"type":"Buffer","data":"Vkg9MzbpQrAj0RWGXN7sA/MH+dhcnV+30D5hle5EXuI="}},"el965Rr7AfE94Vn4jmDq7mYlZdOWSTjbT5hdoCVQl4Y=":{"valueMac":{"type":"Buffer","data":"wEw4UWY5SP6ilfhFtcnR9hnr0eD704pgQcuo0EWmYsY="}},"eoueWL/Du3oejQlcaVthM3I7HT/seW+TD9G83xmTHCQ=":{"valueMac":{"type":"Buffer","data":"/q48VrjGu5JGK7cZc+d+287qcDJELlZaNuZAlZGeOic="}},"e80erESYujsWACYKEphbrjy3RTrqbuQLsMnK/5QxCFI=":{"valueMac":{"type":"Buffer","data":"Jh3eSKh78WGkwXVuU2ESbWbLaTJ0dT3kdIR/HWcyCJ0="}},"fEP+cf10C9xXmt0aJfHRDLzUve9y0mRjXnve/q63Sig=":{"valueMac":{"type":"Buffer","data":"AZVClQDwmtyYuJCcm2kBMHM2HRYxjZ/he1SuC698DWg="}},"fIp46zOD6YeH3kg8ctVWbF8leoOb1IoLS2pqIerL2Uk=":{"valueMac":{"type":"Buffer","data":"OZg9K2RVuOfe4LKFArVVd/vY3zpv3F4SR8tGxMvw114="}},"flQn+5vFkzlYGlvZH5P8lpEfu8WUGmltcZxp1i1uu+k=":{"valueMac":{"type":"Buffer","data":"SHaXNJqnncTagAgu52ZomCSOKK8V6f15tY22LNt/Nn4="}},"f2tALku+AHoLhO5bQRdPMLNcU8Y0HVnRAQQyh/h0qcU=":{"valueMac":{"type":"Buffer","data":"/JQt96HUoScsJG6LNyiSOw6VRmD9D0lXGd4eIxgfrao="}},"f9K0r/gmqrQIXiG+wx3ArKEPPJJIgdCYZa91uvsh1Nk=":{"valueMac":{"type":"Buffer","data":"ZExkOASKjS9ULhMZyMmwPNL9h0bYsR+fMouhfFYMzQ8="}},"f+u1SCsYqSzmaR69Gb+Ka/KiGyz0/FapJ1+gPfBvre4=":{"valueMac":{"type":"Buffer","data":"3pxgjZmlm37HqzkzjcNVokQfbx0rDkP+PAUmPMKFYpM="}},"gZH3CdN6QtHdBYArncu4ARzlg1OrevV9RbjG/p+xWJo=":{"valueMac":{"type":"Buffer","data":"q7KXk9y/DgbeTzeuJ8Q+rp5mtZdB3I2wZxCkqok0EAA="}},"gpMp7R2D+WTNMEbtVwTv4qny3TdgCpD8OW89RUfsuV8=":{"valueMac":{"type":"Buffer","data":"KOBbh+jrHTyo1/NwaTuEFsHzADWm5U5M5kbgBl1WZrs="}},"g0ag3GYzGaxJMI/BTDwjFn4J+/XEs8rUM1YdARNjDhY=":{"valueMac":{"type":"Buffer","data":"rbx3Pti5wW7EbjlhgBle8/ty8BPc7xx0YAwgy+OpENA="}},"g2ZP/9iiIRifg3ryWv6SzfxFyvGca1gbvrZw+K4qUMw=":{"valueMac":{"type":"Buffer","data":"Q/+WQDuqxS6QJW7hmMZEis3z9ag1W/BzYMb6yLuQ4Mw="}},"g50s7DSnYEUucsvLmhsrbSSqFEpz8Uk30u+LRoev4qg=":{"valueMac":{"type":"Buffer","data":"jwd8+GMsCzOXVmJmHBVT3OOTAVsPkA339tGRzgw+q1k="}},"hLUTphC5lP29WhvhuaPq1vEseWaG15gtDyohJWwMVzM=":{"valueMac":{"type":"Buffer","data":"uOuPKDL0UwsHn8QWe8a1xmoBMSVaTkxJvpBPYETesEk="}},"hNeKXOkdhp0ytNETyM1YZd4VBKmOcxOFsNqEKFtxMb0=":{"valueMac":{"type":"Buffer","data":"viOC2o1IhzMJvyaKfo9M7pt6B3Fhod4WuSYrmFNOAxE="}},"hdZcxSGKkB3zp/az3X5hlHc1f3MB63Sip7ku92NofAk=":{"valueMac":{"type":"Buffer","data":"/d9lYIrK2GXa6bCiFHJLtSdgBZ+jWmpBF3pDEFtpg/Q="}},"h9IFcgJsmSy3MOdEBUf8KBxrhVS+CCDoo7VKshjpAL0=":{"valueMac":{"type":"Buffer","data":"OKHLzFpQYHcrplcMoSylxVSO0vgxC9EPzFg4jHkwKwM="}},"h9dhWzMS6C7gmZc644ySVrm5kDMdbfXQmayxCtUsrBg=":{"valueMac":{"type":"Buffer","data":"jIVJtsIkXGd2ixL8WKGri3C1VbedcGQ8jkOsalbJ07E="}},"iCAXy9u3+uHeoYE3us9du1zXesmXsPQ9LkHgCUXpp24=":{"valueMac":{"type":"Buffer","data":"k/bYgO/g6f4LTaCM36WLyNdDpJnjOS1+MRuAnB1lE6Q="}},"iHH2pcoXnbhzUtSYmrlLFH/409h3/AvFfRRvIl6g3Zc=":{"valueMac":{"type":"Buffer","data":"GsZcbCDcSPPKh7Bk4Hn7wWDHPFuaQwX/IYkA4LNuiu4="}},"ihIdeafElKaoQFv9Jy+3REJy4qFODNSrEbWS6Xf/mmo=":{"valueMac":{"type":"Buffer","data":"dukvaSMi564yfSa7p+wt0ovEaEY575zELWkMnz95R0U="}},"ixvfDasBxWRQUmkzbX0GA+NIqb81DURi9u+LwFAHBzs=":{"valueMac":{"type":"Buffer","data":"baeF08J1rvzZULLM6nRzonOUmv52R/kANuHscjbBYXo="}},"jkdVieTJPqhMcaSqqMlQMwL8cI8TfMikBYz1rdjXSU8=":{"valueMac":{"type":"Buffer","data":"pAvsNEVh2MmVw8tIRUtFxPy9OOnjr3qtrpi4RS/9+lE="}},"juUPT8sXG+8Bq1V1D5NUhm2qV4hFOhg6fJqLENOZyz4=":{"valueMac":{"type":"Buffer","data":"gDfkt6/LA/mz+gmQGfQzljdjJ2tJcxkBmCap09+9pzU="}},"j7y4OU75UgKz07wQrsY063WdgAlO7qWIc8bC7FQ+DmE=":{"valueMac":{"type":"Buffer","data":"smWPTef9rUNTNSa+HyL93BLNq6RTSdS9VNUkPL7OYs0="}},"kR5ScWOq+cMPVfRCQz/pi22TuCgI9AAQPz5FhhSULN0=":{"valueMac":{"type":"Buffer","data":"q6I/GQGS8c3BFqiUEg/Z/ow/xpdjgr5TypyDmjhY7K8="}},"kfe6Qp/ZwrHRmbUBoAgLk+3mgwVtnLachr8WpLSQZtA=":{"valueMac":{"type":"Buffer","data":"DYwSd1Zma1nSIWhiE29RdB6VWCcjlj87Atx5CKB7Mv8="}},"kx0bGbBfdU4/5deJchhZM8to2lbYALE4OWlcJDHvQjg=":{"valueMac":{"type":"Buffer","data":"ZLmvDhpaSO6duRVitPtjR2JauWsp1DyPPxh3hXR5L30="}},"k2N1eMNer2vBxDDh4Piq1FMLfwU/KMwQwF4VDIaNxc8=":{"valueMac":{"type":"Buffer","data":"TaMm9SHdS4ank0hia9gfIo6Qg9j9RyIUfN6y697/iFY="}},"lETqh2CW4LoVnGOTdnkKACnxF6wfXZeK0pxFvs7TQ7c=":{"valueMac":{"type":"Buffer","data":"98okJCfKHDiAnwjfd/ZFDcPRyzUdZgswUBqbWi1YDwk="}},"lRk4GX/WLLFzLUPdFP6NAWY9VcPPga/+ab67YlCdePg=":{"valueMac":{"type":"Buffer","data":"BHD+d6mCJOdRuKwRscxuN86HlOjBCmN3Mi+IyP3J898="}},"lWHW2eUnkntXti32MaRqq33u75MIO/VyqpyjptqQh9A=":{"valueMac":{"type":"Buffer","data":"f1En0t34334g2gV7ycojc5h+iG5n0fOE5u2kfC0+WVM="}},"lgmNvcUqW5j0SM1p/huHai2MDrh5CNIw51Y+y+lUTfk=":{"valueMac":{"type":"Buffer","data":"CUL3p28mc6cAjPw2ImkZVarLQTO7AVc5TQRZP8C+nec="}},"loM7sqWuPqR9ebaqJ/EGJ6w3+7wNfbUJ94hKXztmMp0=":{"valueMac":{"type":"Buffer","data":"9kVOGmZ41bKN01Qq8too+guh6eSVlMhe4EB663Hk+sE="}},"luFus2d+PP3aLf5jK53LqsvThtPLBMZ/3DHA3OumWN0=":{"valueMac":{"type":"Buffer","data":"9zdK00IeBcpZWU+juOSXzvbvVeIueQPW7uTzpC4KtiM="}},"mHetPpQrNBGjgfU7piAOvUQHexCbPdPtMRbgrvf3OaU=":{"valueMac":{"type":"Buffer","data":"NXsQdHSgQH7wvLZJ4UxzcgbwNgGuIn6m8VOpEqp77ng="}},"mPlr7QJXj/QZe+znIru9qWHqCtTPgt/xnwg9ffcytbQ=":{"valueMac":{"type":"Buffer","data":"Rttph1kmI1mTaj7DAUyaX5sDGI3wSFROIStLbqIC1Ho="}},"m252Zi3zhoPR9seMOqjEgFo6MSTHVpEL1E4G7GSocAc=":{"valueMac":{"type":"Buffer","data":"onkYfuq1LiI7rWbf42o53BorL9H4zYK/phZ0piJP52s="}},"m4lAGymo+2btHV8+sOTgZsNKqoT7DJJ2u2uJJKMV/p0=":{"valueMac":{"type":"Buffer","data":"t3lJlCHaEqiRbYdLB8FYz3jOBO/ZiAlzkD8zfBoPt2k="}},"m5kqwoFAsDcFp02mVeH1Y8RDsLWp8r54g4xQK/j3wo0=":{"valueMac":{"type":"Buffer","data":"+mUGoIccqvDzzg7/+qtqXIa6A35gKykFWWiUrcjvRFg="}},"nGc8FF+jvyM7R78fXNTeF5Yy7fgoTkPQpbpqWad9Htk=":{"valueMac":{"type":"Buffer","data":"2470CLMRMEvUU5KaGuF2BBGgg7P4cOqk7Euss3stA1Q="}},"nUH3ugWaHydwZ1hT+5j/nmCcoiTX/XcfcTkupEV3uPc=":{"valueMac":{"type":"Buffer","data":"GUrCzUoOnPTODzFwq0z7Bx75YuenWwYUXXoGOeNcOak="}},"nbPP3QBcZdp2Scm8THxsSvrB5rTYSa6IvmE7PbtFOro=":{"valueMac":{"type":"Buffer","data":"2LZZbHMrJ4DoXuF96NtG/qJ7ZawqEYw7P/ZanlJbQXg="}},"nodDomQa72Yi+MPKBIqjiK+rGvnGKeQxRUzzL1hLZq0=":{"valueMac":{"type":"Buffer","data":"tyOiczXvuVWEJVXtB94JpEm6sMLiSb3b8azA3OAN6ME="}},"npi9SJGWjlsTd5MbPEYDX7NEN7wsFz+zs1qMQj+KSic=":{"valueMac":{"type":"Buffer","data":"6H6K3IQU5Qjabq2PXDScO4LcE+kmvJfFunLM6TzO17M="}},"ntJDYN0w+skkCSxbhMe52F5stt1CL8uD3Og/QRk5YQo=":{"valueMac":{"type":"Buffer","data":"VA4Ua303ohq4O7nDPE6lw9/kyk3VTWcqnitMolRV1cI="}},"oEl/o3KgWfReaBQ/TkXAGz3bHm2pO6lHOOnllTfY5VE=":{"valueMac":{"type":"Buffer","data":"L+Rbla8PufbwXZ7BNVJg+QE5g6Fr0dbAugYPZ/fcvIE="}},"oRg4IzRx0Thvjep7AGMC+NnRsprhJ1vTJvjNUxJtpFg=":{"valueMac":{"type":"Buffer","data":"l04MFLSIlMQjJxb1nFWJOZNuKikSCDTch//+lMArv28="}},"pGxroC81/38W96ia1aUwjeZuNJNI5/fWuB5WX7Ayed4=":{"valueMac":{"type":"Buffer","data":"Zv/jW6q5peSPcgULYImDCYqs3rXSilA6+uXEVBQcyFs="}},"qdK9qd8wtk74xGZUamlF7lszqReRcggE0T4gpyB4ZCM=":{"valueMac":{"type":"Buffer","data":"RtLtNWaT6l/TtWL4bL5/obgF2Os9mTtYJ5J5V60hbdw="}},"qrTXzlI+g/Pjdu8Un0uhDEt9EgjaMYZX05jiJfX9Mtw=":{"valueMac":{"type":"Buffer","data":"7kP+RumQF3NfN4IcXK/cUKR6wV+aYPVdTYZOktfWi5A="}},"qvbYR8De3oJissU/VKQZbS+OolYESBYX6lhbVxz5POs=":{"valueMac":{"type":"Buffer","data":"EAWp+rLh8+JY9ataPV9ZAexc9j3XbAlUTdBBfYFjzg8="}},"qxo+1CjHUEjoKje3h2kfzSAVxpquQDQJFAzaBLwUpV4=":{"valueMac":{"type":"Buffer","data":"cpTpTP4z9GxJ4zu62osudx9O0F0o02zjwy45Pf8rRUE="}},"razqiMnYr5IMUecg8nm/Wqq0EBm3H2ecX2X1cvzvRYo=":{"valueMac":{"type":"Buffer","data":"jWA2KMLra2ufaJuax7oqEKq4mWz0jWXZ9bGkEWgDdw8="}},"rjDlydz+iXG32nU92ZixEf9HMwweSsFZeXnesiGKgrE=":{"valueMac":{"type":"Buffer","data":"PDnWwtIvmUPY7kGxegs2S9+oyN1JNHznLej+Hzri7Ss="}},"r75mjw9v2UGT2ep1yuHI1aOlH0/E3Ip/asJbPm2v6UI=":{"valueMac":{"type":"Buffer","data":"ZC9glxfnfX5J1uEphVqQznFDiluc4Io3wWrEgIp8laQ="}},"sFswugjIDd9NlmEm5LRUr5N+U1bGeauIuJcLGqcxgW4=":{"valueMac":{"type":"Buffer","data":"tTEhYnaXkcwe8+Ls0kBWFuXSRFsJpJ+8snWxNjehl/8="}},"sPZ0mOKrrq0vvdtESiPTyeI1KQdHf4e362DXbNeHWk4=":{"valueMac":{"type":"Buffer","data":"AKJ1h+HovVG5brIFa8pRrEi3cRUMaGlOxKT5aM0OGEs="}},"sYZWqGCgubl4minb+m+6L+f9wgp6tMFzHEmKcYnhMhU=":{"valueMac":{"type":"Buffer","data":"MOD2kQACOV02FFcroAMEcfN2rtUO2mDcc62hstqePxg="}},"ssGsOcpBzamoRJDcaAwGiF8ffybqcr7qIm+Z+O07K7k=":{"valueMac":{"type":"Buffer","data":"2or8XlRN801NNqugAjwUS76R//tKVFXpvfbZQU6sRRE="}},"sxFNlY8wBOIs+esf16A1SS6ssKWIqaWh/MDa7oJUA2s=":{"valueMac":{"type":"Buffer","data":"26qoQsr3Y18kzKvilm76H2TCu5hjYxrlGeOmxblsLfY="}},"tDI/irb8Lyl8ZXu8yme89x1IEmgAvX4+EgbeLpObq+s=":{"valueMac":{"type":"Buffer","data":"KucncPbU1dxjneYQTYGNpAumXFuYH0X39WSnetnZn8o="}},"tN4vNWcXILJKQqcH09hODeo1W42up2FLCwT6GQfGQo4=":{"valueMac":{"type":"Buffer","data":"L3pqgi2fc710ejCR4AhFMoCqjhp7N2LFanq8Fbd90IM="}},"taP/m649M7pjncLDjELmW4f753crnWcBK1IXz6bym6k=":{"valueMac":{"type":"Buffer","data":"Hn9YXpa5OWWU8tjowIMMshm2FWaZM293HsJ0EH7CjTA="}},"t4h4uAvGiQ8dvmAv2mu78VwwCTPCMq2S5y7zZCsOIcM=":{"valueMac":{"type":"Buffer","data":"BJlQ5JlYb5UMp1ZcnVhj8zQIiZgGeSfT9EMFPg2oe2c="}},"uI8qOLreDsZx6uH0XI9jIgltZq+XS2Gg82w6xoeL8FE=":{"valueMac":{"type":"Buffer","data":"d4PRzaWgz4Vige3rwfHuX727dx2ICrGp10ZHslvbc2Y="}},"uO1Dr996CU1X5MroD/wXDlqPPbmNcb5FcnImtwL5XRc=":{"valueMac":{"type":"Buffer","data":"9oNZ28plyaezqXRdc2ZfEVxWK3aCgm7sRE35vey+t/4="}},"ur9YJ71xJNGhEULfyAaxuK69uVZEihWjxCbZF0Iep2o=":{"valueMac":{"type":"Buffer","data":"lZATcQfQ9zSmQg9e3/r9FdIODiPm2N84vlfFuDMWVzE="}},"u3B5Zp4snlotIxugXIWSa2uASbKMLJfMaFwVBrXMXwY=":{"valueMac":{"type":"Buffer","data":"CRw7EcKvdMGdcVDLy9X0J2Axnm2oxi6dWF5jBxAOesA="}},"vLUOOcOjomlwBn067EVYzvKvbHeUruEzCmJ0Tah9YZ8=":{"valueMac":{"type":"Buffer","data":"nXnKMRl0K1fGIacc6NF88g1FW5aE80GvsHfDOboA/Is="}},"wOlDh1FfcRMMemqqdF2gx9Uc5ud3PzPeC870oiA4k88=":{"valueMac":{"type":"Buffer","data":"iPbPA2Gz1YejOgxKUmY5YW1/z1B3lOPcAN1yOYQ5a6o="}},"wdIph8Ezz5Ag+Ez/8RqGVh/MEOBU+E1Sc62E43k0ZrU=":{"valueMac":{"type":"Buffer","data":"P0Or72/g7P5fcTMlQejRiimfocYbvQUyGXGEGPwLiC0="}},"wrzfbOyB9e6rhix1TQcagHTD6TbHHUdMaWeG13NOvF4=":{"valueMac":{"type":"Buffer","data":"fiwuqtW0EbgL8/z6oOlCSZej89+2zIuHnRRyQziOhFA="}},"wr0F8ty22NM3GQdli2RF+DnRAK3SdbTVrxgOlnn2QWE=":{"valueMac":{"type":"Buffer","data":"G+xrp9Q7xvD1bkYJMU3gR6T4FpwLEXgBKMkGUBgolSI="}},"xAoekHbPnjDwS8NaK3T1m+oKy4GCYbB/AS0e3tUV8jw=":{"valueMac":{"type":"Buffer","data":"ADR+0b0ZYYF5zs5oLAKvxruNspu6UQj/a8K7wRCngh4="}},"xCdmkAMc2SL0o9sCkj33ha7Yz0i7eYDCdIJCllpkvQg=":{"valueMac":{"type":"Buffer","data":"GxyW8/V1B81JL8K0uoHUNfHAdWOFQTv0txciQQ8ZI70="}},"xVTOOZlzahjqWUGrR/vwDv+Po0BogVyZ3XQibPdtNqU=":{"valueMac":{"type":"Buffer","data":"aLUDBV1FE7xIAaK7X777U+hJmuE02jGnytP8TlWZ0ps="}},"yckaY+np5j8CRP37kp2fBtJDFWbt4Qy3dPNp3b1oPoI=":{"valueMac":{"type":"Buffer","data":"4V1K20oyn1LmrTGLoytZlsVgGkYbVOD5kjugbpzPOpg="}},"yjEDe05PQ5e8I2SwK2wqkFzNN7ECcqfB3sD14YB9vC0=":{"valueMac":{"type":"Buffer","data":"s1shPUhN6Bow3wePsE8tErs80+lKg5aLKzc6cx9Pfzc="}},"yr4OgFO6tFA3ud5ahSMpJvHVGWhi5vww8yAsxJPFyT4=":{"valueMac":{"type":"Buffer","data":"/3bwqnCyiwtjTay3vmOFQcV6SZg/7H2OsdIBPHigVYY="}},"yt1V2e1ly5is8jksT8ZobKHuaZ9gWT/7Yzdme20ucvo=":{"valueMac":{"type":"Buffer","data":"8m2Ihq8w/KJ5/V+GhwT/6y32tiu5RSai62U3TI76Ym4="}},"zONjChHdiQOKsO4kGROs5HndHXA2xbApJDi+ipgk6Yk=":{"valueMac":{"type":"Buffer","data":"zA0Xe2gTDQMChH6h8G6mgMpX/FoHS1UhrCOtq9gu3f8="}},"0LLg1k8qzUKc+m0h5i84SsyuZbcFkvEWyfKNI75aqq0=":{"valueMac":{"type":"Buffer","data":"2pu1jKFflV5HawL9Mm9CtYixy+tUOPc7ZgzWF1QT2P8="}},"0XsyRkqmPRA2XFHLMgEJLnci0te0wxGdFPmTO46/xg0=":{"valueMac":{"type":"Buffer","data":"LLkGq7yGVmc6Jlsxs/xmWws8Yh4fCACxKN9D1mqESb8="}},"0gBv0ShB5RArugDsCsummPFnE2tSaAmecPBhYOno0DU=":{"valueMac":{"type":"Buffer","data":"ZSfwSd0XKuoKmTXyiLT9+aUw02dm6Z4pvM7euWFxxA8="}},"0omEHFjqc+gADjPGxRraZhsD04Mb50vetWP8jdCK5Tk=":{"valueMac":{"type":"Buffer","data":"paY8MUbUtOJxC9XEDa9EBBKR7rFiRYihs5cH2g2zmSk="}},"2fjzYEEQagEPFZlM4ow2O2mJIkhLeVxiJZagx63zsW0=":{"valueMac":{"type":"Buffer","data":"I/OZs7LIeyLEkqiU2KUFxtxbjtUbqbWVocHBh7sUqWM="}},"3Se0zoyrYpS+FtQ4UnUXi+vBiDECepLBpPGxXamo17o=":{"valueMac":{"type":"Buffer","data":"TZUcW52JESvZNgVlL045VxFcASWQqEsqzNLWckH0uaM="}},"3aLhMRaNFgU0nSZIxDW0BTtK7tPQgqyuCSDto2qLzp8=":{"valueMac":{"type":"Buffer","data":"aI68wmFOvhpM8SZEbjufAwfHu0psZ0XQ+IKi4XhUY+0="}},"3vITILiPaW1pzwAulOE3C7Tk1KnflGijajzbv0wy5rI=":{"valueMac":{"type":"Buffer","data":"wzltSEIXdjk5UmvayK5qlk88mzIGrjypyxkaI9EI1Bc="}},"4HhZ5ZD004AThm1+udJ+13GK8kd+dyC5UQKv6Z1Dooo=":{"valueMac":{"type":"Buffer","data":"9WicAz65fFv6/CMJFIlMjWaHBk1ARxIEW7u9NZ4hyaw="}},"4wNfTjw9JbldiRtDfJn2clA7d+WGaRtDSjJ3slsKhQQ=":{"valueMac":{"type":"Buffer","data":"v1WppLtOuJkb1LaYWNg4XCgAI72GiXEDrCPM5AS62ck="}},"48T+eueuck2t9hnsn96N2xEi+O/Ya3Bow/ZybWVpA7o=":{"valueMac":{"type":"Buffer","data":"jvjpXa0fhtAae6T+jKBtEZ1R016iX4kKmWW08CdGVE0="}},"5i5d4D0eozesrueIQ8TKTq+i9vZwQ0LtVIro8sSaMJg=":{"valueMac":{"type":"Buffer","data":"CGRVkSE3JCTjxnxJN6gIXcydlyh4qHhyD1PZxv6QMQE="}},"5yK73p6TyLBT+1ef9ouHXkVywPivhhnNUkGrjwgVq44=":{"valueMac":{"type":"Buffer","data":"QmH3zeiH5ZaWNbjfPIRAWLz9tCn4ySRsqeYGpB/GWvg="}},"5yePCyuPx6f9+f0A/nXU17lx1Cru9ngjQyECCV6N/7U=":{"valueMac":{"type":"Buffer","data":"zRyk629xlMPYFTe6JIQstGVaeO+2OpdhtDY5jgQ81m8="}},"51mQyuWKc1Rn/QAO7WFHh8jGcBi03CRmJg96Ce7XkRI=":{"valueMac":{"type":"Buffer","data":"rTcsYTUf72/lygVFxc5BspzzNm1cz4yoAMN7zkeVdr0="}},"6Qaw2iy6QVWgVjPsWMP3iWDrBMZwCf9pDSFbTsh0naY=":{"valueMac":{"type":"Buffer","data":"3MJnW6HG5c0PJDZDYFdhOh6RavY5ztPXGkc8la68l5g="}},"6Y/ogva3Y5A2Ncn+LHBvkOaNgWJIdCyiJIKwuKsuoyQ=":{"valueMac":{"type":"Buffer","data":"vX/16hKwhyei/gU+PUFeJonQilE+9qhGzuARaDxbnAo="}},"6dsUGhYKFY63QgPVcecjBoHgHd76eMqv+A2KcoqAEnM=":{"valueMac":{"type":"Buffer","data":"lfzUYRNyX69DalgHscWOsjWoOWURHQcUGnAfaQbadtA="}},"60mkJV9W8TJUvoOvnjKqOgTU+KKNR9q79aQafLJv76A=":{"valueMac":{"type":"Buffer","data":"QZmDjHEiuHdIIwi+e/AoUnNgZQDxk0eIOnuKB3m0obU="}},"608xw8kYpPNFzXcaiZSG+Bww5bkG54/WzXxkHsQUQ5Y=":{"valueMac":{"type":"Buffer","data":"AtbkBYqvrgTrOmPu5wry2emCu2CxrpvPqIerJEcgJk0="}},"6+AP5YXMKQrUO4tjSJGJfQHRr8sp3wNxr2BYhXoiCFM=":{"valueMac":{"type":"Buffer","data":"KkKZrTRPG8j98Iz+udB7L0+iUDEmsGrgnp+PtFDzL2o="}},"7LIUjzhr3zTgQOqPWx+wG2yLGtfon+KD3O8iykQqLS0=":{"valueMac":{"type":"Buffer","data":"EW33VuBByDRMOgdjSNqQ/4l71uTu8ZSMkjORlUG0h8E="}},"7MisC2zT6bX60Dmd4mYYRpTueQd/szSJZvvmXU2HEqQ=":{"valueMac":{"type":"Buffer","data":"+kNik8hHJNsQPLpOBp9nKuguX1SHh0JhUrE/WsMZNsA="}},"7W+xnLGW4eU+XaS/ulzTMBudBSgdACTy4ak6JCEU5Ps=":{"valueMac":{"type":"Buffer","data":"v85oO3U7gOtvm4D/z7eeAE+VBCSibEc7I1dvm8DvUlI="}},"7g3E0qUEaKKael3N7cafgCvQsH/8yc/Jpm4JuaX0mp4=":{"valueMac":{"type":"Buffer","data":"1at/l3kzwPCQLIHpW8vIVcDczGos93BJkMEZfkMWsdU="}},"8RlgX45eMione6Dec9iVUt4p8TBe2LNekvYvjDJMN/c=":{"valueMac":{"type":"Buffer","data":"ypTxM7JzXW9B9PRYxP3GZAc4qrIPfhsazlpopUM4q5k="}},"8uRmR+TN1kCVXGEIZSGq5Lw5IqAYwuTiDRu+jyVjE1U=":{"valueMac":{"type":"Buffer","data":"oaUgbAUUwo9VfvYwIBVSO6TD8bVCf2LybpAC0PtIGjk="}},"9GRji9+ki1ZRCZBqyWQOpnRmxrEDX4IOsTb0pMU7pmY=":{"valueMac":{"type":"Buffer","data":"9uTyOMR3Uxz6sM9cwbUN5k6c+yVaJzmCaUNsyCwxy+o="}},"9OHTSDLkz03Hns2gH8FABiFP3ni+DWhltunuNgosyS4=":{"valueMac":{"type":"Buffer","data":"SikulQ6Dz1KSlK9UrseKADkrU2rV9csT7UQj4QOD2w0="}},"9O9BaZ5Le1EOrhX4yvxfMvBSap7A8qEWDDmWc7VtfqM=":{"valueMac":{"type":"Buffer","data":"Bv5F2dAXqPAVt8sqm5YTHL3TJhG9J/eVHffPMFW6/jY="}},"+Lv9Rn7ZYTz7141vxliSipaDwUYN3ZqFN4muHuPnYJ0=":{"valueMac":{"type":"Buffer","data":"YNwGAE00JxkDHGvsGDJxXQfPHfuYzEaPi6EK71HlsmE="}},"+XowBKR5X2FIhoJYKIcfqIBnJdZQsR3gInUGoT6R5h4=":{"valueMac":{"type":"Buffer","data":"3iyd/vHXVGfyGt8WYLtGkSGS/J/JdNUpdJWVPbZn8zY="}},"+ndSkIrez4MCf9mucupFCprY0wVopWx1YC3gEM7pbH0=":{"valueMac":{"type":"Buffer","data":"//hPFVW9F8YyizhxgMPT8GAwuuk8BresvyDTJx8+Wso="}},"+3kMnbJj9IBK4AYa5FihxGCPqHJJHWdZbqhtmmdH0qY=":{"valueMac":{"type":"Buffer","data":"fGML0MnbyhkZktgXqMu8/qbGdU2J2tL6BRV/2sTcvCU="}},"++BFz+a0qxh3yUzfwLdVNisZOmIQfdlZNeNgmkJB4/I=":{"valueMac":{"type":"Buffer","data":"scE8+dRw1FTAC7hhchV0P3RAYlLwUfNljkQMP+22Mr0="}},"/Kecg5P7ehIetMLjiuJuGl4U3HEwKgem02YvLXnM2g4=":{"valueMac":{"type":"Buffer","data":"nDtH7m9L7nB5W+yVDJV0qYe3fcGfe5qW++KvZI14SX0="}},"/hW3DzJE+4DByMtRIpQqnMsPD+1+3rXtZyZdskDS2BQ=":{"valueMac":{"type":"Buffer","data":"TgDUP2Tkk7LigobzuwBRJ1Rk+7hWXLIoABl25mUbW/w="}},"/vGp+Pol2maDwNm5l0gZou65Rb8TtlisWD91REj94jc=":{"valueMac":{"type":"Buffer","data":"EvJKte49HdjxY6DpNHM1LnSLq8j+IlQWVf9z8y1qL14="}}}}