{"version":53,"hash":{"type":"Buffer","data":"q25loxVEGUv04lUbJVVJ0qqIFp9epAiF/AgePeZObm3uRQwMfpRcmdEPSa27RwJED4S9UdxJEGwozNEljMem+g7HV95VWJDHQxqNCx7OG9UMmx6iApJ8kpOHzbO5/MtGBhEhh4+UZa1jMwYHqdICynxTSDmlRkeLBrQxDPx4MQU="},"indexValueMap":{"BACx1AmS3l1E8oR/XFD8Y1CAooXsaWxXHAWqA89jf5o=":{"valueMac":{"type":"Buffer","data":"81rRvpL091FsyZiiSSES1G7KCEZbho8wmv06gXD8Zz0="}},"cG9FI8lSR0e2gyMpqcQLcP9ZIMZ+ETaSL72QuhirEdI=":{"valueMac":{"type":"Buffer","data":"0Ee6Xvc9+Z88WcmULHB1C3PG48fegfu3OckOIurNm+s="}},"xSBhJqYuLr68/c5vssylyFIKm/ORAfP1QcNzfcwYd84=":{"valueMac":{"type":"Buffer","data":"mNV/YjMMxO0yKmzxWgJ03Im5twLHyEsC/2BGeutCMeI="}}}}