{"version":126,"hash":{"type":"Buffer","data":"Z6qM+DFrtHqu3+6f1cvEANPi8aRi2ECjbGKdOmFevXbfwR4lfPFS2lx7RSg3yNNpxSMOWmW6xBbl9bJZ9cTYEfikDbZx5t4LnfzlXLOvcusqiikxQHG/6L3gZvDSrGLeOHwKLXNWlZvuXkHdPdRhX4cAxp5QbLPS6xKC/IxjYzI="},"indexValueMap":{"AHCGmRo3vOkaoWn5+kye6NldWXnrZw7vHIiIWaZLW48=":{"valueMac":{"type":"Buffer","data":"dMJ1qpP6q68w1qb9lMjLnfs6mrhXoldl3uGXnIDY9Eo="}},"ARhSqIfMwaNyDiHC9tCXBRyOlEC+S1YHwZR9355q9vE=":{"valueMac":{"type":"Buffer","data":"ZRSGZXVq779943WjbPVlGQ8ZYvZswtU1dPomfy90ANY="}},"AYPh9SskWGW59oJUwn/vxkZbk6sHLKTy78xNKQV4Bu0=":{"valueMac":{"type":"Buffer","data":"Xb7eP3tq+EhxIFZ+lhQok0gozE8K6kUvNJAyuiknzew="}},"AbBRzHjO/Ta0K2MWqBTO7EMGrZP8+FDWoEZXPaXBSyo=":{"valueMac":{"type":"Buffer","data":"4hHOYvuTlGf5aRQ8aFqyfZ+qxy5Jzrl2WQM9WaZX72E="}},"AkS67h6rWMF4NB1tM3hye2N4+NNOj3bDvTfCPfZqttc=":{"valueMac":{"type":"Buffer","data":"l943bjsQj4mqXDSqoQrvtJh6+fjHavhXWEcOoAuSudk="}},"AmK59IxKtu0HAkKaYZKQRow+loxOXpMBBVGYtia8rgg=":{"valueMac":{"type":"Buffer","data":"ZyjwoCoCZESguAxnZaJE+fcKodPnHL8uU4C5BudWIFo="}},"AsnCLG10U7T55MdueQ1cPtHUTdY7IOFNDfg0SwbWbVg=":{"valueMac":{"type":"Buffer","data":"zx16fBgbmTiFbO8jlRkRZuw94yCeTtdSBPTsYkZaxco="}},"AtQZc0eT+4lTHD8BKS4qqX6F6kiGId3LstOYZp0hvfI=":{"valueMac":{"type":"Buffer","data":"K05h7AhBfk5dIJb4loLytzENPEU31Kr02fFQL6k2IrM="}},"AzsAY++zA9vNT4N4dyWanVWB9qPw+4pctLMQd+rVJPw=":{"valueMac":{"type":"Buffer","data":"ZsisXpOpHbot2bfFWG+GtN+vpG0aWEgT/oMKiWpIAPk="}},"A4JLOZ5dWelNsvIU4WWzj73zk9Ov8nruGIbm9Hol22I=":{"valueMac":{"type":"Buffer","data":"gmj9dBO+VpF83SYSM0vYhXK6Ebx0WIFMGuwLjSr38tY="}},"A6eRhecXI6YCB/vVGqYpVpkOhPCMxjmFUzKwL/+sMRg=":{"valueMac":{"type":"Buffer","data":"upVrIOQPlTVgMF//FxIqwFeUkneBCfxmzHkSSW6ZurU="}},"A7AS510wm/+MpVycbKcdLF9cVjt4SheAaKSsDwROlRE=":{"valueMac":{"type":"Buffer","data":"D/MhkyG0YNSlRaOuHw5KzNH/Kp6OdUEXX8cEI9XF2Ns="}},"A7P3gqUnahDhtliZyvRcukNyTlaT1cBxPHP7Q8NyRKk=":{"valueMac":{"type":"Buffer","data":"68Uc0xKjnqWhdtbdyHF6RPR1v3TWg+3iTe531fuLHkM="}},"A/Ll+7sPaTO83MUevXSYbheMws1wH4kedzFGM0Uv0F0=":{"valueMac":{"type":"Buffer","data":"hYWrZmlGF2mi+Ik7zD9qbhS5WDI5+ZOMZrPKgyPNiWU="}},"Ba7fnul+cS13++FSdE0d9qKP/3TpVsgDccwFMpNARYY=":{"valueMac":{"type":"Buffer","data":"DC4VsWICOpwFabryPdivat8ICIzium4lKb+txAYJ9P8="}},"Bcyjitm4oC+U40ADEasgN2lJA2djlNcNIEMpIAJzAA0=":{"valueMac":{"type":"Buffer","data":"WCEujNG8nNTuGZeI/yQfKCAa33MVlQJVtjc6Wv/9+7g="}},"Bqgyt3fZ28X25ErBFSiaEo5W4rtuA3MR0B/sp/Dk74c=":{"valueMac":{"type":"Buffer","data":"gOzcLbk/UVslkUJ9IpEKW9Dwi/cCb0JtU/CHnGlojVo="}},"Bu6lSAUW2Qt83rgMQs7bns/aw8wYsSzvIzUflOQtMNs=":{"valueMac":{"type":"Buffer","data":"fu2t2ePSNbP2Y5zFin4/EiZ0ew63wfrRJ6OCgcYm4RE="}},"B3+VhRUAYKXluAcuGLgXQB6hWXRXeaXOratO7oetM0k=":{"valueMac":{"type":"Buffer","data":"dO32x14U/ECgR6ALlhBtFej1E1KPJ6Ot9CyrGJnx1LQ="}},"B6SF0iRqIHkQbgn76j4f+YEnjIEH61lJ3+KUEaeda9w=":{"valueMac":{"type":"Buffer","data":"F4O/O+VY+8iXBtnRrRYiv+0zuPF42dn/GPqtHNS9+7o="}},"B67SDFlFzrkaU6+Y5jRiPwPc52d+XkQMw7QgswdWYqo=":{"valueMac":{"type":"Buffer","data":"nk34Xb5hqUqpb7aiwIQNjAPsMLHk454mki2qACaE58A="}},"B8PYzBL24qj1DHmI1gwpLe9Wadv5hyJuZ1d/mhZ/4nc=":{"valueMac":{"type":"Buffer","data":"Q9SJogl0pTtOXeunIijsDUFxNLmDHKAQ8LmWi8R3VEM="}},"CC5yCMu9JZcG5Kqrhls4YnzCsgQ33ZG4Cfw2C7cNFV8=":{"valueMac":{"type":"Buffer","data":"cegbp26mnjsnP8pCYe1ZexsI1Dg3kkiG+GZB/F30tCE="}},"CDNFZs4V3t2+ZePxxntHa53Bn0gxR6OaBHrQteU2WbM=":{"valueMac":{"type":"Buffer","data":"uJscvHRMUcFTyV0bzSZwQLrFRgtcfbWR6hbdlDdvh7A="}},"CE2jWJG/ris3fmQfxCmiTcxhIUDMnwmUoOKuxFnE6ZA=":{"valueMac":{"type":"Buffer","data":"FMT3uTpUYQYZ/M52IU2ocrfYxfH0m5CVxeDouuIYmsQ="}},"CPArlAguKKAiFrtXipTRIP1sqfQeIh6f9D2nPeXNBh8=":{"valueMac":{"type":"Buffer","data":"t/JIF3X8VpFWjW6tfw4E3PClDc4u59kOla0bXgwbE3M="}},"CWxB8cp9VKrzWwL7hKTEyTOkucSSbSyXRbg38SIArgA=":{"valueMac":{"type":"Buffer","data":"uvIock2XVQnuOyarwRvkWK9YRO9wzs2FiBBn07OMs2o="}},"CavYcRk44C9U39zS9hr48ZmytnSrhkkqcpn4Vhq0pW0=":{"valueMac":{"type":"Buffer","data":"NjHr8I7OJLrMOcheZgNDvVgpyzN0ck5+Y/VVtOT1IZc="}},"C+pfix9BiJOzQHgKnWgrBV7g6t/AZrfMSx47z67cLNo=":{"valueMac":{"type":"Buffer","data":"2AerWfymjFHFuackl8zBewxYrimi2lG3N4fJxcz25/Y="}},"DLoOd/ZoLL1/70Kl0JjjHVhjyl3Mt4IkeUe+wVxQ0bk=":{"valueMac":{"type":"Buffer","data":"Ubvm39gYFEJ5lhmYw0msD/lpxZyaOc0IjdAcH7NAOow="}},"DNnsLne4MUPECnQloqw39Kn6xVOSTxv14XUKn3sVPk8=":{"valueMac":{"type":"Buffer","data":"VXQ2KYKYILlAsZHvA/P4pemIfDZmYgEk9gXse3VV7rs="}},"DSj0dEgKpiaqWK4zxMrhA6tzC7c/VB6OUVtV7nUqkRk=":{"valueMac":{"type":"Buffer","data":"/0E9fh4wyh9REzSAhsNwo5NAQixi6A0mgayqeoOXuvg="}},"DYpNbVf+vozGD/p0//6EUFQclEgvY/0zBqhreFvuFRQ=":{"valueMac":{"type":"Buffer","data":"jVrFvsxsn99Fqfx4VLmJh0OVC8a6e1Ln1u/h5PSee5s="}},"Df3vfUu4R2AYhc92GzUr3wT6fAZET43YLoV6UVkKCek=":{"valueMac":{"type":"Buffer","data":"m0vnvwh1mQaC0ezVvZmPxOlIvUKXaq1e4aVzPeramtw="}},"Dx1/yL1BaB/Og/gIsunMBq95H0xHyP1J3uCJDxSCCHw=":{"valueMac":{"type":"Buffer","data":"5SlCbo+qqGgvLxgYdL+JnVSa49ZEYP/3TiMhHZ1IPok="}},"D+Bvc8RXpIG2mqPRFFr3ZtLANfbQ3lvBH6cSuibV2/I=":{"valueMac":{"type":"Buffer","data":"zA2Ov0ID5K6cpoPPOA2RnRcU0f9vwmCi7QuTJzUF/CM="}},"D+rHu+WLwNFMw9eRN+CuI4QyBGSkmAr+ryEZhZ0cfAE=":{"valueMac":{"type":"Buffer","data":"gvQhjMDxnf1SqchzB6cK/dQx+qY59F8iZiaDQQIiRJ4="}},"EHcdeukh8e9aQ8Pb10ij4B8UaSy7kGHkko/5wKxlNXY=":{"valueMac":{"type":"Buffer","data":"719cQVNYpT/TYObhnSVItLGPoj9/zNARi+bSrY9yZh0="}},"EfZX1x63bxCuJ5bY3qyEH3jJCLZwIuqRE9+9aVziNU4=":{"valueMac":{"type":"Buffer","data":"CEqth95UwP8OXjopVHAsQNlcYE4IA+bYpB5s2/RzV8I="}},"EgUSNIic9FK1DOam9PBNwblq+Q3RTHxpKQ5ukf7c9Gk=":{"valueMac":{"type":"Buffer","data":"dYoFGbfBZ/HTpsv9ikLc18zrSMPVrKCWs7fRksRNB7I="}},"EmLhE4oc5q5CypbiTlrDM/yibVqaiVNfHo3DLlgOJrs=":{"valueMac":{"type":"Buffer","data":"rJLdMe3GEjmFPZ9KfrmaffaewraWqryuSsdr6ocazFI="}},"EmXwnutUokS8Z6i1t/3QCmetVQF1IjGeJ/62WcHwmec=":{"valueMac":{"type":"Buffer","data":"9BCrw9AhKXInnsckK1cFAHcdgSImj9JsAAYFBWH4CS8="}},"EswXPYAmEABMoT2YZtX1uA6SVh0TgHcFiE7y4wlydwo=":{"valueMac":{"type":"Buffer","data":"ApziIoq06Kxob3vM8wB9Y6OBoimmHGu5XSw2KHnzEbU="}},"Et3nd9ASebpc/U/y3tkUFtVyB4sPZq//xaXcLBjdyRc=":{"valueMac":{"type":"Buffer","data":"gQdsVjaLNdP9civIpYotusV4GMESJO0L0fIsUSwkp9k="}},"EuEJzVoG8waFpKx+46+gGpOiDJ/quSibuZVStbK1UUk=":{"valueMac":{"type":"Buffer","data":"7YlpEL4IKYyAzvZW7oL0yQbg0t5V7K7340lEuDozU8Y="}},"EyUDkzfxpnifvvcCb3GaxqbHq55ZcZEQVpUM9gqFA30=":{"valueMac":{"type":"Buffer","data":"8Ff/hg+2TQ5xRE4wPKWvELa4Q+Kz1+FkKyzVmSlsEoA="}},"E68scYSLsv1zitNUKL+i3lbfqxXJJF9mzKirsiexAGs=":{"valueMac":{"type":"Buffer","data":"d3TcWH2MidBTfRBFXdh3rVwX+rPIEzxmRxKZTvFFUOY="}},"FAzGsq6+8izOe0K0ik/GGKnMwrS/RF/QLluTQwLRPRU=":{"valueMac":{"type":"Buffer","data":"r++dFqqsuhi0rydZFLanpT6P5DFrt8dFNRqPsrCYeSE="}},"FCbuG2p4us4RrNBZN9T65kVM5cEh/F3xWIy2fb+P2qE=":{"valueMac":{"type":"Buffer","data":"HqcUCBntVhJMDRTGSfTbM8Z9xVfwG1DtdVE0wObmRlA="}},"FDGg4aIeGD+2aF4x13gtofio86yAvpWz6bC3YVo9Mu0=":{"valueMac":{"type":"Buffer","data":"bnzmoCg0iyEvE1P8S95Bxu7+0yJaOfzbUSsR+L5JI4E="}},"FD9h8WC6TNCtdoqHI4ns42r5JnxVUluikYKI23dAiQk=":{"valueMac":{"type":"Buffer","data":"R+40l7RmBJYclMi0ML5C9FY+fpRcBIl5PWz0kP3NGrg="}},"FNfgud8smDEGdwqDiaPVq1IC/55Bg4y3FJZpw/xLaGM=":{"valueMac":{"type":"Buffer","data":"UJEvRgG+eanwbLJeHiE5LOPUY3KQJib2uiK6I8qFDDA="}},"FScXdgRfucLZmJCDiS9oqKGrHz5lQwr+0jcXsCpn//c=":{"valueMac":{"type":"Buffer","data":"r6R/HvJwQ9MGo3aA02UOlTffo/bxcfEyjnPhfk6ozUY="}},"FSdOnhWAMzs1vjk9vIqsPXBs9pTY3qTu/p5q2IRgYfw=":{"valueMac":{"type":"Buffer","data":"EvLlb1UhMSNMRiTGC/zz+oHiyy7qUbebSORX2ioR5x8="}},"FU2PzwvP04RWVsodLxt+pi1TixETQqY/TwxqeokqVpk=":{"valueMac":{"type":"Buffer","data":"1fhRYWTDhb9FYqTlOQy7bNb+R4hvpj6+ulWb+w2L1jE="}},"FbucXBxLKWt9q4Ivz/mfEearAci3uU6kAa+/bbn47ak=":{"valueMac":{"type":"Buffer","data":"aNl+UBzkN4cTeRj3qdu3OOdB4uDczqOS8OTvE9J+sUA="}},"FlOh5cRe44zEWZKbonO0Ql6SOG4B90zuNJ5DsaymbqE=":{"valueMac":{"type":"Buffer","data":"Sa5mJwBB923M4CCQXFs+CKUI/NxInsT0cFgQKOQ44nY="}},"FlUAWJEVBrkhg8EHpi8z9XFu89mWOuPvlmyyjQCYOpY=":{"valueMac":{"type":"Buffer","data":"zwpbtNZShK82/S/aWHVfPaThGOrap44W/Acd6mxj+fU="}},"Fo0+lKR3ZXOuac+FJcxCDiOkuVCy4ZJMa0kDigkiFiI=":{"valueMac":{"type":"Buffer","data":"MWWAO8iAMns062TEnOFlfJqfIENBE+QnCRiCEvpNBd8="}},"FvOijxmClRdUNSWRMBPB3Qriv5L7bLQZJLdCjDIkXng=":{"valueMac":{"type":"Buffer","data":"NNbpYPsOMnXksdpkLs53Z5EEP6Wmx/o56vDWQGWN7is="}},"FwyckY3CBzxLm2B62eiZSflj6AFsz4ZhUWAmBBpapjA=":{"valueMac":{"type":"Buffer","data":"Cm/UcW1a1UK+C5wNXOZ2Wq8ZlCyeOqLWLxox5ztqkRs="}},"F0g+jkBPpokkQIpgMcwJx0MCKnSBELzcGy70+25y6qo=":{"valueMac":{"type":"Buffer","data":"vBpTS9wqj8dZofb0rCV1/AWc2oMYRZ3A7f/QxO1SxDY="}},"F1AWh6QcGiq/0qbmRvLkO1gjzDNJzJ0/U2rZGtiP5E0=":{"valueMac":{"type":"Buffer","data":"Bl7npJViN9QtMlL4zst+/bxDPF+03UOTE5bGdgOSJNA="}},"F3Eo8sMRvmXB/5eLoT5zuKjkG6shX4H37h+S+e6d4fo=":{"valueMac":{"type":"Buffer","data":"i9uKtcW1PrDnxVaUUO4rkQZ4IbawgGRQGvUbo7zMHrc="}},"GIkqaPIflc2lc/RMN7XxZnYCkvJpfBO9m+i1VFQAl1k=":{"valueMac":{"type":"Buffer","data":"SY00pNAC8aOGWTjteelF44P4b5Dvv34mXZmM6baopnc="}},"GOmZSvHeJaY8zukJ13Ls+qFUbDII+CzD5h11JqU8rNk=":{"valueMac":{"type":"Buffer","data":"X8k+wkiaYoO0TQdEw6kBvOEvK7H7ho4c/r35Z42dFZA="}},"GP3bm8iFVxptCsE2xi2UexwG4GE/rAnqgWRjLsxpCWY=":{"valueMac":{"type":"Buffer","data":"LASfRNThcWxIg9pXJ86++e+S9pof4ZKL1Q9Ud3Av88M="}},"GbRQDyzmNxSy1YooxFWiCIZL3MkeL97VR0DJZtOB+J0=":{"valueMac":{"type":"Buffer","data":"YkaH4yOGhqR4S6tzNdalozq4yA2FPbshWakSiq7o5Rw="}},"GdmuMEyQIwgH96MB3xv6F+1dBPVD48cnuYiJJngySsI=":{"valueMac":{"type":"Buffer","data":"0K1LvatfZ83K10h1K7B9rGwnCp2tOi+5ZPYOVB3NghE="}},"GiDvvp4B28PLPioIqYZaP90fhzVWnxTAEIipTLTYSug=":{"valueMac":{"type":"Buffer","data":"Q1GVo+r8Yc85tw9ULX/hUZEtKpNeyRtZRNY0VDGpyOs="}},"GjqHKLrmhgH56IRvJFubFSWgO6C7ZXr6CZvk7EEdQ/A=":{"valueMac":{"type":"Buffer","data":"23lIej6XoRDYYqKUcDMlznWPwZ+HsszpkbcHUIyUU4g="}},"GkL+GwDngovQTK+ru9nDK7F1xHLSQGeJ+sjFytTedfo=":{"valueMac":{"type":"Buffer","data":"HL6MsuGk7H+MgLGX3O+O+mALr1nSaEQw+Etxg42Wf4Y="}},"Glz1y7cpBPssQLKqHn21MN7Bp6L/py202/HE4dGsmlU=":{"valueMac":{"type":"Buffer","data":"Y5YtqEaFx1/zyUOgztLhzU1IHEb17cjmobHFSMt6x6k="}},"GqL+/u+oa/GyrVFilT8Uc1hJj5UYdLPvPKxdParg3pU=":{"valueMac":{"type":"Buffer","data":"eUQ3ukCn4JgtOm8xpNa608UYBs2jZB8pUKFTzdOjlA8="}},"G2SKabMfpTncKsoK4bOzenWqGm9mt++ROOXS//NH/u8=":{"valueMac":{"type":"Buffer","data":"7j0gpfehKXN5bTgxhGUOK1lC1QqU4hTMig2wDdv6yUk="}},"G2gZiQlt+lr/+dCd/MOprbjKrV2dfR3VzRZdBuKZNc0=":{"valueMac":{"type":"Buffer","data":"HxY07bV3fEtehdODTTSdCMeDpwfHagTHJVeOFluaPFw="}},"HB+jTN1E1QHrCCnN/DYZxeof8CNOW98ZdcgTHlRwghQ=":{"valueMac":{"type":"Buffer","data":"28tiomZAIxuyPZGwih7WcFgaVEQrhlHoq71siJU+eRQ="}},"HDnEb7rLevy1SfP4M7AJhVi6vg7bC4K/sMmNT2mFTik=":{"valueMac":{"type":"Buffer","data":"KBtf90s5MtGvYyxGnrY1bGyxK+fpD8F9zYc+GAGLC1c="}},"HHAao4OgftO61abvKdT1gib8i7692zoxvAcCzyTlsMU=":{"valueMac":{"type":"Buffer","data":"wqtdG5nJydOnEos08Bzcm28GNnOxAWq2b8YFklZAh9U="}},"HQ3iFbk093BsDccjRYZSuzMGmFUheelTS19RSXg9V5A=":{"valueMac":{"type":"Buffer","data":"1eXjZtB8Siw9w4XWbNKXPxeZRvbgZLDVJ0Od6rvV2VU="}},"HTiWWXOUa1MyZvGrx7rleJ3bYksIgmmKRNCC3BZ3qiE=":{"valueMac":{"type":"Buffer","data":"CiUpExD4QXulII+gN/2hYwe8o2YKF3poOjq2AsJmeUM="}},"HXsK6NaVlLpsspMOGPYOOEcYMfny7KeowEvAhpZGxI0=":{"valueMac":{"type":"Buffer","data":"8AthRcPnjUo5tkKOlYQzp2Hgh9fP5Nu9xDdJRbygfCM="}},"H5fjdhbF5kSv0VXpBZRBH/Ton1CPplvjx6PKhtJkJPw=":{"valueMac":{"type":"Buffer","data":"lLs3v/N5jgHEPr3tOTrga9KsGE36hO8z0ZearnTTSqY="}},"H68hkGSyc6EdDN9tPOmfxpOgQqCXJfS6dl6aXoyUepE=":{"valueMac":{"type":"Buffer","data":"7eGZ/J60T0rzOP7YclDgQz8GlHYSl+wUkRWky2C0rZs="}},"H7am75oFvywmW5714QTsYp12IdKLRN6EW2U8IEx6dDg=":{"valueMac":{"type":"Buffer","data":"oV+o2EPoNLqyuYd5YB1UFq8XApnCO7W6lQHYzDN5/Yk="}},"H/JiaY7JOfpH5FAaaEaI4zrKlFvEcqcgl1lpFI4MZNY=":{"valueMac":{"type":"Buffer","data":"07teW0WzCZYhYK+DwwBJUnJgLYPh1HT6KCsMLrZ6m3I="}},"IDE71kBmJYp54IZzQkwPJZQbxMRtJxNhrMQLa2rCrlA=":{"valueMac":{"type":"Buffer","data":"KW1IN90zU7CI0NMPoMnX0FRlwF+Z1JAa8qoX4AuxvSk="}},"ID/A2WkYqEmRg5v15EnoyG97x0AzAOtD37hgX5GPlCc=":{"valueMac":{"type":"Buffer","data":"k1gMtEFXC4cSKVjdfWy105u/U77oQLp2dLiLobMbkH0="}},"ILqwZ59VgaxvLRa/qv8p6M2+bj+tNawjbgrnNR832lg=":{"valueMac":{"type":"Buffer","data":"cy+4Z+H1zwqw57NLf24J3YO9xAfTlYz85qOvoofh7wQ="}},"IMkIx2SZhor8fluFp3XQ64xf6hI8+Rkeg20Sql2KxxQ=":{"valueMac":{"type":"Buffer","data":"l9W1ZL79QEgIJcQLErdSoUPC/HNbeYKDYnm5o6neFi4="}},"IRAARr8mfnpSWiRv8MnaOF2EnH+j/0JluQb7bpX51zw=":{"valueMac":{"type":"Buffer","data":"dqO+htD6K8gD+hQXyY33T9LcS5Mve/Kg4IaoCYRyva4="}},"IUgtmb0UbEOQpxh24r9ohQSkJvbnAjK+bnyNRiIvZWQ=":{"valueMac":{"type":"Buffer","data":"kNcVPV5cHpgW2STKHH4ezdROJV4mdg9ewQ3+0sFGSgo="}},"Ibm1DBRyg0C/wx4ymRP6eA0bj+m87AsYPGLGN4+cbB8=":{"valueMac":{"type":"Buffer","data":"GkOw9Zm7g4tGQk9ETpGQcZiQO9szLAjsW/6A6gNiHKY="}},"IuPN+DAyEY3CczmyMzqcyYcfhzDYbKOq8Syff/w32LM=":{"valueMac":{"type":"Buffer","data":"uH4v7m9D90bZxyW9hiQU2F73ZMwaHxZ+G8wM0/WbeBY="}},"Iz7BFuuY1MWjtBSLXRINVOWPmGgsuf07U7obWfVhv6Q=":{"valueMac":{"type":"Buffer","data":"CEoXBHei06A9Sndo/Ncm6fCUw1BzucR96XZGF6ggvvA="}},"I1Lqp0lOtVzZu5OEc8B6Hji2buUwAmMbkHT1Zu7EreU=":{"valueMac":{"type":"Buffer","data":"9FmH0SUPvZb6tcnEvgi6IiL3FXViAItx79An0xOMzGs="}},"I+6dNL8wkmkdZ2paw9pyP6217zUnHeMfFZaEhujwk+w=":{"valueMac":{"type":"Buffer","data":"xv3B7Xk2s7bdhfws7KlMmv42sdgaJaMFsDTnmvSONpo="}},"JDoXQmuOyRXMTur8PExtic5XClbyFWOuh5QNJYXEMFc=":{"valueMac":{"type":"Buffer","data":"YgkW2TUe5f4TK8oJetoKkSh4gZXGIqf3Q7RMokeeds8="}},"JEIWKZy3O/244/LwMfFYjyySFY8Oi/iLBeu5Hh3JWus=":{"valueMac":{"type":"Buffer","data":"782yLS5aISqQcKCm+X2zQ6Su7RpFBOvuS1Ygei/2pmI="}},"JKwPckynLgVFExhthXLkkh/1SjDDx2AgTrMbKIxTzeA=":{"valueMac":{"type":"Buffer","data":"1U8CvXIX65xP2usREovjVsCtXwx+FWvsV1yp5fpigO8="}},"JLc0Yd/v0mRQHciCTp+bPenhskFk7FZnk0r69WKH6So=":{"valueMac":{"type":"Buffer","data":"sZJhAiToOS3jK0rfT7XtkeBdaYdt1sssUSKXmu+GGjk="}},"JOUM46/EjL6oIXOahvf/LLjsCmD4tIfy508fKScEmMQ=":{"valueMac":{"type":"Buffer","data":"5MrdoNZXGSspnM2WpgmFP8cIcMiQka04df3ONiZVzO4="}},"JVRAoGRj6JmisEk8eMool0qYhYWnVyGnnoTZyb4ZuyM=":{"valueMac":{"type":"Buffer","data":"5o0oJ3IRZPXATbwNkTA6jefzZaeaBQEa//OLfRaTVi4="}},"JVjQTkaNITXeS+xJJ3ZiYj6GSHpoybTbJntfRyEuzUs=":{"valueMac":{"type":"Buffer","data":"0BSS5fttGXN0REe1aeSPMvYn+P9MA7jJU/ffnpNGlxs="}},"JXbmTK43yCEHb59HPtkcxkZQqbwKaEgQBz1jvqocJAE=":{"valueMac":{"type":"Buffer","data":"VLjPHYQhLuzQKZ5wZWDe2HLUfLIqTw52XBRuppg1+5c="}},"JXuXdMOjCjyxwSjjjghEI8CoA/nE7mgt/nxcbyIKQFM=":{"valueMac":{"type":"Buffer","data":"i+XJc6Pu1Wy3ccqHtJ6xJiPy82FxUiI4qYYfCmWcvIk="}},"Jjiqr9gfQMRRYsLozrdOrkgjQRQkNYKd/6mnJ+8F2WE=":{"valueMac":{"type":"Buffer","data":"tsdzkm3cUjgBQSMWVcjskywdWLEOpXjufMmCOv6zX4E="}},"JumZpmRYfnMatyJqgau3uxYtSClAhT8bmg1aE4ZXItM=":{"valueMac":{"type":"Buffer","data":"gVX/E31AQBJow1c7U7PAm407b5NihTiQCS5tKZrBiRA="}},"JwLRp408ftwfD2IPbUw1iAdsjmf6o5gaLG9Ur6dR2AM=":{"valueMac":{"type":"Buffer","data":"5MUzrgIGsPYGzKMZUg4+YRiIFKLMvKJD7XI2q0/0yFY="}},"JwZXPuiuW3qxV12WauvVCe2l1v09ZyDdOzsU1rDv5og=":{"valueMac":{"type":"Buffer","data":"3MH/mY+69DSIbm30dbax7HGkQZJhxs78AmV6AR5vhAY="}},"J5FppdR7FsFJZS4RTY1zvnF1atvLXZlWWG0DFbyJDkk=":{"valueMac":{"type":"Buffer","data":"DLdk7WpexxQxmF/cI03Ky64DqTKFplKenRY8C0RReMY="}},"J8GDzy44TtqrKDZuoMWbOPHAQvTJ2+j6k+0OtAqbZkI=":{"valueMac":{"type":"Buffer","data":"3lajztOdsuYFzhdA3Z1TKFP80xM6gz6GcY3wcVZPX0g="}},"KEEczWOjq4GbnEG0CyxdlBjFHuLWZI6qxGPvken5fkA=":{"valueMac":{"type":"Buffer","data":"FI1Oal+Upn9VruiCa3n/sT5dOVV2FKr8YrCZXM9oLTc="}},"KEIjzJH4PloeT/BXzFAfzeV0/NlhabzPJt6fvDH151E=":{"valueMac":{"type":"Buffer","data":"BvlPKbudPsnibLRWBpjGoY8iw0SS34aUTTSaGclte1Q="}},"KENQM2zyvegSlwXX8mCKYYRuwaQm7be8k51F41pDKMU=":{"valueMac":{"type":"Buffer","data":"2TMtpL55VaRH/93mEx5UQt07gYKrCCfBX6tH/22qwDE="}},"KNefHUWXvUZhZH/Gni6VhRX717UcZDGpPhJDC4NuXq0=":{"valueMac":{"type":"Buffer","data":"RxWRdIAZglOzto3k66nsrZdaJgv4UwxM60jchhOxgjQ="}},"KN44DJZOUV6clYc4+Y6xGP+CY72+Q+UFjTPeOHDgevk=":{"valueMac":{"type":"Buffer","data":"psu5rYZfm3W/6ui+1KifRLesNDsIGE+oj56BevY3gmc="}},"KV/Q94YwAaYIkI3emNgpe+v/Wa4Uc/AtIA9V7fkSf48=":{"valueMac":{"type":"Buffer","data":"yRePKHHavPFDdxS5UVjj4MS1/5v8Sr5KTzwkUs22bc8="}},"KYnKMIrrSgXPq3am7dd1rtD3PSmTWtfI24k8ynwiY5k=":{"valueMac":{"type":"Buffer","data":"Rss7DijXDnyWw3Q8Vafy5pcp/Sc1f+8manB2PBd1++w="}},"KbstSbCcjtmXJKlf++PCtYrV9+OqB7PqdFZp06M/MW4=":{"valueMac":{"type":"Buffer","data":"Gw8xSwb9t3Bt2rhcFn69WrQfHkY5b9Sh0P37Hnq01Rk="}},"Kefayo1LFsSKZ+YOINXP+Rh3qz7DV1EMlxGEEy8nlXE=":{"valueMac":{"type":"Buffer","data":"oN27lyap0yYfShPtY5TqqLJYbsheWypyAL/sSA1cMIo="}},"KlpvuvLmG/gZt8MSw/qj8GbiiN8JF6W3kkC0bKJCSYM=":{"valueMac":{"type":"Buffer","data":"HGJfEcKGF3+guMYtXpXBd0C6pYcfZs53eHEb8Rtjs0w="}},"KnddcxRQDJCSqQT26cWbMr3FYlvcFWr2jpycJbhyYZM=":{"valueMac":{"type":"Buffer","data":"GnGHGCKm7nuQCyKwnQwUoqUbctl3pfAvcO5Pv0Wr5KM="}},"KpiSyytflkHykBznZTh5UZ0aI/yXcW+K2MfKg95Dqr0=":{"valueMac":{"type":"Buffer","data":"ICukUcn1VSkP5HSjleUrPfIgZbxVGmy+6VqfxoVoiBo="}},"Kp3q3Ay7XKFH/uucGvM10F3dTolzc/5MgOCMa9Sp6X0=":{"valueMac":{"type":"Buffer","data":"J6Jen1SE0pvQWm1Ivqe2fzPtrWZwFjPpjMYG2w0vRZY="}},"KtpiH0LY3y16GLE4eU6ajjo4UTdh51I6LQTqTFUZCl8=":{"valueMac":{"type":"Buffer","data":"uWtHP8OD9QzBWsCrnn9zZXJExnRcoJXMR47ZRSPqO6Q="}},"K6RQhXUQjmgoAqlRBvN1iNnHm6x+BZix2L02BVyJGSM=":{"valueMac":{"type":"Buffer","data":"ATwelT3cIqw9gY+NtqiXmbiElSxmtSHIKeG/vcntbz8="}},"LKDx8VvGnS3KDA0Axx+VkKNejNx4OKi7VuIOpRydBvU=":{"valueMac":{"type":"Buffer","data":"gBYi7ouXRV/EONrheWtxvMmMshSmg9Vripr3vGPKTg4="}},"LLcT47wn3WBuuNDvMMb3owRPPnC7mT04XoK+TWH8hFw=":{"valueMac":{"type":"Buffer","data":"3enaOYUYu2CSUd5oUpQiCvWEKlco3iDZ5PWgpF1AGCs="}},"LObDvlZcQfTo2vvfjW54G4RJaGrwiMSrB0voEMwFf9M=":{"valueMac":{"type":"Buffer","data":"m2tvjMnbSvebENNDtxavoc59Szat5bPiu8/UhVlAz0U="}},"LTX7pYs+gLhLRjOVcPZLDpKMzYMJ8FYP945yOmVXT+k=":{"valueMac":{"type":"Buffer","data":"Hf82LcVxdP0r04FC2wz3ZOuyatTAHsxNZxACarmlfOc="}},"LezU/L/LFwk+YJxFN7hTvjM68fNz9InfGFXjAgIsc8Y=":{"valueMac":{"type":"Buffer","data":"wCKuJZd7WPOydFUWfyuCvDI20bZb8UsT9skuipvS8PU="}},"LlPGY/zkXbk8ZbJyoqwVmYZUwn+/fsl57Ok6nXyjq7E=":{"valueMac":{"type":"Buffer","data":"89sRXlr7PBH1lHbRaZ4IKngVnlFnR3lJB5LgL/459i4="}},"LwbHlZPnQ14kXRHngOqTYpaEhUZM5IjyzrfUbZlw7DE=":{"valueMac":{"type":"Buffer","data":"saTpVsFjl2bFKJBlU0dV/zSTF3q2KI7wiUcKhjieDW8="}},"L4M4JFs3F6fAVqyWDZ4bAkjgDrHFov+TScSEw5e2LZE=":{"valueMac":{"type":"Buffer","data":"RltFQSufOlGur64QgpMKidH08hwN5niDICZTqRiNJVw="}},"MA/Z2/Bma6xxn5b8vKiic9yU9QqwVznwbITJ2XhFYnk=":{"valueMac":{"type":"Buffer","data":"5pBBdFoI9Avrp8dTMNpTXPJ1uIRPv7AwHk1gokegzzE="}},"MFtTjIGXhaPKcxfcmaISliSHcI8hBGBV3BhDx8eFctY=":{"valueMac":{"type":"Buffer","data":"8pY8CxlSSaDxn0aD7ZMLfr4StHF8OXxBVaIAKGhnFtI="}},"MGCQQQwoqcRopBpAtiE7Xx+u0G8oSeCBTtWRZFy+g4g=":{"valueMac":{"type":"Buffer","data":"EyLLznhr25gTbpJIM9T0acz9SxO2biaK84M66d9WYvY="}},"MJoddQrqrao4v61KudM1LtqtZwXoYt33s5YEamd7l0w=":{"valueMac":{"type":"Buffer","data":"8XRH+T5zWDcyaJvJ9MQ2BKCSM0HNH5V7Ve04eI1u4Hc="}},"MQy4FLOteRxzj/WmMPtfoW5lcQ37tPsRTXXSM/bWjf4=":{"valueMac":{"type":"Buffer","data":"YiG3aNe+mq88NmmUKkwDNt/RAhckJxQCfSu1yGSfG6Y="}},"MV8fd5ORFTmtbLTdda/5yvUvp4qPL0XijR68PQy1ae4=":{"valueMac":{"type":"Buffer","data":"tK0+cBx7nMKifBLpAn9LovQl2gB4UEQ1KEC/rMStmBo="}},"MX3Amkp1+HZWNgdJFulf4FMrJUphrWT2EaNOS7tPBeU=":{"valueMac":{"type":"Buffer","data":"T1RUpyEUsJDIrUEDjLFdWTex0BFnFG0SOd3qX6AOs7c="}},"MbFMhT8zbM8V+08qr3f0Dm0UZWeAudNq1hk0V5pGOgI=":{"valueMac":{"type":"Buffer","data":"rRh+H7bDG5IcX/m5+lQO7WLoj9A1YkmWSVUOopNVHTI="}},"Mci6M9DhM0+wbbMtWlWRsI3WKPSsdbf2a7OfjuACWww=":{"valueMac":{"type":"Buffer","data":"NEkzUcuxWk+35vQW21Q7m0rljkTJNx7BMxObZ/m+I+o="}},"Md3qALag/qwyKR5T0V1wdnMJqZdl8uOGMJLopjViF7c=":{"valueMac":{"type":"Buffer","data":"53CqIpcAXV3S0EQYe4uve49fPNz/pwFUyinuiX3eD0s="}},"Mi4dpojfokkySWwfWBbwyGnOJpwsDODvRfJRF60EcyU=":{"valueMac":{"type":"Buffer","data":"/Admqe1gp+IywLPx2oACowb7hrjYBfY+W0OXj58+Ne0="}},"MmgQpIxepQJCy/j8NUzNGudX7r6Qg7rSA8c/IEknIRY=":{"valueMac":{"type":"Buffer","data":"4055BgPonzfvp5xKXFapdhejID6JPEoznewJXlQdhGI="}},"M0tT546xWxZkOmLqGXGQMUe8eE1ikAP0cnxdx89kDEY=":{"valueMac":{"type":"Buffer","data":"AVgzC8MTz5zY+Q8u7FxUX9P6xlrZu1KghWbS17ulqIg="}},"M0x3e4SjperpfcombI4kYQxFg8VXIe0F+Zstieu7+KQ=":{"valueMac":{"type":"Buffer","data":"gUVkhruZcAvqj7DXE1kJ0fZQrx+LI/oMNhgHBi8I+BE="}},"M/GPmRW69HVYjB9wQIp4urqX7Qan+11YwIO6fgFlqdw=":{"valueMac":{"type":"Buffer","data":"RHUOA7BhlJMpZyeejTOhc5fFH+hVZQ/I61kfROCrjvk="}},"NJTL/Mh6nQGwW47Lf5l1e7mK1jrBkf4RX0w+tFSYPSY=":{"valueMac":{"type":"Buffer","data":"Wb8+QRM1H5NJu659OpWiYVJ9KYcj+Qct/uFt02IbXhM="}},"NLLWfpGKfXHn7k2nW7g/EIW5z8Jox3CszjGk0MEg/cA=":{"valueMac":{"type":"Buffer","data":"vguU7A4mlGnsdPI7RBmwzYoMaLG31uUGn+9k2DfjeIE="}},"NQ23baXN8kwbLdMx06zf8NMPpFv6vpV5THG629z1E0M=":{"valueMac":{"type":"Buffer","data":"dA4XxnSe4CW/KhHrjvBbZqNfvJjo7h9NO6xNqdOiRwQ="}},"NWDfP9+ADw/p/bJ4I9zaEv44Y8zuxUU4huwhMuad8K4=":{"valueMac":{"type":"Buffer","data":"pWYUuQ++FzuriFRpOGKZF/3jbCtewlAwWcc1gwNfqgI="}},"NfZnotfVNkpccjWlB2sPmrfB90KKeZQ8svafFIFJJmI=":{"valueMac":{"type":"Buffer","data":"BEOLghShBDDoOjIks2gqRBsxlHmqA9tENCLxZ1aS2BQ="}},"NjlkD7D66RQjF/JdhPxQWcUF+8WAcgpwt9zTDz0ve0M=":{"valueMac":{"type":"Buffer","data":"vO+XKLG1U7CpsoOB0diDTJERb50aWSQ6Umd4d0Yxm7o="}},"Notk+Q89avLPSTxUqXiz34nxr9uxDIG0JjOqGSo9znM=":{"valueMac":{"type":"Buffer","data":"dYlwi5U14QiORodwbPbuk+KE9uOho9znMF3h8WJ7MdA="}},"Nsz01az7vaMvxAFafoWkSZSHXkH9fn6S1+S2b+MjKbQ=":{"valueMac":{"type":"Buffer","data":"aPqZmtLZduPtOvuq9bUG0uU53m8LUffymfB0T6jw4vA="}},"OCX2D+QvWMiQ/3PRksKPhqqr2h4O6Wrm1PfGpuCxr80=":{"valueMac":{"type":"Buffer","data":"5mjXEPLtqyLtaud4InUtmQbO83Lg8ebZBN+W2hhJeM8="}},"OIJRAc2IjjZRhe+7nmN6+CFayAAXgTdjX7br1pMW3wg=":{"valueMac":{"type":"Buffer","data":"ezjR0PQVBMmXOc47mstN9F1XYWOKPD8gfKnQxg++tNA="}},"OMf+cMyzwS6B8Dcx9fce+suqgmZ6Bc4I20vh+Ne+5D8=":{"valueMac":{"type":"Buffer","data":"QlvaAd3AUq8cb71tjs4Mzt8dWaTp76GE13Dm6py6Zrc="}},"OUMMarcgq4a+rvcDNFDwLqKemOwlSk45TzCJGKKAdyk=":{"valueMac":{"type":"Buffer","data":"XfH//Ez6C0rQS2oBuL8fu0F/qtIoxkmsoab9olEsyK8="}},"OePRbGW0JyvSlGe9onROUvflud2hL0pNSyFge1fDZHw=":{"valueMac":{"type":"Buffer","data":"qHDwgvwwoLAxZ1EnT+9ra3+LmnhlNqEEf6ZCNIfjNuM="}},"OhF3q9ETwJpfDfSUfUNC1MB+mwr340myfzxTSXZsA/o=":{"valueMac":{"type":"Buffer","data":"eL5N9MpmxsIbUwMKa7JXMUzoo70/1fdgUaEyDwigbho="}},"OzNEn/xoNNwFtRxpWmNgHw2QpgvplS4qxQbwI6Wch+U=":{"valueMac":{"type":"Buffer","data":"RrE2ND17jH7NoMWHY6u++VKXbLuY1+2nU3VtnyTuWb0="}},"O3rJG00hQGou7yjcQTCHzjGRNW8vn0qDwhNhsZbEs5Q=":{"valueMac":{"type":"Buffer","data":"BQEYANdJUuD0gx3bAKaxI2G3hWqiCIcB9BuyoVTal3w="}},"PQ5l+YuE0D3xy7J/dkXhFM7nhltkzJldG8hSrcDNE5I=":{"valueMac":{"type":"Buffer","data":"ErnpYJasPuz5Ng3IXDE+O2mVkZCqwdt2sDmqQJITCcY="}},"PSzQP2SHfUHOQFLb4U0vvD4sZyerwNCEFyWJqo2xcmw=":{"valueMac":{"type":"Buffer","data":"RNxGy/6TkWoekHcnSiKk6eYTceRIvzh/xSh5ZwfeJ3E="}},"PVglua36dJcCAjfP5IhB36W5YWMjgvvCXj/ds8iDD4s=":{"valueMac":{"type":"Buffer","data":"1ZF0K6dNjiPLQfnJyqMTlJ9Eg8GZr2hESErCNmEKvAA="}},"PWpnUBFDTS1G8S/8J69yD4st9S9Dx4ygif0FQdZX4kg=":{"valueMac":{"type":"Buffer","data":"CvQoi03QKYqDmv8s6bA3X9GXcZKcKOkmfuGdXOhGRzE="}},"PYMqriAW/iHX0M6egS43T5Az/xq6xWMjZ9QD7tgvSpg=":{"valueMac":{"type":"Buffer","data":"na3eX5jhUIW1nYwW/iDGGZVGOzt4D09zAxB73Wt6+Vg="}},"PZ7l139UWxUDl9/ypp2TyUrKbJY1Zp3Sw6wEV3XyJZ0=":{"valueMac":{"type":"Buffer","data":"MlXgJqxFdC1DyT1U1j19ETGJH/8sZXwg5R4yDGaGjSk="}},"Pb4ZbpCgWnH+PDddROR4bgQiyGpb+7PCVoncZaMg+wU=":{"valueMac":{"type":"Buffer","data":"XD4YUnahl3zNmEnp1VdHRJZt4NFKcPDBhaMLZBxVihY="}},"Pgxv9GH5UnJEiIAtgnCrjhomSsjid6RZ7INQNyFdhCg=":{"valueMac":{"type":"Buffer","data":"g2OQytxSDZU7f2KP+pUW87EL6Kio1Dqr8nSxTRQCNiY="}},"PhwbyM787UdaX3uDPzQSlKOwtPSe0wk2HhN8MpW22HE=":{"valueMac":{"type":"Buffer","data":"LRsLep8K7mtYCVla7082zofqTQajwYMiIwpse9zP8G4="}},"PigiYnwOw+RDcpXlGLedxXbHAnA0XQ0lF4Z2AEWbCGk=":{"valueMac":{"type":"Buffer","data":"GnFFAH7/QjdcXj2XXiM+TcXWA1xTst8WsgtxBR/6Mjk="}},"Prn3HC9S3b9LeLa/ZUJAzr45eUKCivXOnqGxjrP/Sg8=":{"valueMac":{"type":"Buffer","data":"JDejQ0IlAbQ7NVrE4NKdXdlGvOYlZL7YIhD+fx/OVr8="}},"Puq4Vgiey/oiyJOVxwmHj3waIX0fSO/gFggPrBr8Mbg=":{"valueMac":{"type":"Buffer","data":"uVPH/RG8PPtjJMJlspSmD2AOY8gjG6zIATA9uAL4mBk="}},"P3169RE0+efFYExDOlpgg3vFeOKRmufWsNu7W7R122A=":{"valueMac":{"type":"Buffer","data":"e+hqMkXIQ03/R6nja0YGIdJzbeopH1yfbxxDQoS+8KA="}},"P8GXuy5t1e9Emifx5/Oj2CcK1pJTva0aJUvvVdq+bWk=":{"valueMac":{"type":"Buffer","data":"sdNwRfpNAnprcln1IHQrPyNGRHni5vBvvW2Q+w82tJU="}},"P81ECoF0w/k6qS/3OGObFGYxR3bIR3Z4L4+bHyrFEF0=":{"valueMac":{"type":"Buffer","data":"phwiR+8BmKt56pRzyQwR+jIcRtB+sqSFr/jcjBX6TxA="}},"QNhXOsf/YYCdGrys6gKHsiLmgtwPGhA1imQTrEG9I94=":{"valueMac":{"type":"Buffer","data":"Gbe3NQMOvKnqAPjG2CZwhKN7E8+OHswLX7oI9LCUzp4="}},"QO1VV+iFbhWafj/4qdMzC2pbuLU3PLuMFVy6uU2SEEQ=":{"valueMac":{"type":"Buffer","data":"YdRwizDUeWJZPgJP3dNSeSwD3AWlmdkJEgw9JNkoqVI="}},"Qec1U8yg12Y2VqvoEwGYzrsiC+FXOgVU5EpGtCn8cqg=":{"valueMac":{"type":"Buffer","data":"L5VWZ4AqkhG6p6Mi4yfJqRtE9GHmU+WKkMvTjhAeN/c="}},"Qgpgn/9AUqtTZkDhDKcioqkdZzMJ36V9XCbivuwix9I=":{"valueMac":{"type":"Buffer","data":"m3kjPYQt0LLy3mbbmx0NdDGfAocgoukWR9mnEuGYTSs="}},"QlUyP3z1sBQovIu0aWABYnIljoJrwBSfBo2WMdojcNo=":{"valueMac":{"type":"Buffer","data":"3CYN9qKz9Yfst6K59to5OOH3NYrQss2e3ts0rinNBok="}},"QoxW5712fL245MrsOeeJTTrTgs4gvLnqAKG/42D2yoo=":{"valueMac":{"type":"Buffer","data":"Ke5S9gXiadT4MU4Z47jsPcH30IEupPoHwJceztTRIL8="}},"Qrlgo2AdryD5a0uh9W+ffef8cZl5iuvGIVj/v8Rma08=":{"valueMac":{"type":"Buffer","data":"8w9zOcMEjpKyIwOmkDXs3UvJ8SrvKGkbKXHI0ZEzhdA="}},"Qx1tC/OilhIfoBedsYoQ7QQsznQdt9hOuviThKfd+DQ=":{"valueMac":{"type":"Buffer","data":"ZhgCvjikxqz+kimBxHS9DJOstxBRzceocVWAWSPVkcI="}},"Q4l0ASeOxhjFAoeZ4Qmf0CdO/8VbIp2aZlchIhIQhBc=":{"valueMac":{"type":"Buffer","data":"UsBYtWb0fTC3qmtGcw5nvRfOIJ4P6i8nD+acU4s2t6k="}},"Q7WlXfoS9XgV9opvxNZp14N5c2Q+UtUG9t+9QjyVI20=":{"valueMac":{"type":"Buffer","data":"a2e8p/0eZ4m5JopiC93LfIFiu+1tp7ZcByovtL4x9lQ="}},"RNz47q5nk04BUgr1ihbry70SHdNa2Yd98EyQvPloczU=":{"valueMac":{"type":"Buffer","data":"CPrBpYS4m6NNAwvdwMzpBRkj9NZLz8PR2MhXZUHcJaY="}},"RSEXzNPc9u3ChlxdOgsq/VYFEmE6H31iryKCS/N3iwE=":{"valueMac":{"type":"Buffer","data":"prVn0SBvOeappWQlB8sCUMNC1LiqPy6USB3xgTdWFO0="}},"RYj3po/xuFdGQigW9UP0S0ZFy1PGivbvZqaeaeyGzG0=":{"valueMac":{"type":"Buffer","data":"RYS85wLI0bWl3V2eH8bCFm4x+vpzh0FctdQ7Bv+AuSk="}},"RejfIVPqqv4sWMrrL8unlf1PcWV1YqSZi/74EF/R124=":{"valueMac":{"type":"Buffer","data":"D1xHVmRejnoD0UnxNZz0WZa8KFqdi0YgJ2j9heg0Gg8="}},"RuBVQm/gANQVP85EPcJaxKR6+nqidolrMSO/L+YvU9E=":{"valueMac":{"type":"Buffer","data":"ll1RzUBheNMonz7VZh8pRbjKk3ZRKHKzOE7l7vLpQwA="}},"Rws0/Kl+mjnJMX0mXyCqdgzPFWtwWU83d37Lg9DwGnk=":{"valueMac":{"type":"Buffer","data":"Lz+ZElTPeMIaSPxYdA2cHxxM/1eozoQWCAjGlqkqiI0="}},"RzyQJAhzZ4ZhVRKdoXhlkS1bntBsBmT4P0P54AX8qK4=":{"valueMac":{"type":"Buffer","data":"974CDNYwKH/zRlYjfXsPVFfAdSEKHI6l4HSxh5OMxHI="}},"R1Owi6aVIGcDUYzpFNi6olCLkkNh7o7zDQKs0FaldHA=":{"valueMac":{"type":"Buffer","data":"Prx/z6EUbx7q4yIgmrF59rbXBlLfdVsIcMTL7rhZzEU="}},"R5B7j1PjIA4+F6YUbZBp/xzYS1YTmxS9nfQZNnUAFug=":{"valueMac":{"type":"Buffer","data":"rxDjgCdGYnSw9eN8MfrORq3N2sKFPmaW/f/B78A5Rh4="}},"R5lhnvqLc3AWbxW1zX+1yZOwvmFi1DC11DT/XFDz4Os=":{"valueMac":{"type":"Buffer","data":"xmpTDf2L+WTgh1nccUNSb3+mTWyrmlb8m45VV72mesk="}},"R8vfbIAgfW1ZGk4jnlwOFG47S37RBPvFgM8NOrG/Vhw=":{"valueMac":{"type":"Buffer","data":"Y/6jrBafhFV6FDtRV6zl94CqnOLrb59tWAg47r1xs2M="}},"SHQ3rfIvd1JreBwNdEq5XxVEW5N75/wINqaDYG6+bdU=":{"valueMac":{"type":"Buffer","data":"M22YobXHUON8T25dsJQkB0UxFJepPe2I4sMj8f/ogc4="}},"SVsi0KJ+UP/fLxHnnD0qetSrRIo/3MFWsgxkEGF00cw=":{"valueMac":{"type":"Buffer","data":"0CiTehyyGvCG9iZTsd0gAuuu4kNQolrgy+HyG0dVCK8="}},"SYNEr2SY3DCVG54uptlP1QQIYCwDvnafin7HiYCHOag=":{"valueMac":{"type":"Buffer","data":"zxZBOn9m2ngGkjfIDCy0lZ9Fyhgn1hje9EANFw630SQ="}},"SYW5OLNhtC/iRhcoYWsV8C0tlO6TTQHjsTtuqRLnWC0=":{"valueMac":{"type":"Buffer","data":"LGBz18/Kz8JN+tdUB9UjxvFnNIWtAlqcF2u/ekRgwwo="}},"SZHGBwFFB+DCtnG+9KJu3nKh3e7Mqb7Guqadt7gp1Ks=":{"valueMac":{"type":"Buffer","data":"QImf9oGfS4/91HN1dJqbFoBFRLtlnqymvesGT74NHC0="}},"Sf8MJJE0jiNNRxlMtyim7g7b3wvjvCYRI3VPQ//sdkM=":{"valueMac":{"type":"Buffer","data":"yYBH69tCqI0Eou7fwQ24XyH4TYKQdAR+/EnPun9tLeE="}},"Sk2RukQpjmCcliPMTQaSSzNE6Q+i3kWwm+swE0f7xY8=":{"valueMac":{"type":"Buffer","data":"iONzO1slyi37LEydXwns3oqwfqOSQ3CSIjuJh2J5VRI="}},"Sl46/TMwVaLRj2K4TB1tMoIypZLv3l8EAptE3fuIEOs=":{"valueMac":{"type":"Buffer","data":"qqPHMCbDakzNCrGV20idbqhbqV4y+aXn3rrMZxAbM5k="}},"SngWUqA5QVfL9QbXW01ZOdZ+WukIvjNSZ3LnRjhG5SE=":{"valueMac":{"type":"Buffer","data":"uPPOvy3958D7ykeokxv6flmf3Jr263uTfDDDbPGbiaA="}},"Sojhkff8nGZwvNmC7FZPw5U/F0/v9pGqJtknv7XspYs=":{"valueMac":{"type":"Buffer","data":"kyhkhobg+7Fu+aR1qjd+q+y++/1qR+PX4+/eXetl4DE="}},"SqYiIKjuG5CUYznwPBK3x60BLLCDNMMIH/Ym3Mk3At0=":{"valueMac":{"type":"Buffer","data":"Fu1DvAqA3VBa59n+MGAYYdEBwhuK8pJ13/jYWBctxZU="}},"S/nuUn8Ys6zQJPf6edq6Ac9hLK3OlLBOOgSIrZDGYPM=":{"valueMac":{"type":"Buffer","data":"H63xI6ykrjCmnnkiDQ7qEfnVBZhrL0PH0negxVdZXRs="}},"TBaCAetOXcp0po3RasyQjVHsCcPjsNf0f7/vNhWIIEo=":{"valueMac":{"type":"Buffer","data":"K2YhnTPGI/qWQuxU+p60BWb2xDk2WMAajTm0QwTMDII="}},"TCDU3/qVnyvZeMiMEBUUmV4it7kbuDMLMayJDSL7S7A=":{"valueMac":{"type":"Buffer","data":"K3NNSYjJUf6i8yN+KAPKCuuBKa8diYwA7fRJXJrklGc="}},"TW3geoawbRb+NsQ2Qybxl36kZZGmzA7SBgoik/bBElI=":{"valueMac":{"type":"Buffer","data":"cNwbxnbRMOkP8ppXSl9O591VdSOAzK6AekXS/MXZCKk="}},"TYFlDeo3Xdf+XlmWjz/a33//LLiGuBcQj7xs5kZwrIc=":{"valueMac":{"type":"Buffer","data":"bhWsa25jTv8ubdhtzFOc3YRo95QLTe7++I6AVKlatdc="}},"Tc2mF7WldnSffSL2rRk3G+QfE+pZ6tCiK1oObUpJSbg=":{"valueMac":{"type":"Buffer","data":"LjJZcscuJRJi3tpHQ0GoPMv+TzaE/Zit1jrE1NgF1Fs="}},"TsmFTjjAUwh6ioyi6LiAtZFNZlrzy57392xVHzbap/0=":{"valueMac":{"type":"Buffer","data":"qd4aRrhXSrR3mSmHeacHIE5ipNfXyYczKEEs7XAlxGE="}},"T9/KdTNphy9s+k+7WYSySURL0BC36T4AekMjj8RbS0g=":{"valueMac":{"type":"Buffer","data":"8rSPX/0R/5cMb4Yhb1J0CeKO3Ilys92YmYbTbBg90Gw="}},"UE32kRya3ZlyFPIwFzvAwzehTVS0nTuIUfficoxISYw=":{"valueMac":{"type":"Buffer","data":"MHfkdmH+qVzzQnMilI5uGE5gQWRsXiKTtAurbo05q28="}},"UX0ijbSJOFmmIe335dB5FJqMJ/uJj1NtnoiQQ4mfRIg=":{"valueMac":{"type":"Buffer","data":"3By9fg4yNdVpTQ8AsKSW2jT2dOyk1iXswc09HG/Nu8g="}},"UZGnbgO2Ike5tGq6HQcOzy6fkBv8MCuUTJfsy3qnpjc=":{"valueMac":{"type":"Buffer","data":"T96nyXhHRNCPZnplUzm9KaW3urZXuHBMEqpvuV90FNU="}},"UZwRQWeBf8ZuJxtYf62qc0zJ3hjlse5KE1Jdcdg4VC4=":{"valueMac":{"type":"Buffer","data":"gRh7U8C1SaijhYtd4wkNWymRE9hCnN8Z/0n6pokDWOk="}},"UgxA/i88xq/vRBDkW7raIeSwDhSEXt9AREpyDLMjoxk=":{"valueMac":{"type":"Buffer","data":"JkiasTC30rmBa4h/6oWqcH9u4m/rSHUC+fYZ/9aG1zw="}},"Un9LQT09AY/qCdGIE6ISAzs6LfVyeGtgfUukyF8X3bE=":{"valueMac":{"type":"Buffer","data":"fQ3gMTrX805Ol1xqFZWS+EY4uJhB2vQG3zyAB33ggyk="}},"UoVQi/7NLluqP05SDZ6+99rKBrlTWJ5nuga47jr8Njk=":{"valueMac":{"type":"Buffer","data":"+K1I23IAqXO0/CqZgXaqnBX7rTSJAv2rLTXQYFP5BCw="}},"Uo4+hjdrrWj9yTeDWutLYYQaPypI0nBqFu4R1JuS210=":{"valueMac":{"type":"Buffer","data":"LT61iyJl0aC1oSA6UGasGXkB2A/50+JxJwOFFvAsFhw="}},"UqsVnfdHU/8QXyr0zv0LsIaam/Ju1JZz1Km4P1ZivwY=":{"valueMac":{"type":"Buffer","data":"lGARXibDXIHLP++w0wSq6OiG6YRyEWHOHIJB63Iqlf0="}},"Uvsb+18j851FXXmoQBH1ceTfIskDAhL5OS3yj0f1qrY=":{"valueMac":{"type":"Buffer","data":"zFOemDft3huL0Pf3clYrAu4XGHJAMUTvIPkKswcp28c="}},"U4+lVoXOQBD/ukMkJUmlWNFj4dlWuh3XfCYbjuwP3rs=":{"valueMac":{"type":"Buffer","data":"8D30Q7fENP7NEtZ1H31/2CxhEnGSQQRZsjGm6B84zhM="}},"U938rB87Ul2h6HfVHNLJpXCID9EVor4pH7PZIPnCNso=":{"valueMac":{"type":"Buffer","data":"3LMaFiHMAEwQoR7gAJEzkFKLPtF8vx0dGWrDefq7uZ0="}},"VuZOZcJjoNWaKqrefT/vgoMBlMpSEARWCLf6Ym6oW2U=":{"valueMac":{"type":"Buffer","data":"Pp+kgz2m7UoOUtW9l4u6bXhsKq10tXRVoGsuZ9EBuMo="}},"VvFeWIj7Mp7oNg3iWNhDoWCGnd14KPIdT+h2TUb5Xx4=":{"valueMac":{"type":"Buffer","data":"9LfLMjSFG7+Vis/ySUR6v4lEo9w4jgVrMI9s9vmDwGo="}},"V9xyvumDU+2DC4ACeOvPL0KQa+a8JwVi2JbJeCc/nfo=":{"valueMac":{"type":"Buffer","data":"86xWJpQuOWmom9axaWx2ArgnGmAn8wNGJsCEeZo3/3k="}},"WHj9rEMOJCmeYdJtH/m4nClV5G5vcqTOq9GZglgSBRw=":{"valueMac":{"type":"Buffer","data":"U2w/wGVFzjljSoaee9uAE6TKj8vYY3F1b/rDL3ero9M="}},"WL2ncocNBPo/Mk7/wZxBjGTF8bITnFwR1/jdhOFZMDE=":{"valueMac":{"type":"Buffer","data":"K0E+aztwsOtdrq+Npgqd9wkjvsMISeAUHop4Pk/pyUU="}},"WTR5k9hksqxnfmSsAWATMtNQ4Dq6OAsCP8r/zOu5uM0=":{"valueMac":{"type":"Buffer","data":"xzI+kdyiE99zFSbDL86AKRr/XWS3yhCclV8w8tzXtCI="}},"WZZ7khptZBifA8fqEDjR8d7PTBWEiXlW4l6nrFoTKc8=":{"valueMac":{"type":"Buffer","data":"rhGEybiN609nmKzkJUP7je2adwFuo+AYBKHYvqcrhPc="}},"WaTDk/yBXWD2hl1wkZbaHCSX6LJUbLnRuwFGmyejM6c=":{"valueMac":{"type":"Buffer","data":"Y+9meUoIBaLjlkGJTbHEXFgQIcnzymZaG/oOh5bIloE="}},"Wc1EOLY4+N34QMlsXc7s+TcUAwafhVF6NYXJIg5toa4=":{"valueMac":{"type":"Buffer","data":"uC81S1luyUxmJfXmo/S/DG1o0B7FdhpYtcVuvpjxXEE="}},"Wd/SfqJPciyeRXrdigO2q20UYmFmqfWRMW/HmZQqRvI=":{"valueMac":{"type":"Buffer","data":"lxuwlxfV7DRhLHNeMZt5pSihQs6eWvFEaAECH2TZ/Bs="}},"WjXx137B2v+gM01CC6GUpJJZFC8k+SddKCO2VdD8/8Q=":{"valueMac":{"type":"Buffer","data":"7JXHNylWrzDEfzBVrykawI2jmUqwqSRgMhSNcQ0ySjA="}},"Wz+hNRyjF8ySAGxc93+1tmwGg/Vybq1iDmQiprrhV5I=":{"valueMac":{"type":"Buffer","data":"Q7eUOhFshqwZ47F4wJYewEx+AYvR9eDtHyJvpDG+nBw="}},"W6nQm+JfiWYaoBhD6UdF0t3oitUk7oYCu2HlFDOFlWU=":{"valueMac":{"type":"Buffer","data":"y3yiqXZGAy3C0PkyIEGtux+hN50Ff71VBItIkYGjUV4="}},"W7txjd+RtPnCVVL5xU7cCfMbX5puWnhcUZ0egGjvBbM=":{"valueMac":{"type":"Buffer","data":"rXvPMztP8fMov3adirp+kF/aJllOUiFBiv8EcnbU5Cg="}},"W9tXPFIq69dkV8zqPkgdrvZHgoCXm/A5Edsn43cqQBk=":{"valueMac":{"type":"Buffer","data":"Zr08WuvH52s9ThNcveuyQ7iQ5vsj9ePJtPhAVCs0u/A="}},"W+pR+rFa8eLNsea6BSARKtim/3xny4oV055EhSl2qjs=":{"valueMac":{"type":"Buffer","data":"8wmuPNPyMcdsAsOkJ+lj9k0cQ5ni24kzEVykSLdcbSg="}},"XGPp7Fgkwd+yq8eJLFESQqPkhpI3rvcrLbe1QbjQT7M=":{"valueMac":{"type":"Buffer","data":"ytYwtatgF/opIFrTI7EX5C0L0Fp2WN4zJOR5HYC4Nv0="}},"XI2EjqzA5JVz+jzKlQFAmhqTvK7dC4JHxOXGbCpKbPw=":{"valueMac":{"type":"Buffer","data":"an6im0zVzkLFPfubY9ptKeMEyQbdenOVRZyeRJJVZws="}},"XT4hA8OP5kfLkMmx2kjaQjYaJSETXSDu0712LXfXuGM=":{"valueMac":{"type":"Buffer","data":"HH4uG5Yqstx+mslEXqAq5fOjLLFR3KiDdg9ZUcOt6P8="}},"XUEkgV8//CjFBjZC2rFSLV7U1l2s4Ewe9VNOExahqJY=":{"valueMac":{"type":"Buffer","data":"HU85XbL5/wM3Y4DfyWVN+mavmMb6dTBU+N0L90eiM24="}},"XVjK1LrkgsRLatP986bCCgegua40RpDcQ92MqTTwlwc=":{"valueMac":{"type":"Buffer","data":"pEmGQkPvr8MdOKw1OlG0j819hPqDhFPJtSnLG8KIUaU="}},"XZui4RA7YtwujUunVGXntnL+emih5anGHpwbBazap5M=":{"valueMac":{"type":"Buffer","data":"BOGQlBKgfOfsQMm9X+iAYR5LFxZzlguitF/lpMKPbHA="}},"XmcKwlSrv9jmAUgsn74hDypOzaHhnbHnYU09MhWu+mE=":{"valueMac":{"type":"Buffer","data":"dSuzUCUVf3aLyV+TaaZ0WbtBsrWRyAspt3Hvd/VLkk8="}},"Xr7SSFROaJR4oMdWiPPHRSVt7BmIT5a8O8HYTraUMDk=":{"valueMac":{"type":"Buffer","data":"tXWHijLAzg3IXcXWexCoZgAcX9l4uCIXxV/zR3hQdEs="}},"XsBwmLo0P9lMmEjsS2df6S5xaUrmXa4oMCxpNMpXyOk=":{"valueMac":{"type":"Buffer","data":"vKcDruXNhMu7Jnls0/qxflrD8jCV1EpJkBJq9vJn6WQ="}},"Xtn6T+Z05XadHFKbRZYwrN+PEl0kTRAZ9H4lNSgVQw0=":{"valueMac":{"type":"Buffer","data":"saIsfqnUe7x72jMA24cAlcYt7vofae6otDUPPFtHqgw="}},"XuhyQqanGR8endVczz0DtD649RVij7HBjpK4g+3afcE=":{"valueMac":{"type":"Buffer","data":"NKrB+ncR94uGEIIWDvi/tS5S0bV4YqXamjD1xSImoi0="}},"XygoK16Lv7FZWD3i691IaLCy5hb68QbR3jNcmXHfRJg=":{"valueMac":{"type":"Buffer","data":"/ZYtJ2wFv83jPMnv7iE0B4hu8HaClgeBn+W71yJsAR4="}},"YGLcCm/30hPbaGEvuIgy5+FZQKKYBi0W0A7IwbejCSw=":{"valueMac":{"type":"Buffer","data":"W5I5SwmmEOrXLVgPGxIfaFoYnmE2f4EM4J/Rvq142qI="}},"YPC1ghcHh7cd+WpZSvVGlREUuiGz5B3TLiYl21lunig=":{"valueMac":{"type":"Buffer","data":"tV+MQemAetBabVsgOGtTfHxO+M+C3qmSmtyZqrAfEUY="}},"YUQ0AS0GeAFP4UlVPAxveGFcRUBopB2tn1bYOGJdPMA=":{"valueMac":{"type":"Buffer","data":"36VQEsIXUAv18xmTd8xtB/bVR6gBraLEjI4ofMjojj8="}},"Ych34c24NSrOyqXJAVetXnvFRzlAa/NikwkR0FjKDFU=":{"valueMac":{"type":"Buffer","data":"v21gjynihndFMUMwn4QSY9pBoUFXzcZInpmz2kKDrnQ="}},"YgkJHnEzi4RAzXNwOJ+s2mnbSpMQeCHLrZ9tva3lB3Y=":{"valueMac":{"type":"Buffer","data":"ZOiVqqYr4qp3GUL4+5yG78UDvzWC+Ta9rh/d2N0j3DU="}},"YoZdb9ZrUhkW2YoSt75+cwkwfIWHnjdSHnismamQF8E=":{"valueMac":{"type":"Buffer","data":"ku5k2gQrN4M9ENQ1o6feuhsQITnULjNI3lDr50EK9kk="}},"YyzdOIprsyh8/wr1R90eW+BcGzE+zJ6VVU3AIZNHbe8=":{"valueMac":{"type":"Buffer","data":"9Je1WuW8wZxCUxzN0a2lgfPZPHI3v8KfqUx8cS0mhqk="}},"ZK0zy0qa6EnxkPNAewnyTIz4k6XJVEnrKrHOAeDCg3o=":{"valueMac":{"type":"Buffer","data":"moV9JV1OrCwuYiU1pU3/bAvyGt3JC9j00IhgegSXcv4="}},"ZV3xyK8RwE/7cWusgD86WZUT4lG3W7gFxwoYIkWkPgc=":{"valueMac":{"type":"Buffer","data":"QgRK/Ey0w4YES9KfY1BCK0BphDFFhLLfCw/Z0o1SAXs="}},"ZavlXUCSt8jBdzLM2mT3EAxfrIfb6HFoeU2jGnOeTBs=":{"valueMac":{"type":"Buffer","data":"5yFDsrK0OQou3zi0nf5jLYgcP8uSzVbgbBwAmNdgbpo="}},"ZcmZsucVBW4YNEb8WyAFYeUbhCJKKNacA7eKGd+c//s=":{"valueMac":{"type":"Buffer","data":"X65Je3/TSG0/YMEOGK1fr94Z4Z3sG6YlvNq8cx0n/1E="}},"ZrfMM2raWZjmy/NRxLLA0KLcI0dRcn0C4zpzK+MoIzw=":{"valueMac":{"type":"Buffer","data":"NAyM6shR7eE5wiEEYKEqfYGpn/q0J0WQysieuvfTbQM="}},"Zy0MJr9F7nRU++Qm96PE4tBxPwmhMSiFd2BVRjtS7aY=":{"valueMac":{"type":"Buffer","data":"R1zGltTHcsgBXXx5thHubsMWA+LVGEGAD/+fsOfsYL0="}},"Z5gx1Uj0iZYQh9RdFcH3+FblTxkOj1MWTNs+TnDJanw=":{"valueMac":{"type":"Buffer","data":"x17xP6QrC3OdG2wyjYQ7ooAZszp7bAk5m84+IiH2D4k="}},"Z9r9Mp64/nh4WOc2KZ/6F15Y1kmiQy89oqsoJVniZPA=":{"valueMac":{"type":"Buffer","data":"NgmSvNU0BtBE2G64p4mYWzhTU+W+dCmgiLUKgQSl+Fg="}},"Z/80/IHB7E5nH0xABumSlTHpoJrCqVJze59KkOrNrJ8=":{"valueMac":{"type":"Buffer","data":"eimGuZB58LnmIUiIGSozJ5FogGY2xr6tWqIHXPW7vIw="}},"aNQ17myNAGd56/b4VRKnR8kV5BuGIyeH3f8vVZTvGWY=":{"valueMac":{"type":"Buffer","data":"yhX+TIcI+fijHcxLIn/LVqxKp5lYTdL5dH0iUpzXiW4="}},"aP6p/sez4KtTjB2OCgWKM3aMK6pxo9y5JUWcAICOJIA=":{"valueMac":{"type":"Buffer","data":"/yGD6fd0FmtccdB4WydrqY+nM6L6PFbKQYJdNogbYC8="}},"ae3kcQdm1Kh9MPY4Q7SqQlRN/RTlDcdnsagn7XrqOp0=":{"valueMac":{"type":"Buffer","data":"E0nvYuaxHqux1UqOe5NZ5CBuHHArrZuox/YkuUyolBo="}},"afl1Qfys7NChNO5AZrZbVJwcU/wkJVgIj5jaOsmwHfQ=":{"valueMac":{"type":"Buffer","data":"8zJUn4E9NGUW5Thn2xlgtPYX6QIwkC5r3z6ATD11FNI="}},"afrAmzSI7Q5nNJLM8SwTlnbGdd6BQp2zuUT5U/lqjec=":{"valueMac":{"type":"Buffer","data":"MqUO23aLZdK7ASB1qOn2w00YZSB+SUuBe9UhuNB9w/k="}},"agQHzr18Uo9G33xIMWrAeFuU/pHLGS6ZyHy7wBjDzr8=":{"valueMac":{"type":"Buffer","data":"KNCqSDGokFKGXixjnMll6OW6Dd5tgrWoU/SxPlP33w8="}},"agak+lpChHD9leyGFDnT5z7QFSj1YOaACBjj8l1g9js=":{"valueMac":{"type":"Buffer","data":"HUZus559x0JP9csNshsZpLpz0dJoa1JNqA9KGITXlb4="}},"am/X7NvAnHZqKd6hgYNCY73jBaDZE5FDnjvsIo1GUcA=":{"valueMac":{"type":"Buffer","data":"JqENrULcK5NjvAkE9GtdzRJM7h0oVsp2LvzLTZroDSw="}},"anOzKCMiKavakU+R5rPOSAuV0qPrK4WUDv+jC+vF1SA=":{"valueMac":{"type":"Buffer","data":"Gcd25mwo2LQua0GUrNDK/p3g84vuQBpR4ZRtbxMPx5s="}},"aq6uI/Wk9HLOicdxh4Rs4tbW9awzfgOo70X9hMPVqkE=":{"valueMac":{"type":"Buffer","data":"u8yVATEWdCdSUc28/rbVhYTnXa3zmo2FBDehsDK5Hnw="}},"argYJM4x6fTA7q7V9Ry+xJhBiawvNmJnt6vzJtTb6jo=":{"valueMac":{"type":"Buffer","data":"R9gxmNAW/Hd223MPqQN8xX+5ZsPyok7CNx59fcrwej4="}},"a0RNQ5hqnqHIjZ71Q9khXxkAXkROQRBhcqueum6TlGs=":{"valueMac":{"type":"Buffer","data":"PjRwEQ+v0sqxZdcIz4XpkYEPRX0onIrGyRuGhZa5xYk="}},"a2NNCV4CnXCIRlNO4Yp+whnpqaFcTBkZwohe3BjhDtc=":{"valueMac":{"type":"Buffer","data":"gNSj6QCHHzHuoBwF5EC+xdJXuju/pclaXTjR0/5oJbU="}},"a9CcfITSiLOIz+YXt0llQo2zglD6NyonNm2ndhQl67g=":{"valueMac":{"type":"Buffer","data":"p7lPBIpFLlcpn+8NK3OZl5S9dkRx6Gz42sKQOS71Y/E="}},"bCOOzTlKTWIhkUjXHJoouTdx+VgZ6Wdm5L8ACbQBnyI=":{"valueMac":{"type":"Buffer","data":"nvGpp9ZN97vqQskJkUw2IJFZuk07wdC/RAy/OZABGbo="}},"bG5zZwiHEv0/RLVsBfbbBhxJlpmyCHAMyFJp7DwtcFU=":{"valueMac":{"type":"Buffer","data":"vy4tAGRqHjRmeNG7J1VCw3KdY4sebqQXDDlyTTWtLds="}},"bIBOaFxVgV4j/DSQYymabOJLmfdaapNp+4ik1OAkEhQ=":{"valueMac":{"type":"Buffer","data":"7GuNUlZWQbD8jomjy1w4q9+Td4uQQTt9xRNX/9dY0yY="}},"bY0pSXDvc1gRudtnL4skpMhILWE0EwnriA6OXvWZbBI=":{"valueMac":{"type":"Buffer","data":"vVkQGY5r57X807HATXRVQzAY+X/eEyqCAITB+8Acki4="}},"bdiKp+7RT7RiqTwzMxbuzIpTMjHvEVd5RPvw5BH9JRM=":{"valueMac":{"type":"Buffer","data":"UN8hOkki8tXCn9IffBHgq2Y69A77e+MxWnYph40Fvx4="}},"bfHfFRebKRHMHUf2DpWp5AXW1/nCbOh2PFixP2yqa4A=":{"valueMac":{"type":"Buffer","data":"3SXG0pDy9nDEBzaQZQsXI692oAnD5p4IwuMsS+6o4Ts="}},"bktpQo1xh0aFkWS3/N6D7PygaKxW0h05uVoOIVI3rnM=":{"valueMac":{"type":"Buffer","data":"eJbA3gRTJ5bObYslmxYZjIBGHYk7VjMr79MWWNQxmgE="}},"blFBEVBB97zZnhFup00HmWdx7zgFBDIK6yLgY7zgy2I=":{"valueMac":{"type":"Buffer","data":"ZSqFBA9By8uuGWS/PGf1dWIpIokmCvb4FiFU6qN9wLg="}},"bl0V2qNvUIkJb+mwjeFha4OknOvjGlhbww++ZCGfL6w=":{"valueMac":{"type":"Buffer","data":"ufNLHrv1GfYHUNsarCGfC9o/8OLkLeLW1RU0+fvaMP0="}},"bnuIMET/YEw0If0ouw/10Q+JtdhtZFDv6fMVohgKzWE=":{"valueMac":{"type":"Buffer","data":"jvOUhAVcQK3hsscBRl7rbRGeVtu7FZrxub4kxYv5Rkw="}},"bovhKR/m4e2ODgCK39Nxuyn0xsLox39YPLYy84ep+xI=":{"valueMac":{"type":"Buffer","data":"P2F3Cwtvbeij2IZl9wYscy5XOphw7OyCdVE4EXEv1pU="}},"bwDTQTq/PgPx2v1ZFaaCgp7XVHfmoiV8IWZLQb0HTXM=":{"valueMac":{"type":"Buffer","data":"w7IaEk7qh2iviBK6c9F5SgotUi4QzRcTJQmZ3ASXELQ="}},"bxe5lmiGAoyOqojLbJNi5yhrNteCl8LsvwwRU01BMq8=":{"valueMac":{"type":"Buffer","data":"oI5uiDXNhYKXr0iPy9o6v7h0cwwZEcg8pFuj8nsKFIk="}},"bx7zKNKB/e+3z8yBPiTxa9XW7oAvkvPkeR31/HqmBWI=":{"valueMac":{"type":"Buffer","data":"Atjt7wTd1MssXsTjYs2IuXeC1+8FspgFhmdF9r7aZd4="}},"b6Vs0wz0TiSDQFMPp+w7bzLsSAXDcqThRRrWsXlm0rA=":{"valueMac":{"type":"Buffer","data":"FY8c1WmWdbXgw5bmfVd+dpBGdAoULwuBDdHj8kLo+JE="}},"b/3kYU6r6ECpYyfUhDpuOHuZlhWDmQ5XKMVqJwprAVI=":{"valueMac":{"type":"Buffer","data":"sl+J/MWDyeLApTETZ3V0xFSwQukQZKLpWDaLqcqEDMk="}},"cGCdoL7FeXxyogsNhHfvmfighFb57j3dm9wMK+hDz48=":{"valueMac":{"type":"Buffer","data":"6v5JBofB67atOfTHWRY9yiVrGEe2ZAiUVYknW1iOWgg="}},"cHq9Y0W+J8sU0JH2ATQQfM87kJvBPMp/Un70dNn8DVU=":{"valueMac":{"type":"Buffer","data":"9S/ADC0uiYJ+OSD8nhUr/cdvxxjw3fBJL7r9F0a9TV8="}},"cIzkcLeaG6pNHI+U+3mM+sjLWi0zQfQotww0YJRoWaA=":{"valueMac":{"type":"Buffer","data":"198vlrR53TTeHyzgz+Pu5HH4rDDCiGt6XqB9Gljfghk="}},"cTZ4bBSV5/hC4rCUU0iynUgUwC6VuoBC3TtfEwCWdH4=":{"valueMac":{"type":"Buffer","data":"jZn5GBDzCK4zd8L3YCanmCjltFdcvHn8hBkBV7/kk6k="}},"cb7P3PVcy4OIZ7xZeuOO+HcLpIIugbnTdb+6Jx6thMQ=":{"valueMac":{"type":"Buffer","data":"8RqEDw83l37zd2DUxalIZrj5RsCWiPbwtjSyvwwrSUw="}},"chE34AfYNyhgPB0ruGBacYUC1OJjE1AbeUZEWJhzK+E=":{"valueMac":{"type":"Buffer","data":"nOS4iNkv5AwFLvcGXwzMExSG5mJyRHvmF5CweoiCImo="}},"cpA0H738vhsYn0MGLR3bf3dELFPdOryv2AKfW/CW1wA=":{"valueMac":{"type":"Buffer","data":"eD/S6O8Uc9BsMJzP85EFBiRZCSGc3trZoUeOhL7EAdI="}},"csBFoUuIX6hIOYohL30mRtMtHbj+lnmBeEUBkJfrp+M=":{"valueMac":{"type":"Buffer","data":"t54+kA6kAadzY8Ta9RuiTzJa7UCirU32TXDCIBwHVfk="}},"cwRKYDUwMNnVrpazLGcAX2X9N/8nfCqXZI+d6eJpo9E=":{"valueMac":{"type":"Buffer","data":"S066BW0hkEy4mHmOQmPQiKeGVMxGyXOdWeO/1FfCIHA="}},"c0QLDfrHubYtWRxLMLEKRMrtwy3T1mnzH0AkFEvYv08=":{"valueMac":{"type":"Buffer","data":"hy37/JjCkxjvPlUJkH/SdyOUoOQ1iyvbfWWjL9GH/ng="}},"c01U1NNmgUAGrl6gTwvMNnHs2cpwxECfqa1dnNOQK8U=":{"valueMac":{"type":"Buffer","data":"dCGJ6Ip+P/FSmSyfyIaaNjNfUyk3I96OA91cf8F6E7Y="}},"c7AtWdD0/UOLLXr+7t8n18qfV7kn3z3MtDFQuWsF+Hg=":{"valueMac":{"type":"Buffer","data":"jA0kgGhaY7nTfbgr0ZpbCGCqCp/eAP0BdVhmR73u6vg="}},"dBpOdkLRb3NAXmUGdxnKr0zhcNtcaFidYedi2BAMp1M=":{"valueMac":{"type":"Buffer","data":"jkWvk3EuAYl1vG6iOuQ3OiRZYeiciJ7O/tnwXko5qp8="}},"dGQfOn+KXDOMIzPXAHM4Lj8UefKZeVr/7xwtIgKV5K8=":{"valueMac":{"type":"Buffer","data":"Pk7PL00qJa1xd0PhTtHxgOrPsN4wBjfOyjmaGc9hxXI="}},"dNrTOdg1EJeUVXJpqLZY1t44rVlQaghms4dfHaXuMMk=":{"valueMac":{"type":"Buffer","data":"bkTydJw1S50zK+9dAjnXODIB0M0XJUU4RV20LSRBxbc="}},"dPUVkRrF2SL68h6ncWv46r5nOS52c18HT/aOi+l2LeM=":{"valueMac":{"type":"Buffer","data":"yOTAnON/b7yOaHECHEM0THk+IzHm4kW6mTazkthshH0="}},"dTDNlHxE3LPgyBvL8W9rz+WgNiA1u4/L6a7BmM23cGk=":{"valueMac":{"type":"Buffer","data":"Btnfp4+0nFl9zTCPffzh1HMQ+b2DIhFUJthIrTeZRxY="}},"dUxVH7OJkqgMC56qPWYXIzPXCYVMHziY6y8nqJmgsJ8=":{"valueMac":{"type":"Buffer","data":"MsTnbMyGXYbBVXwfW8jV9trc4Wpog6QQefRPYEZqyzI="}},"dWbu5Dlm42VJFwygbwARa/IRaXtb7GJCEuRf1M+BG7U=":{"valueMac":{"type":"Buffer","data":"45AgURv+cij45cxixGi+15zroPUu6n/bGIiweeh6bvE="}},"dc1v4ldx0hgYrUvzeaB+d2aH5Jiq1cttlStWn3PllsY=":{"valueMac":{"type":"Buffer","data":"/VHWIoGl2Y7cPQ1qGoErgyfdD5FW+5dxEulB/UKeS2g="}},"diS1IOwiFNTUpMPAHdDtYYkn/zRiz0P7iTd3XhbYgCY=":{"valueMac":{"type":"Buffer","data":"RDNBWNVQhWFNuUPo9E9bfJfd3Gcjte6m/j93TQ7nUcU="}},"di9nA+pSXH31fsDWp/vHJPZ4MizKsTM1rbI8760YHy8=":{"valueMac":{"type":"Buffer","data":"tMeFo/TA2juPqB/Ea0bohk+SqzDIQsilh/i7B7BpeAU="}},"dkv4jN6CzIH89dHcs1sS7kiCSQezj2ILrJJMHxOXB+8=":{"valueMac":{"type":"Buffer","data":"Ao+C0wshh3cAfBrb8v44au1kK3WBr69RrHtDoFUxAvA="}},"dlcFWFUxuZEQ3ZMT1dl46RJFx8FQhXzQEd2c/3TtypM=":{"valueMac":{"type":"Buffer","data":"AJe4uGB0ktd5nYSbEZV4B3ED8xJiyHYLudGvGOkhfNg="}},"dlgETWwh2K9QVURGkpuhkGY7BRs6oRFQFtoLpmGmgFA=":{"valueMac":{"type":"Buffer","data":"nF++i4Q9zqOBO/fCyMb5q+3UxkcK0t3gqZRKJuZUlOc="}},"eHkqG7PHejEsJe1eU9PgDxgd+has6tdTHNmFJ/bU7/s=":{"valueMac":{"type":"Buffer","data":"03oMFBp/lKlfo+xWQKLfRqXXdcy+nDLGEYuJpztKVW0="}},"eKu7X/VDjnvkzGo9KzVj+2yF3CIW5fpK49ATPuRuvMc=":{"valueMac":{"type":"Buffer","data":"yd/0krsfUx4aO6ktTdlf6reMn2oGXMI8OOxOdxHEtk8="}},"eP2XUp8Wjz/DAK70meRke3okvgLW/UhcC87Y00aZgmg=":{"valueMac":{"type":"Buffer","data":"NaWrnSWUEFjFNsTkAcmAAvEhtnzhAfU6vKdsfOkgZN4="}},"eaFv67PFTa4R2cN2k7hC8061gWxVh6tmGKiulJHbzLQ=":{"valueMac":{"type":"Buffer","data":"NfwHS0Jt8frU+w4DKi8VvrDV7FWzKwY6UWRcUfdzmjU="}},"efkZljbrb4U2sebw8ChwnqHI2Wvr+ZNOw6RGV+NpLGQ=":{"valueMac":{"type":"Buffer","data":"uCvUctae8fwlgU9r3jeX2UaxiWtVHiqqoGOKCDdXgwc="}},"egfist03G51S4BXxmiFBRpNwTgoYB8i1zI1LNCFCdBo=":{"valueMac":{"type":"Buffer","data":"ZeLDu+mmRimvH7ryuc2IwA4HP2PLJQxfjUadUOlYHO8="}},"egyiWq8duavxAFf6FAtKnID+K/m8gsdTgUxKC+92mjs=":{"valueMac":{"type":"Buffer","data":"k1W75vk3n4J15K49YKyzW8eKI9LGor8QMzrnoUUrfM8="}},"ehwr+Og+l5IrIU0dGJcsp9mm9al3Rvg7+/pNrv+b854=":{"valueMac":{"type":"Buffer","data":"35QJzNgwcr9ablRwaA+aaynNA4hvVDpx9OzUvqG/PzY="}},"ej8o+iiA7XVZz6VZQh2rCGQzbPXXIsc4UsgCCTU+YO4=":{"valueMac":{"type":"Buffer","data":"syQnRZWCtpFAxCwbBYLBwrI4Eyno2nx3gyeFr+guAlU="}},"eoj/a+IwdUkqYM3Pr2nQsqyAfB4O4LYQWtknVHxy+Qc=":{"valueMac":{"type":"Buffer","data":"vLWc/HBVxfoeir0RdMP6gpecB2DyA5SGhpevJn9yelc="}},"exz3ovRDnVwFFxm2cxmmagwIcn4Tgk/Ph+W3wZrHrDI=":{"valueMac":{"type":"Buffer","data":"CXsIiLXli8+mTF7qA3ODwMc7lx8kgCaDnGs/omeGgUU="}},"e0E2+ypjY4bh1a9315wR+OsumjOzVfxYnpP64qbpaRg=":{"valueMac":{"type":"Buffer","data":"mCk1PmPZcHNodBg1jhZ5hsQBFycubGBWs5C9GlWX0xA="}},"fBhBS5IOiW0884x+wCXLaek4lKxJfFoKuu5VLbT2CF0=":{"valueMac":{"type":"Buffer","data":"+9Fw3sVeLq6J6zLL2v19MN/0hETj1LIJ3RewMFGJgAM="}},"fFLr6+HFG11U47ZNU1+Cxfx8ghwsneWgojqF06B7CbU=":{"valueMac":{"type":"Buffer","data":"nVK9hLqmRe8Auyb5iuW9UtWdFVNmdMwa2WelNIlo7Rk="}},"fqa43E6bYscpxQlXR3vz3gIj7YkRrr9DwAPsAUIZago=":{"valueMac":{"type":"Buffer","data":"7SlOw0PF5Go2CwfHr+cfarmjo9C2dBiIrgSI4exHO5g="}},"fygLJkpPkiXAn5NLcA8GZVjZokXf/0c2E/u1DJf6tS0=":{"valueMac":{"type":"Buffer","data":"4qAkM6z/9+L0Smsv4oGgunwlIOBfl6S73f2DiO9tLUY="}},"gGx8q3s/JoU6/5gtWcuxNrPHILc5sNPUCQmU+hK5NHA=":{"valueMac":{"type":"Buffer","data":"VNyUsy+TmzrBviQ57ayxMjTYxttjhb246rtYD2njYHY="}},"gHX5RbaajJ6rLFmdkE3ry0d66ComLXIYl3hII4L/rrA=":{"valueMac":{"type":"Buffer","data":"+X5xardzsoqcH+L7xziTmuVLHJ8O/YF8gwwL01H7iVw="}},"gM3UBDKL59GLspxdRtc2dTp6QmnlDfWl5wM9qKRWF5A=":{"valueMac":{"type":"Buffer","data":"qR2ZTLdpO2ALo6miiUoEuy2HdFHJi3y9tZoMoXCYDTA="}},"gQHjgG1+oPBemI2x0Anij43XQbNEK/7pzUMh970q2XM=":{"valueMac":{"type":"Buffer","data":"ZDzKUJMLWcEAs8S3JcklhQO/hlQLoBJVbRKRT2vkjvU="}},"gRWUZrGQbc2h57D6Djro0SR02IjTfxZnrme8EMrHMz0=":{"valueMac":{"type":"Buffer","data":"bEL1GYnJNF5Uk+GvRZDu/DJHsZOvW7VRKvZvkaxGn5M="}},"gdlnssTYqpRNyUqQY9F9zOyDJsOvX+fz15tlkXBRbOs=":{"valueMac":{"type":"Buffer","data":"9wQQ7l0Qy3ZwJJnT2ZqncHVHxyhrs5ru4u+P9j5f+bI="}},"gfSDcNLSGkt1ItOAYn99cpr++lcX7FMEN1RjdH0I04I=":{"valueMac":{"type":"Buffer","data":"nptoaHB80VtdchevLCRT0OislI9nsZoU1f1Nd70x/zo="}},"glBUbW959BV26goxdmhW6lsmizzQQHOD4Sew+UaG0iE=":{"valueMac":{"type":"Buffer","data":"EXfgdYvmji+exa5/z+44xOntONETo4fZ7Z3pHER7O7Q="}},"hACaHEzlHxS/4NfeJSbyjSwSsTOSTJzXKWw662TYYQ0=":{"valueMac":{"type":"Buffer","data":"MafCaOrxtj1xHFsVCeAumiElMe+S5LdB4Jc0eOqhCFY="}},"hGJLOojg2E6a4A+SikmIlcm4WvzudboUEHjStMD4x+M=":{"valueMac":{"type":"Buffer","data":"98Wb30LdkyAwXavsu43SDVWd+GR8c8dVo0lwJdDS3XI="}},"hOiIafJDkOvGezZcigbqC0ZEVr6UPES9LUafeeI1NAs=":{"valueMac":{"type":"Buffer","data":"yr5akGqyeWA8RdQbRaJjHhkkxHtZMjxW4GaFWz4MnFg="}},"hXCOxx0vUPjXg3QQAGI5xAUGaSTPbIvd5SxQck0mYWU=":{"valueMac":{"type":"Buffer","data":"meizY1gqWw2LUgaaKbKjYl5bi+qrxOiiYPT0ZvF+gTk="}},"hZvzLPsZDWIgRT1WiZXUf+3/UEjc4v4rJNi47TA4xzY=":{"valueMac":{"type":"Buffer","data":"0twIXWVdmGUWj3Yu1iJlV+1lvLyNckXI8KzlVOk4GqM="}},"hef6GWKRKW2zvj2kANhbEp1fTTx7ocQ7en/bdCALTUQ=":{"valueMac":{"type":"Buffer","data":"gI1IBXSgN9I6hv1bL8l8GWAANtdfv8Onmwish/DIvrY="}},"hgulJT9ti9GO42UIyyyUHOglI7Vz7ACEhEddMiTimpA=":{"valueMac":{"type":"Buffer","data":"kprV6xwK9ofVQ1prIu0ImLgBiCTp6LFQDlTeAiMHY0M="}},"hipPjfQH5vdeMCEY/dPxrTDwBa0yVz9r+f4Cxvy6i70=":{"valueMac":{"type":"Buffer","data":"Ef+p20jkNJyV+YuVdaduv3cSoygcoEZV79cT6LVxnw8="}},"hri7zZzYUdaukBOWdF/8PyCzIfVsPilfgBIwq63VkUQ=":{"valueMac":{"type":"Buffer","data":"xO6r9Masrdaq1yJBxPDJxmfpUg7BBW8UP0HE9qncKPQ="}},"h7u7KAtOXrZ4IMuKQnvFrq0vY17PQoSZ7SIgrL+WQug=":{"valueMac":{"type":"Buffer","data":"qe7ygIdiKrwH1OOhlNfYxPcadEhgCSo8d3lWnYEv+Vk="}},"h/I6YBra/SYb4B2AEuCFzc7BAV+nChu3gJwOolzm4MQ=":{"valueMac":{"type":"Buffer","data":"sAi1aXWaoZAMMvY+YB6Cabc9H3d+U9j3eK8YK/xJ57Q="}},"iEX7NfHpGbtf1TjIgJ/eelHgqSaG078sRD4tkxtx99g=":{"valueMac":{"type":"Buffer","data":"EomSn4P0HRo7LGWpkQiNsylzPDmh2uV8+BMh7o+TsHw="}},"iLvvorLHWpox4ja6HomEMV6RgVck6NoOXP6KMd7ihYc=":{"valueMac":{"type":"Buffer","data":"KzyEC0ZyR6TaxLP16Ys9f3Vrjp62AQtVVlPy3m1WFrA="}},"iSErIXUe4l/iJGmSfz0yINaZ0XmFgNA17Gz4FNcNxcg=":{"valueMac":{"type":"Buffer","data":"bKtmhq/fftbWrIKITBKVxqTdQ2ILDujj30siGAoe+yA="}},"iSHjYrB5Ivtq6f3TJgNFliKvL1jYrw7W+Sr1S8ZY+Cc=":{"valueMac":{"type":"Buffer","data":"zNqmMTkmQsO9HofKKODAOZnBqME8V2V84zCLtHDY2OY="}},"iZyfbW1HDyqjrQsEc9To5xdaXXJFoSW8zYOBtEs7doI=":{"valueMac":{"type":"Buffer","data":"vIOm9XGw7ZJTteqSCiMAWe0EMaXY69hT2FyIeraY8LI="}},"ibB1qHlu7TgkIYOmNg3p5ehst5e/lsqW6FICI2ZY8Dw=":{"valueMac":{"type":"Buffer","data":"LgPQh4TVnnZeYyu8+BloZ/X7ZwxmNwlAsXKA93pNpdc="}},"iiF76Bhot8hUQqB861SV6I8x5zZKadtUFcuP9sm1t14=":{"valueMac":{"type":"Buffer","data":"gPAWAUJvgL3kj6S8pwUDdC8e4m6HHVy1zU4//WtaZek="}},"ikiYhMsgrnDLmhJGXgI2/gNrGVTUmx7ZEZAXJTLqcIY=":{"valueMac":{"type":"Buffer","data":"SaEi6RUKg+U6aB8F3efkiInVAEpnlu+bhBNN7KdQNSI="}},"ipgnzJRuiyBuR4OfSAMUCx+e/pU/bL5XO7OOiQYOfNE=":{"valueMac":{"type":"Buffer","data":"N1ntcPY8zfw/0G06c3eRa7aLMHMhH9As7Qx1ieyafm8="}},"itWOfsuMMKtDzt8JQDXfC9GEKxK2trwSVfpHtCphxOo=":{"valueMac":{"type":"Buffer","data":"53RdorM/a74L5GWvUNnj9AtECISxxdiZkL+yVErTH3E="}},"itYS1i+JXgf2lnPjlIoZEQOrc/emPuCy0wJoey1YYqk=":{"valueMac":{"type":"Buffer","data":"4v7GB7MEKffE64YAI4iE3SMebrjHpfzstmQGKhDkDaI="}},"izF2xrrWZl/oKKBwlXixjTW7FhZ7YM8T38W1MEp5DiA=":{"valueMac":{"type":"Buffer","data":"czFZk4PCcsGcNn5FZSzLB8YzbLTuCVh8TEO1n+XQC8k="}},"i7GB6StOInxIoFi+BNyIRblm4dlWpNixpL5XRM/aTQ4=":{"valueMac":{"type":"Buffer","data":"lmvJjgp3dFPdufPXdp+xHnrUqeCIDFOxXz/8LQuwxZw="}},"jDEpxd9i7IlI2VEp6AWLYCVeAQG/slEzzm7LbqokWBc=":{"valueMac":{"type":"Buffer","data":"3x2O3LtSc/Dy85Uaqsmuw5qSEU1mGfmswWvD2tcb7oQ="}},"jICwWL/j/inswRwS5cqAUHGQrGlh0ES7sGqf7L20odQ=":{"valueMac":{"type":"Buffer","data":"32aTZy4zLaWZXx/XSYe3NjR5QCg9cg/vrcmzYXKUnHo="}},"jKfqMJ+e3SFIFKQMm87DXhUGtODUIrRxIMlnwfCLMg4=":{"valueMac":{"type":"Buffer","data":"rIaC1tV1gfO9yoBEUYY79asJ88VNAVNuVOoTw4VayDA="}},"jLIUFKLXi5tJb5SvIKHG6gzTcySJ7bEARlGY8sHprA4=":{"valueMac":{"type":"Buffer","data":"Ay82JZM8aaXLzdKxlndNIpYKI9qsR+8vN2/Rj8+hyIU="}},"jP/8O+iV8Ccqp9D2YbDUO7HHMRBHJOmavTvuwZc4Sbw=":{"valueMac":{"type":"Buffer","data":"vXpakYITnyyUYC2VlCGZpTT+TIYXaVxLApSaY6r8VB0="}},"jR45MfFxzTv0z3gwdexwv/zEoB7I6UotIsFjFSKlEAY=":{"valueMac":{"type":"Buffer","data":"ZjqJ/HGW+z7677gmstEaLkVRGGZta9IB7kVHCYR3mR0="}},"jTykVnNSuEa/BLo3tPS8VKJozXp2QXMbNMThJa3E+Es=":{"valueMac":{"type":"Buffer","data":"UsCpA6p4HZeJgHI7A30k4t09iHFVBBgKO7xTCq0FkBM="}},"jbX/CGqr2R4EOpvnw8jR6lP1mn+lhM4bimr+66XakFY=":{"valueMac":{"type":"Buffer","data":"s4rpc79fGwoptL+CuMKmwwOfwhA81sDZUIhCTmyb/vM="}},"jmRwDaE4UMOkMdfciu8EShbkxvYymkpedlsUWzsY/9c=":{"valueMac":{"type":"Buffer","data":"8m4Kg98CN7IT2SUSIcmE2tGAlhW6C/PdATpJitgPXQU="}},"jrwqlcRnKQ7adxwGaTvo6Qc0sms8vKNsfsH5EEXohPM=":{"valueMac":{"type":"Buffer","data":"RTne6UfF3haJT4m6iod6Ztpx7kCShu8g6PuzIC8VRKw="}},"j5u+/1yX9RULBtMqR6lZTeS8Fyqf+iOEdzB8+cotrDs=":{"valueMac":{"type":"Buffer","data":"hFMuRbvlmU2p757wExbJEqcY6pCYLuygBUu1eEA0lmU="}},"j+UJ1liQKDRr6DgjOyeNAzydINRpURC/r8xLogZ+ovY=":{"valueMac":{"type":"Buffer","data":"esqg4jT24hQ+Kg4f0VTITIFc0Ck/1nVoJjsT6U5rGHk="}},"j+vS6jwcIsuXPNpCs8ScqgRYRl3lq9VNeG9PjDsvTQQ=":{"valueMac":{"type":"Buffer","data":"0ckZxtvn4nzgC3g1Bejcpwdx2ORJUkf4Hjgy0sX3dHg="}},"kGGWfkoO+H1cUsjJ2PYoMRdd+E6eVPfwp4i6O0CbU6A=":{"valueMac":{"type":"Buffer","data":"8JsVNohIzNnMTilpu3ewGVuHF+z57FQkamYiBR+EqqM="}},"kG6j3RzazoQr9xoQhrO4jaHoGgfn+i40FgkiMUfvvYY=":{"valueMac":{"type":"Buffer","data":"p45od651CVXWs/CGFnggh5WitnIhSxQ4ocYFIlG7VJE="}},"kIKD1L/qAjz2096soiEF3TE4qZIRp3tgGGCod90/e9U=":{"valueMac":{"type":"Buffer","data":"ZM2AuM4YfRiJxcQneQ+eIHNPbn8YLz5OiKYmS5b73VI="}},"kKuYSWQq6A4jRodABH3crY5DRAIiZoqLXphBwu5R6b8=":{"valueMac":{"type":"Buffer","data":"WryoYsgYAjVfcPuWqvPJM0U9PXi9Od9gOE7e7B1UCRM="}},"kRBoGBtAV3CBifz1+7bDNnEDmVr5RQScR1ZMS2dhOkA=":{"valueMac":{"type":"Buffer","data":"LYBkcpCsklCi+vUTpGqDwNO1DGkfxTOlcSyW3kimJlo="}},"kTFQI0+u1I++T9vfcz+JFdcOfTebGP/muiJ5BvbEQ7s=":{"valueMac":{"type":"Buffer","data":"tudv7jJwXLaIkWdj9GZdXrWB3wIxb0hdpZfW6aIOb7E="}},"kXecjnWTuQhIivIKRLlKUjxLeqQngpSO9/NKq6wtv/s=":{"valueMac":{"type":"Buffer","data":"gHS2Pn63KaktOv/GntrKIVhmaAq3Svy6mMYvlJy1B2c="}},"kYozmUxg9kUSKfTYiAXNXyFctlWPqeQ/MIk4o9/d0Y4=":{"valueMac":{"type":"Buffer","data":"jm6O8zEBoGwtfB4bDKc6ValMvy/Dp3mARks2n+YVhZo="}},"kcYpEg1dJtCIUqw3GcZ2ONGw9OJhUyNPm1CAMo4e3LU=":{"valueMac":{"type":"Buffer","data":"UYdtkvg4CeDQWSoc9O7dYyKdyRS6o2jX3WBxxqNGmfg="}},"kmfoOskC1i/0PvFLWjWtuPQ9OvwvqvXOIC9F3WXRe4A=":{"valueMac":{"type":"Buffer","data":"o7JtBuK7RPzfjZZDKEleFEX/5PNg8YldqswwWY9Eah8="}},"konF1ZqeWvea8DIwGIUy44KU0zrEIvXrDkzSWfxdBK0=":{"valueMac":{"type":"Buffer","data":"DNR7TAXEfbXQQhOvkEvlfxdhUQbTqHYaP2AHsptw/X0="}},"ku9Dv3MsH5W11PI5sfw6JWqxGShxIlbfYNmIiILUfSM=":{"valueMac":{"type":"Buffer","data":"uKReAWZntjkiFcNGnaWL9tMjUTWsUf6SVHgSy66OCuc="}},"k9QrgfceY+1bGY1bNePwXO0182LkM75dhvJSiXblF6s=":{"valueMac":{"type":"Buffer","data":"JbmGrPNUUFWbkG8b/iHLCXyLro5AF+mdIZDlF+wC8Sc="}},"lMm/md8kh6TXFmR8913GSox6m6t9hqT91minLKYbM4g=":{"valueMac":{"type":"Buffer","data":"LHfjSI7KRwGdT6Nrod3gsPfZyi5RT23CzARxrWsHCEw="}},"lP+h12LeM9mzQD6WA5AePtgoo7Geb30rY5gCozYnOLE=":{"valueMac":{"type":"Buffer","data":"5RisUETqEd8bkpLcFav4LsCvbyaEsu1YGgYaR5BYvJ8="}},"lYUCtpHvaFwU/iiWxC/ANwJLPOA/zoQ9hU4OJm8p2GA=":{"valueMac":{"type":"Buffer","data":"R+aILAH/fxgAd6KJKObSWyngmRhiv3ND5Qr5uAjCUp0="}},"lcpPEtvL9TSPqvVQX4CW4EpksJLxZjHAZi+CMyy3UGw=":{"valueMac":{"type":"Buffer","data":"9qxdjq0Vds1JVFUOgZhXClzItEau+oJHhVxdLXWv8N4="}},"lgLD/5vi44en7TWKK4AtKqvZw1J/wVLnuAG6iu6yjOE=":{"valueMac":{"type":"Buffer","data":"IJ2hho+xT8bWY9i6MKLnr0MncFUqTAFCVKSnggDwqLQ="}},"li+NsALfUIYNhO9dlHwT9kAPkdnIk8IdKDSASPhVczc=":{"valueMac":{"type":"Buffer","data":"hFWDQ/zPX/u3Hu/kZxTN5A3qmr/oRFwcen3qiXkfEr8="}},"lkz98VM37QG1d5UuDKnIKOu+ylRnFOJ28HHp0NxKoC4=":{"valueMac":{"type":"Buffer","data":"gaPQwC/ctRPnAGPE2mS/I/X6xyjDHoFMX/pMUc7TkwI="}},"llBbtDsaH+7O6WF4XQhA1k/Ia1+FNrxAlYn15sZhTp0=":{"valueMac":{"type":"Buffer","data":"/QMF3Vuya13DOXUgZmVzQ6w9sPLGiSeI5MmxM9+O3w4="}},"lv9pJOR/0xqiUj+LEaWBrevStEggz9e/DHz4MATG3JY=":{"valueMac":{"type":"Buffer","data":"wRGsQG60mXKhW/FKufpq6DfAk+cC8IA/ZqwpppDAZy4="}},"l56DMXveyzbtlRejOqBDPIpD2wS6X0248lSt5FVdyqE=":{"valueMac":{"type":"Buffer","data":"qmxpWZ5rtt3VqXQmAxZrUVAv25BK18t5UCkOtMfGPbs="}},"l6QZgaKC4cMS/utN0DoPXNXEiBr4MgCeJJR4cij4N+g=":{"valueMac":{"type":"Buffer","data":"4hUzp7g6zQXvunUL+SSCjlPuxkLWIBB9OFSniAssNQ8="}},"l77LoVLovAuyHvmaY2KE6/xoIXQ5skJ620VO7fMQlcg=":{"valueMac":{"type":"Buffer","data":"ua8K3qHAo1eIrKae3CthmiVOgf4un1bcE1Mqe20UhtQ="}},"mAXCBemmmo8T6OduO1g98+zvOkm+pZ1d6Uckjh9NVT8=":{"valueMac":{"type":"Buffer","data":"1fxj2eA9RMYaNl4RezyAPIn/rlqG/UeT5a8Juin6AWM="}},"mCOFC9jd8ezBP6crSy8a1gAilHGdfDUY/OMTlvahFEw=":{"valueMac":{"type":"Buffer","data":"o7dfQs2nWvsm9OxQBEdR3xxWfY38afu66vgRytAu1q0="}},"mGOWAkiYCGdiJKoFv3Ax4co6euRl+IAFT4lbOms4z8I=":{"valueMac":{"type":"Buffer","data":"WKMcxrWuSpp3iCU6qkFCQosQlJ+j6tfsXUC7F3SCFAY="}},"mMkTnmiXbDR9iY4U0vWz7HO8sAsbYlVqYd+lR+j79ds=":{"valueMac":{"type":"Buffer","data":"Qg1VxsvBAMJuA+4fJejeB9gIvXQp9hyA81XHwsSK5fE="}},"mNvBvNVkIZQCcnOxF4TPVEcSogji7wlrf5GFNDUqeoE=":{"valueMac":{"type":"Buffer","data":"30cX27i26GTEHHlPfsvUfYuJE6WUnnUqmxdUMi5dsXM="}},"mTzLRvc4vyZXdCU7q4AhNn4H75H5V4ZDSZnN1oX+/s0=":{"valueMac":{"type":"Buffer","data":"At5xOnHIs/mgJuY7xOegM463C8i7gxajPP3QuON8j6Y="}},"mUHCP/FBf+kd2wyCMV33T293jHBX9FkZcfOIkdzUTs8=":{"valueMac":{"type":"Buffer","data":"W8P1tnizH1wombZ4H/XlgGajDJ0tvZdhVHumqMeEKhs="}},"mVb8Zl8DExFS5FDThYy3Z/6IVXhP99A0vrUeJKWBfAQ=":{"valueMac":{"type":"Buffer","data":"v5kaxmkrlp3FyT7zsx+AjimWy63Y/u4nThALkVJ4Qrs="}},"mZzyGQYuC5O5wzD8Cfy8AkY1J1YrQ57VYPdlcTqjryU=":{"valueMac":{"type":"Buffer","data":"OFsL03UeGrJO/RiGUvLDUFBaSQCatXc80Q4lWk8AOM4="}},"mukvvrbcCuBTm4YAvYGCQ0Go55+8L8x6VMrc29sFnOw=":{"valueMac":{"type":"Buffer","data":"fBZHMyUsSAGxypq/DHnFwbgf0wY7AcJc2nP6mytH9Kw="}},"m89cXk4Puh2iUthbCexnCiFIa673xIimKqbPzIKF8dM=":{"valueMac":{"type":"Buffer","data":"cFwTKZQIa8YmmVCCUUwtUjtdrpCGUCKSgPrCM4PF5lU="}},"nDw8/d9quYHH8CvNFqGWiczN2OXWzqRkdvF6XrmpJVo=":{"valueMac":{"type":"Buffer","data":"vPhPcgrTJgaPKMjj4Uf1BiOJZvXoLn5S+ClWj19FPkM="}},"nHEtYL/QYoiFcse+Dlk5fXmL+/6Pj5sw3JK1wSLMUOs=":{"valueMac":{"type":"Buffer","data":"uS4xPj8jLO2yfB6AmsDFx0z0H9inyztF8qORTQX4Q8A="}},"nI64jiKZjg5ByfbhDRNVUdwGOwPKNtt3SejtPnAQ4V0=":{"valueMac":{"type":"Buffer","data":"CJA01g7/LuPWZplp9toCOQe56J/kpTIVBmkQDFq/J8o="}},"nOtqDWkjO/NGT1/vOuXMqhNI8/MO3O5eVyPJddRQ2Ew=":{"valueMac":{"type":"Buffer","data":"MfYG0s04cKPF/QVkDql0J83809+VBnkhZJrqoKvaE5c="}},"nUNg9CIUd8iIdYMrCdY4Dh00d5b0BlIUhIeT8gXle5M=":{"valueMac":{"type":"Buffer","data":"d/hreuTdnGz/0Eyub874N+V+8ywRQ5E61NcJBOTnKcA="}},"ngYhxduVpzU9oHukY0uTHS7IzndnBxA5IXav2MEfwMc=":{"valueMac":{"type":"Buffer","data":"vx7rLQs2OPGrp7rhOlr8Kur6z/32vxUWgBg5Bvv5EfY="}},"njTPScigBImZHAgDgrxr4z7uCvERWngILmI3FYEzUAc=":{"valueMac":{"type":"Buffer","data":"NmFiepvXz/i7jQOxNsPoUoCthQbv1BSlwz2t+WxWFaM="}},"no7BN0QXR6z4ITv+QnuNzKCcsioJ9922C/vMyX5u2fI=":{"valueMac":{"type":"Buffer","data":"H+ak6G5qi6jJ0cqSf3f1r8Wnd10vn5w0OOYeulj++UE="}},"nvJ8OUmlu7lroHYR8mtACQJt7tXOoO4DIdn9wloCpAc=":{"valueMac":{"type":"Buffer","data":"PIn9HvWc1yv2VvcXe2wsB/T8p5sabG3WkWCUqLnW6/U="}},"n5qjK3vZ5AVGYsVC/4pMOtOXGRaP8XM13c9AzIeCJEg=":{"valueMac":{"type":"Buffer","data":"yHaHH1qdTpLIYP1pLh2I67PPn82xaFn/MVeb6eV07Aw="}},"n98YnLSzkyhynnTqMItFI8xOwjddy0LxXZMfccNrGjE=":{"valueMac":{"type":"Buffer","data":"np5HNYxtSmbkBawj1EXPkoArQm6CNGoiPbdiXnp62oQ="}},"oDjQ8zaToCNbQD7urbamiCHPmXUGT8keRIfS3R4bTaA=":{"valueMac":{"type":"Buffer","data":"WzgX/qQmQEe7LGt6aSsfvOQMjawZGwPbF3wB5GsYzfo="}},"oFwF8XWC1SEf+kNEX8W0IiqNfw5dfMEyGM61jFssPto=":{"valueMac":{"type":"Buffer","data":"HgHXoZMHQUaad5i78T1IIkMyvbqW7JnQlg+xPHSbvF0="}},"oMfKZIVjCt/EIlxslhBxnEUlxiegUrtxUjUWslmrRD8=":{"valueMac":{"type":"Buffer","data":"zG13vkVPOMlSxmvWlL/TKpwrrVSr8YfGViX3ugHVtCM="}},"oN2iNpp+cS3q71gMyZPWA7pgaYI8JHGVazYr78TJPBs=":{"valueMac":{"type":"Buffer","data":"TChgxusgUQkMcb98mvDuObiH1qabkoG8TEYsvuBl8s4="}},"oXGuUu6vsa2XaeInQIb6L9YsTPQmyJJ7LA0UI152Hz0=":{"valueMac":{"type":"Buffer","data":"2g1Oa1v18WS031zuA7CBFNyS+GIFPEH9hpiUeB4qujg="}},"oaaLkQh13PW+A0/klcz6WpjV/qTPeTHEzTv1BcPXdl4=":{"valueMac":{"type":"Buffer","data":"rjpw77jsuU6IzPeyxCUZ3zk2YaGldUdOdOaaGYTzO+M="}},"ola/INVlaz0CuOkuP/S0W2C2TSbCECeJwzAbIG0NMh4=":{"valueMac":{"type":"Buffer","data":"ar53xe2z7ToERwpjcV2iDnVpBnJUlfHDtHjk5Ty3nb0="}},"ooY63Lr+wZiEXNB7QLSasF/5H5LoAAm0ArRQ2kRtoJ4=":{"valueMac":{"type":"Buffer","data":"PzwCHj9II16CRNyUoUaswuxn3dPlA4bcmEjKN/Fjm/0="}},"orhG5qr+V2RG8Y1Mi91SjwHj3JPeXXQR57eTccrgXjM=":{"valueMac":{"type":"Buffer","data":"TzQAmU1W8i+V0Kw1fTMJVplDE5S6RPRsre+jrPETNks="}},"oyje/X7WGY/RpzlUB7xM+A4mPGGhlDdNilzp09tNTho=":{"valueMac":{"type":"Buffer","data":"JwpL3c8WlhaiBDgcngK7mI4vMAHAGQyfWYXSHDvLm8U="}},"o2I+2juu7En36iiXl1YqBKAxoBMYIs1DIQCrIHQIGCU=":{"valueMac":{"type":"Buffer","data":"CQyAj7i17Hpyun9+pyA/xj3tyyDyxo1x/FaJTP1OuIg="}},"o36UTQ9pej/HH5GWdMFWvXSo/0+1Uw8BHJ28l24xOAo=":{"valueMac":{"type":"Buffer","data":"2hUpwkPj+1V4BSKhYhtk//1WGo9FKIUSIAJZsRZ8DSA="}},"o/agowEH+XBQdSK67TQXg0Vut380m3OS5oZlJ68RsbQ=":{"valueMac":{"type":"Buffer","data":"JBMTRK46Xj9o1DGTX4lE9XiXauKusc7l68uoTZkYrEM="}},"pCI3O7gCL6LgW+NMJI2IXDq89nW4ugJ2nVCNQTDftE0=":{"valueMac":{"type":"Buffer","data":"X83JhV2McxCQFGb+44UJXA6panUO92KVzt2th4ypmUM="}},"pJwuaDd/lHZC2rUhocsxZQmRNNj2Ws6Wl1/x4Hj9H58=":{"valueMac":{"type":"Buffer","data":"xz1ljKRyxqTQ9DhzRBUW581JXYkEft5RL5DbOZbt8OU="}},"pJxFfK4jrZoIYusUu8LjupfKWDHDhQqJR9nUd07mMbo=":{"valueMac":{"type":"Buffer","data":"VlQp9wnv8JDhjxiMJm/LxOS4o16IGkc0to0zz3P9iqY="}},"pNu8+S9/BSt3nnI5nOeIXsqUMJr05NaxdF4wZKDWAJA=":{"valueMac":{"type":"Buffer","data":"eT5U5sPJUrj0xh9W/5L2b85Ob1k57saHKeokxaP4AWA="}},"pjYpK68IQTZrwqGW50zA0tcbWtKMqoTLjiB8tjwvZ6g=":{"valueMac":{"type":"Buffer","data":"c8rQnGi71294W1h4vzyLqpJiJQYhChEo28RcI4PCt84="}},"px8RUZZoKDKUJ+sRe+/ZzAonZVcZ0n0zyjnmxhpZuOY=":{"valueMac":{"type":"Buffer","data":"pjIGDOXAqcGedaqnlSIvfHzn88DfbtKtBX3uqmojDrU="}},"p3Ii+R3M8EPramfm0oKACcwFU2e1xMtreksSkGkLKdM=":{"valueMac":{"type":"Buffer","data":"hwOT0aQa8uu+rh6Mr0FuXMxtXrCk4ZZFYpkCzUSEk3o="}},"p6iVak0xE1gXUmURH2m2OXujq1V+jbvXuby3QkxlHqA=":{"valueMac":{"type":"Buffer","data":"F17qhixWXTn5huHNpK/n1oQhg0UXQHEhyMqhNremuwc="}},"p9EiTKti2FpCxsKPoXbzxCGqjAdkwkjAcrSFWHL5Dt4=":{"valueMac":{"type":"Buffer","data":"KEPdrMTYvYMs6Zc/ADqYmP7XkYWKWbg2BY86pqLO17E="}},"qCdfR53xsS7VI5SAG/8FTlvNXxRNOpTXPcb6khPlgAY=":{"valueMac":{"type":"Buffer","data":"ZN6lHCz7U2vTIXLQjYmIE/N+hkCfW17b6m9ROF5IE7w="}},"qIu0Y3wdMpZU0jKEpk/SBysvPO1JVKSoAm+aK8x4xhs=":{"valueMac":{"type":"Buffer","data":"U0VUnzSrRKdsT735DL/KF3iqyKfg4R4xMD2EpIkX++E="}},"qUCjukQa4aPyYz3njllZcx5Lu6roO16gvufpMRRPdVQ=":{"valueMac":{"type":"Buffer","data":"JE6sgXPqop7PhdBfOlPzAidIITLrfXv6mQtgpzDq8XM="}},"qUbi8sDbD/IRUJzS+ECjPxXJRrCMzWaiSNM6FxognlY=":{"valueMac":{"type":"Buffer","data":"qo6WzP2p9oOxjS/x6dwlGxAH1mRKidde62CMOB/R7kc="}},"qVO35dci7rfhzCn/9v9cEBp9AwmdVeC5W2iBc6W/r58=":{"valueMac":{"type":"Buffer","data":"LDdaz35Gyy2vJ7LYTdlATx3gtd2hT/cj6KF6qeLDml8="}},"qmprlU3jFvn1i7XcTOzOzsxTpSkh06OfFarx5dro7Zo=":{"valueMac":{"type":"Buffer","data":"FSocmE3r3Lkaf5Ahay7ohQOI0RRlWuXK3BrzuT5XhEU="}},"qqJ7uT2eMp4tf/UZhWToem+xucO3edJ8JlGqExFAw7g=":{"valueMac":{"type":"Buffer","data":"pT9jdw1dGSb1z5Vmlvcs8i3JTmxaw8OE36RuAB9MIM8="}},"qtE/N3k/1lOGLg16iCBOJMEkGH28e5XLQkkzvBjjT5w=":{"valueMac":{"type":"Buffer","data":"l2eyVEGdaFd8DBln6q3BxgIMHfQJaw60bJHQlhVVq5I="}},"qvTlR8Jpp3cR3IjPjHVEuhTk4a0UEKAa6YX7axKWPSo=":{"valueMac":{"type":"Buffer","data":"n1FRCUcoYhvJrXA8T+QQo8n/AVk3Z1Y27/EGhKKcQvk="}},"q1n8vULi142OkW0ozHlmg4TAVKBHM3mUe4VxI1bkcZc=":{"valueMac":{"type":"Buffer","data":"LLsIi1Gi15tOiFJiXcfBllCYz8dt32qDo6aowygYkfw="}},"q2mjZ5PE4ZQ2kD7MUxurTNv2SIz4aUUkKjAqERdMV+I=":{"valueMac":{"type":"Buffer","data":"pciwoB9dfFDgJhasXVqLD6tYz3p2I1PcreGpm0x95EE="}},"rCcYepE7Yo6w2RBVHJZIFp4BG3g9QLpWy9Xgdezc8/U=":{"valueMac":{"type":"Buffer","data":"W4Dm4EKWdaJEJUUSZnar4WPdbi0qqmK66wHPaLBoKQ0="}},"rDqomS6yVBzRGPcmlT6WAnxq+kr+O+YO5SoeqyGtAu4=":{"valueMac":{"type":"Buffer","data":"i0IuSl47nFGfraGhEf9rG/pKr6RUSUdsH9alju+Ife4="}},"rFGOgxuOTQ5HHvtSYdwooOy0CjhRjaSUquqgNCCWzeg=":{"valueMac":{"type":"Buffer","data":"RjvDKTDMN0xjzY1YwtDSMsLgzU5OX8HsXkgXf/dNeRo="}},"rPWtzTi3lWZ4nk3hic92vt7NVPn4FLM2ryRHopaWEvg=":{"valueMac":{"type":"Buffer","data":"bhiI9Kyk9lbBILt+lBcvvQuu4fL2rTuYpHSBAwIp0CA="}},"rQR7Uh5pU+5RfC4UxWHlgE/PJPU2DXiGk6Qm8urff0s=":{"valueMac":{"type":"Buffer","data":"NUKSNmPb4J2TpQ04kQdJbpDr+/bUabLrAzwGfTKe8rM="}},"rhnRbKqxQhciVM8sllqJvV+oGE8Prgazw6Mx5yCgHKo=":{"valueMac":{"type":"Buffer","data":"vg+3CzgZJ2BPr/89wnOXPg464j9svgLxNNnVvAR+DRs="}},"rnPh42mpxWrCnbLFCpsTYcAdB5gtX/hZO/9ybh2n1JI=":{"valueMac":{"type":"Buffer","data":"jfotpoSwujD5q5KlArMA7KvjPOVHpqAzGw9nZ3e8UZQ="}},"rpSJrWdi5+eh8ne+XOI171rYidkZAnh4Pm/JYNps4U4=":{"valueMac":{"type":"Buffer","data":"RSW0QneBgPK0m0rgREE3s+Sx0HnVJ/XJsAz/ZZeLQhY="}},"r+smkA1RXVsNH0XinxDrdhVgGUxZx3x9Cxbo7Oqp9O0=":{"valueMac":{"type":"Buffer","data":"tXVRYDSQsL1rk/5imEaTXv6B4m/gEqmFgNU7yQwgTyY="}},"r+x6k32Y8itxysArMtTb4PcxOMHTSZm7JkClEHiAp3g=":{"valueMac":{"type":"Buffer","data":"ThgFQmKt0U4F4Oz0rycPUrkwoVxpklXxNmRtlT3kEcs="}},"sFUG1YNCShjJqv/iWdI8/xwemo9mzIXc1ivEXE31aG0=":{"valueMac":{"type":"Buffer","data":"0D0+OIQdpqE15EHPSGqQFfhB3COS7WYJluiihCZkr7E="}},"sF+SU5SIiDNCf9J/0bd4UEQj2K0U7n1zXtfCLEHkYSk=":{"valueMac":{"type":"Buffer","data":"9P9qWT3+o7gT7lunB+yliH5mERCK622JX9TRxiBiC+c="}},"sJjTDbMp2/kV55v2fTenRTDmaTR8cfAs6FjviDy2VhA=":{"valueMac":{"type":"Buffer","data":"tT/mY0TpAKgGG7PBxlf1jcRmtiawNOdJ/+9gD47YCac="}},"sJ53M9FGCUp09CA09dm+kZ3CIM+K1xG+ySGxQu4/R2g=":{"valueMac":{"type":"Buffer","data":"h7sisoSDF9VSzSGIIHugdgii0IWunABdPWG6vnZC8FU="}},"sPfKdkXQCdCaPSW4rqRrx4IvHyu023Z2JnK2yKyn54g=":{"valueMac":{"type":"Buffer","data":"xYni4x8WybROQmbQgsUMUeNavdils/TPpAPOw8wshXA="}},"sQARXX/9B4DLWOk7TWEvl1UYOKW95kYpeF0rOP6y164=":{"valueMac":{"type":"Buffer","data":"FLcoPY5X8sX9DU0e7yLBIzpuUgHGOrGJoO9Kx6k22P4="}},"sTVbnJ0AWpynPrcUd0kKTy6eVm1OCwwHawtLIyR9IOw=":{"valueMac":{"type":"Buffer","data":"t+Lysvx2O7geIJ5oVxEWHEmTXYtPIGnss4je6td+rkA="}},"sWIkl7A/Kd9aO1nZTUBYsti/RyZKZcg/Ivju7BTDLv4=":{"valueMac":{"type":"Buffer","data":"ykqWGFIofyy3Ocq4tWYIjnl9kXFjaUasOS521dcx1KE="}},"sdUHPH/yMPmDbjyE4CLL2vo1hGJZH6uvKFhn6ZeTtXU=":{"valueMac":{"type":"Buffer","data":"cyDqv+HYyKxrkGq5KSOqtyMIozAe3XQBp2NANwDS1Po="}},"sfKHhZ6ggea2PjKKJtZxCYxbw+CgIMIjNdfotox1dX8=":{"valueMac":{"type":"Buffer","data":"I1CKjzHvSIowD/WkvvNmlc3DL1mPgkMhPR1imGSLV7I="}},"sllbKK6vw1Rbns3rckBveqaAgiwVTFMLVrVTnhbPZMI=":{"valueMac":{"type":"Buffer","data":"3iiohc9yukCeukuMCl5cC59Y5aXHJCVAZ48Tz2ZWL6M="}},"slsomQFP8HJ4/0ESC2+q4KIkYm9QsXmKd/ZyuJblRhU=":{"valueMac":{"type":"Buffer","data":"YQ+ALoJ6JomaXf3QcdcOAYay4ws3q3vhzlbYvDxFY/s="}},"smX8XO8frYo/e7WRYdw41nUNIVIWEMDj0/LxKIhdlH0=":{"valueMac":{"type":"Buffer","data":"jbsIWmm9vmTruG5bm8qswOU/9cbeNd9mnqUr/irllBE="}},"snvN1qm+NgeLgVrDtD7EykGpmgztm2ezAt90U5z4HUA=":{"valueMac":{"type":"Buffer","data":"001ecTkrk9wcxySiKTA2CSB0p56pE7AMnvPJxq0X4ic="}},"suL0VUNOqNgr1Mdqw1TJPV2Y1OAWynzSshaaLcVbyXk=":{"valueMac":{"type":"Buffer","data":"x6qCXgD+VXlkP2nuvOPkTqMbVe9P/oXkjT+Oug9uX3E="}},"s5XyG2gw9kIUhPX+b0WjfkfrvmKj+mwNqu71ukxn3hI=":{"valueMac":{"type":"Buffer","data":"flpii73wPpTW9WrFNHD9YwUozdOOFpCmeiPXDEfyV+Q="}},"tE0HPw4evEmKWHBgxvHaHmggW0PoqHrDfcvoJcMCaLQ=":{"valueMac":{"type":"Buffer","data":"GgQx4qX09FwqtlcapT/zlGNBZl2XcakeBhBQc2JihVU="}},"tGYNTMHzz1rZjKyTvK9iGC+hSizEeOyByaTSH8eIncc=":{"valueMac":{"type":"Buffer","data":"+bhy0CJYL1T+KBlgiooaVWCEC5IKdtUnROZs8vi4OVo="}},"tH1VrZFuPg5Vp+LvATlt2uW3OzLsFh5Y7Kss+bXXyq8=":{"valueMac":{"type":"Buffer","data":"2YeuIM623RLf7dGp3a0/n4RJIzed6AS9p1dl5qG2QGY="}},"tILlpEfndkHPa4JoyDL0aEMtb8CWrRFCu4pa5tYVujw=":{"valueMac":{"type":"Buffer","data":"4y+IIJHhMLeRLPT7N3flffwQ7jyo32hz5vxEK/aPoEY="}},"tL0COnGnn3w733Z5wjprWrnN2TbVSsREWmbqKhIGAVo=":{"valueMac":{"type":"Buffer","data":"LipkDNlH8LrNcFWQAR0fkS71Q4QNcL4ufgKyPaE0DGg="}},"tbBcydLZ1HvRlpGpcyOqgnE7cfOOqW5iaEuKuYOGvLU=":{"valueMac":{"type":"Buffer","data":"iQONeXOHXXFqHzeFN4y2VOLyFM1BDL654Xb00St9J5g="}},"tbOOuh+P/wDyNbeisRhH2zfFlVt3PtkFbmdAs3wO00Q=":{"valueMac":{"type":"Buffer","data":"XLcGoMxrDxtUOExCH6AbZlkkVUIArEelZxUd9o212Uk="}},"tdwAnpZYN623sa4wW55AoqC+s0g7OYjQsa1lNvLU534=":{"valueMac":{"type":"Buffer","data":"Xsiin56UdsoxKShKmDtm4wUPK2SQC0mUHwJzEIj5WnA="}},"th5k6FZ6b0Rkvef/5B07LpWOifqJKc+CY/iPy7jCscM=":{"valueMac":{"type":"Buffer","data":"tFK0QV0zyFHCH8zBVbDlpssJ/JuGTuSVK9m93wDmOoI="}},"toZAnrr6yxpqd2Ewish2Q8/Gi2mNQwLdHe2oQdOgyR8=":{"valueMac":{"type":"Buffer","data":"Q0N7H6P+tpe1A/OHDsHYdXu7DH5R/laE+th70pwmKNk="}},"tpBTLg4Lmszy1B7UoqOjxaQB6FL0wT4La/MORdwssSU=":{"valueMac":{"type":"Buffer","data":"SYtOaLz0M4TiQqsKs9VCIwvOdSBZtdX/5fRdLM9QNI0="}},"t7jZSv4fB8NGtl1sFuCURrjVjet+l4oKN9V+h2TTyXA=":{"valueMac":{"type":"Buffer","data":"Pftmky3yrEEnO9S4M8sgyuCI/eDLPTO63C8iJXAbnJE="}},"uF/Y0ntzowFDq5FVRtyNHYLreWrCO+BDKsYvH+darGE=":{"valueMac":{"type":"Buffer","data":"19qxAc+U30T3DEYlUFi1wRJTamp+2WNktUBHxpZ+IkM="}},"uKv5pZzrQL8eUa4bPuDxFuOkBxe3Zh3+cOVtQEzt6ss=":{"valueMac":{"type":"Buffer","data":"TgYMXC9SrGLawMK+xwyw6jzmfoKhkp2E5USf6OeN4RA="}},"uLvKNwnkVZpc9i/+K3IJSz2VX8P1ZHB8ZVbte4ljeQc=":{"valueMac":{"type":"Buffer","data":"RriPQuztdFMjBzY3cIMm4D85TQuM1yozwO4Q6K1drbo="}},"uQ4gH18MCAZzJbDuI4IIhTFvcGBKRsd+YgDE5CVBtEQ=":{"valueMac":{"type":"Buffer","data":"mKOGdTI4ybuPyl0dNHNQGDq2R7I1Zk4b21x8JWYMqlM="}},"uS6sIvSxGBBPdxrU7y/F+1thhg9HwPWEUtWYAhpEIOw=":{"valueMac":{"type":"Buffer","data":"UggxOVAXJ6IGd8bS9UeL8xGbrHAVeuoUAGo23hvz7Jg="}},"ug80TJY8VUSdGWqhy1mExVqLOEKqrEtnHVfsG63kNIE=":{"valueMac":{"type":"Buffer","data":"18avF79lFHVXcx2P2oqlK8kKqUbHyN76WONeUqoOhZA="}},"umwkOJNLaDf+rPRTSsQdJc1Lcmlx/eF3cFFaG7KroOM=":{"valueMac":{"type":"Buffer","data":"K4WBZvCHmSeqeI8qsxdfHV9qRpjIYFex7etsH0tzK+g="}},"ung5Y+TVpHlWN2JghLlHTmeU5fPXqp22ctpiVet8sX8=":{"valueMac":{"type":"Buffer","data":"P/JgEkd9Wgj5/FkhPHMsIl1/txlXenVnEyv0yHv2ovk="}},"unnlXrbOFXYL+9knZ20hcLsdCPyF0D9Sx8hhRI271CY=":{"valueMac":{"type":"Buffer","data":"Z1XmQWbpuVI/7AX4gMEer7CTG9UC5dnQSPBSmegNk2A="}},"uokog1wkNqUrw7plT2SCBc91jxKBUAsiPTD9BBbaGBo=":{"valueMac":{"type":"Buffer","data":"dSrykqxNRMColW9cbz+altgz6nj8i0uzAygnYA6cb9E="}},"u430soQUVOslZ4ERPJ2wpfuxMTVdZfcElKLVDEe/ZTo=":{"valueMac":{"type":"Buffer","data":"1POTnlbnnNojcTBOX7MJQUuq1uIylTnLSE0ukXqqqmo="}},"u+eSvssZ+bmVQ+zZDlsqi2jkTaQzQ8Om+HKPlXzfuOg=":{"valueMac":{"type":"Buffer","data":"uQECw5hhLa/FZrjhDw7xApp+wqmj16L9ck+1WGTykCU="}},"vEknnyBnW+D+HEoSXKxZOpXWLH4JSw1cAV/xOkISicI=":{"valueMac":{"type":"Buffer","data":"Ozz5A4aHnOL079UtydZfgA8k8lUVUCWA9td3eUriCX4="}},"vFVvVU2oMcntX32iC6dC6G61k12AFdxjyYf3p50LH+E=":{"valueMac":{"type":"Buffer","data":"TExj9OiZetsFXg8YuUlW8mbvOz6GlRKjabt9axLoWEE="}},"vJ4fUD1oa5zHQheHAf01sMCHI92PCJixfuNH6G7WbK0=":{"valueMac":{"type":"Buffer","data":"iBrdg8NOxtFFwWM6yL6uZ7ue7cddFNJR5T0f0MePuZ8="}},"vUrS05KXoFsrS9xhCqZFNXA5rFaeO3gV3vnyO/Ncnys=":{"valueMac":{"type":"Buffer","data":"riMOaoDJFeGge5Rr6gNnjwQIPm4Bvm6zpTmbndLcFdc="}},"votmtAwUFz5e5uDrXfOcx+3MR/LKu5xtMfxnfPBOJvI=":{"valueMac":{"type":"Buffer","data":"v1f8EnBBVOXs1bDmrHS4cqNMWv6Vk4d6CmQKdMNKM1M="}},"v6Cw3jGODjqtGaBnO262mq+SjyBbTveg8RhfCWgFxV0=":{"valueMac":{"type":"Buffer","data":"bX3rHlp/kLeisAWr3FUWzUN8YZIcTyta983ZrlM/iuI="}},"v6pB82Urm9d9sxQ7LhIpmuS1VPHXPasQYeAoN8+NjZU=":{"valueMac":{"type":"Buffer","data":"7dIPMZP75AxQABPXmUZsJMWvIgd7tgujb1HdwrvNzhg="}},"wBW1ISz0RzBS8HosKekOiO6m9Dz3TzH4kmboFVrX+4Y=":{"valueMac":{"type":"Buffer","data":"SX2uS+Y9oQr5JQuo+G0K+zNlFxHS1pHFf8RV147BAKk="}},"wJ1YOaguXbvgiFqQhgsy74yI+PvI9jW/BzDyF1ldMuI=":{"valueMac":{"type":"Buffer","data":"SaVPJpxgs6Q0iSPx5dcGhv5Ckl6AENllvPIg0BsF8RM="}},"wRp8JOe6PGj2CYswL/aLp1J5as0pd1K/wFe7nIk8GjM=":{"valueMac":{"type":"Buffer","data":"IT8iZipva5KKfQo6ObRT9mXqsV2ZFW406BgdE1Hn6t8="}},"wX5pXl5tONUpYWBBraYYtAQY96V8O1jWrClqWss29bQ=":{"valueMac":{"type":"Buffer","data":"xm7jQRwmdnwGXxbeRwBZtNtkh4sTCFs0eainbNkl1Mc="}},"wvuo/RmqWxu7x84EjFyamcm5TOmk1S7Z4jcVh3hiUNw=":{"valueMac":{"type":"Buffer","data":"mk2+rTkAy87W/zDI3anCG/vyZTC6H63xtA/kypcJ224="}},"ww+NxXNXFToGmp9UT+/CvkG3cI7N/Afo7nuziWaFTv0=":{"valueMac":{"type":"Buffer","data":"iMJdSdIRJ0jbMzgjwVDzQrq3edg4lumcShWGwYVs8Yg="}},"wzsmiJViq0s/OFVjS6kbUbY8IajMyVMm59PAt0skEeo=":{"valueMac":{"type":"Buffer","data":"kdHJY7j0DorA/F2KlpliRIE5wWsgD5WOfEiKkM2PeiY="}},"w4dxVjWRaZnQy/P4TBZFC9tKV1J4qe/YV7BnQJHeIYo=":{"valueMac":{"type":"Buffer","data":"GQkluWFTCEtuAFlsvxYFoLYNj0KJxv/GlNsUZRlCmvE="}},"xAVTSoegRBLLBPiSTngIi5WOXTTuc5z+UrjkF4/H3Ec=":{"valueMac":{"type":"Buffer","data":"osR43QcllPc4H0wIzpquBED4+2u7yy5h8tH4L0KWTF0="}},"xAuGzOJSGU81woTjqbi12cya2Wqg+a57M7aOmDPr8A0=":{"valueMac":{"type":"Buffer","data":"yDyc0ufD4LLgqb8IfOtmP5HchmlMWAbFVdGT7SBur7Q="}},"xT9j0OgUZ+wowRfKW/wSUxkeZXqbPaV66d6wqj/Qgpg=":{"valueMac":{"type":"Buffer","data":"aAvNONcLHLMPiyWWNYLXC10ue7dDtHzQDF7Cv72s1cA="}},"xY57WHz9k49/ap4Kl86XtzACBtSBzuTkAWu+LdfPRPg=":{"valueMac":{"type":"Buffer","data":"RcvsVb/f/UAAhAHQqpNkyQ06ORMwY+jAquAW+ZvpPgQ="}},"xY/zosZx+PIP9uGKfXmxaDnNbW1V29xac76NQR0mA+Y=":{"valueMac":{"type":"Buffer","data":"0AoZrlGULcpoB3KWyRZhxQra/EdXR2+u493jiZiuTYk="}},"xilhE2MVZX0PFFEn4+A0YQhMlhdqYRj1SadvD12rDNg=":{"valueMac":{"type":"Buffer","data":"dCgodKv2KDVaBMC23bvg75eb0cCc7D9rcMLv9IrBMqA="}},"xjP5gqwmfSCiSrSmaYJMK8Oped/l+btXpelAkxtGEak=":{"valueMac":{"type":"Buffer","data":"X1CwgeeR0EAB8T33Xac7cn2RJhnUcRVltC8QmC5g3q4="}},"xjUb0aZsD5gIWQfEsPhVKvNbiQAcYHgxcvB2/hZ22lA=":{"valueMac":{"type":"Buffer","data":"bHnVmUo8DSBHO7AtvVF3OryaxvEuPCJEu9ke9Lcdsr8="}},"xq12XpCm7lDShO/BCJsBdLhJgK1dS0tWPRdJNahaHos=":{"valueMac":{"type":"Buffer","data":"S0m4olFX6d01GhZuP3aC6CdoWTsCIe5MFRVSSgtHl00="}},"xzLu5TqWW9S8y1HjEaZyaNdvvXo0lbs/3I+o8NQcPHU=":{"valueMac":{"type":"Buffer","data":"URxNBuMzUMMDSjMtoQtfSIez4v6lgmRw47qS0vZkgGY="}},"x1t4nmYoWy7KL0eHS5Y/Mdv8L1q+Bpu3pMZXNOr2sPQ=":{"valueMac":{"type":"Buffer","data":"1Mv7r82Gsmdb5q6Ajku/vE4pY5MnAkQrHLqBiokzpPg="}},"x/e6FEHr0B/o4OwHXVIfNEr4AWnquwgF9dxkRPa0SWI=":{"valueMac":{"type":"Buffer","data":"WyVwu1MFLxdLMfJFEpGPYpQQqHLt0TcghpWiqPxNiQk="}},"yIquTHPareO/8KTZCFvAWlZRWwS44e2uD5KDlYCxrvw=":{"valueMac":{"type":"Buffer","data":"MCHD92xUJCQT4yNnc+Y4XXn0aMDe7znKsbXCesW9yBo="}},"yJEMCh2g+xGcrHVEAMjrsFeAlUVGSZhAQsVXEb2Q8ZQ=":{"valueMac":{"type":"Buffer","data":"uKn40cKs60U+SwGJWL/bQ08CQsGWcchz/WpqrcbC1XQ="}},"yQfBqrqupijKxAAgeYNtsd0FCA4F3FmAuwAP2BzNh+E=":{"valueMac":{"type":"Buffer","data":"iiWdeYJ2zEKYwgcMuP4dnjWbpYi+cjspTfIR5GoLlLQ="}},"yXJQqLxVuIzPa8fYiVC4nmL/Ym8SCMfJkWDeVZUt4fg=":{"valueMac":{"type":"Buffer","data":"11V7v+0WWgIcjKmrEEkaep1ln3bU8bh4JfqP/NvoCE0="}},"yXPzEJPUeK8xrwN4z0+p/hHa8PX8pEqT0j2GIheaZfw=":{"valueMac":{"type":"Buffer","data":"ru6oB0K4rpPnwC3PQiYRRrPb14VAt3EWSwbSeE2VhIE="}},"ybheRMCnUAqUZGE2o6dFZyWOEmmY5GCHLQMN1UhgiSo=":{"valueMac":{"type":"Buffer","data":"e4Kvx1WKtGVDbCukJpQDKoQvl/8MuMtthbDa//tNaYI="}},"yed7K/ykTqVBWMZCbXPaQE6Aetg/nNKiuy4AJO4vRyY=":{"valueMac":{"type":"Buffer","data":"5wtuxJnBtEXY7auLcvpMtyg7/9U7VopkCP2IISiDwRk="}},"yhrvhc8e+f0j8ZlxiI49UGNjrOqCDfj40Y11lvEFP6c=":{"valueMac":{"type":"Buffer","data":"g3s2TfZdaHEYireOa9vOsZEw3C5Sd0uyudymdfBws2A="}},"ylvBzP4E+qQxwzq/LbxdxkA3wL6bO/QC6KJBWuRDoFo=":{"valueMac":{"type":"Buffer","data":"hyFHlHTbKR2IHLNbE3HomHQQw1Msy4hs84jPN7AtjLI="}},"ymxr380iLYQd9+BIYg7E6rJEKFwF98e4yITS+TUOY6w=":{"valueMac":{"type":"Buffer","data":"4Yz7GBve0998UNS6RrI+DuuDTTuerTyY8U/CWfZ9NIE="}},"yoK0NVrtPxkuTFldW43xn7s2uBLlPhMOYUykHqQBSIY=":{"valueMac":{"type":"Buffer","data":"UEisKEDIxvE0wjP+vl810nOBfUyPbQHFV75eHPxVlC0="}},"yumeqJnG9+dK550IhGSK0MK+YoOpkcxeTWt/UwI+XMA=":{"valueMac":{"type":"Buffer","data":"hWeBy7x+3i6nS3huEYtaiHLC4Alyy6rvpvFDBaLQb+s="}},"y3TGeTjGLm7FOIGFbkbmWtAtwcuAK2YXon9y6xZg0kY=":{"valueMac":{"type":"Buffer","data":"hHtiagHFL6X7kO377DwjLNBxWkLB/xvoN+ORLzqC9ok="}},"y4O0cjqjayoeh/W7f0l8O3B5WvO5WoEH6FaEUh1+7eY=":{"valueMac":{"type":"Buffer","data":"uocHorXWtBH0mxFKuVpuaQnbn19W0xaa1HgMnOp4vLc="}},"y6+hcqt24uoIfVNueUEiYTweQjI50scJWj00aB7s2vM=":{"valueMac":{"type":"Buffer","data":"vixMy3KDTDgVFLVBn9Skp6GTMidyxmxKXrnnd+Kh8is="}},"zDC+e9iOBCKsDCKrYpMPXStOSOwfvvU3YdPIXgtVhIw=":{"valueMac":{"type":"Buffer","data":"UVRSh9quREgOe7HO/wvEgHqrg19j/ngct6IfJ2dRxEY="}},"zFJuPEW8/Dbb0dH+OwF3I3PKPMoWS1Bm+aWF0aOZ5P4=":{"valueMac":{"type":"Buffer","data":"HEgRGKxhi71LGzRgOmGJlHETjg8qEPZqIz9S6Urzq9c="}},"zIFNCZmyoesgv2WT9k3kKAP1OJaU7a+qZhy4Ynad/5c=":{"valueMac":{"type":"Buffer","data":"6GWXHuG1JHqD4e8p5xxN4mDoensSN2b2O28Io/lwMa8="}},"zKrfJX2MZStz0JHRD5niaMQnfv2YGSlnDTM4U1xKZrU=":{"valueMac":{"type":"Buffer","data":"ZW2OXpv0ygnY0sxm5mhmWaQ9WfINHF9kV2po9r0WmLk="}},"zWw/FYuZWUIDAoM3rABqTFraEOCooh32WcKV5TW/ZZo=":{"valueMac":{"type":"Buffer","data":"92FxMou8c9MmVPqD3u34ydA/6+krP/4BIF5kjK14yzQ="}},"zvc1RInBbvbFf95z7FF1GyTiYdMZDvkUcbYdkIyjLow=":{"valueMac":{"type":"Buffer","data":"+SiwCVsASYY3SAN9ERZ6j6cY2x3YKRlr8uKL8iU9vRU="}},"zv/zgguv6A+6QKeVTS9zCOtZlR4aLCQm9KaKVAZyLbI=":{"valueMac":{"type":"Buffer","data":"p6iyBco4Qgz237ljS9m2rKsMGgl27+4Q/IOyV/VzRAE="}},"zzgpJUvdSlmYtpzQhyC4Awe6SpDeXWZwqulXy5GvgIE=":{"valueMac":{"type":"Buffer","data":"/QSu+QgsAjk1haz/zvkNrFHFnNlyH2dj5o95dxAoWf0="}},"0P8pwzcAqOpJ9sgzU0FxiripJrTVmVXxQwiy+KsOAxk=":{"valueMac":{"type":"Buffer","data":"8PlpBJUs2Mrrlpr1CkqDAF60L+VbgVaVmKAwMnH9Ghs="}},"0ZK3+n5cwCyx/+b1xM7+sI7xBvrFYJPsAotRB4gpUUs=":{"valueMac":{"type":"Buffer","data":"80nRcRWf8hsRoGI2AQpug0BUBkjjSJ0zTVkqoIzvnKw="}},"0hhghCVGtNYZDf34u+HYlHcBrPkVOfhl5h54rXgPtqA=":{"valueMac":{"type":"Buffer","data":"92NcWw0WQ8BK5fPXzrbM7fVOv3URMxiAIgkB6kUE9YA="}},"0kjvxEB+tzWBdYpWMlx0EyWTUJ0JSqqGU66/rKcqKPo=":{"valueMac":{"type":"Buffer","data":"+HYFiZhiLdXk7bHJe9pyPwnXXBsZf++fpDonzpygvh0="}},"0k8w57+XUGk4WpzpSYlfJBuSsxvXRY66k5R1e4dLHKQ=":{"valueMac":{"type":"Buffer","data":"qTPQral9v/YkKg2V4kfrvJpN5NHpAiffMFQJCvJwUik="}},"0n20QVBqp6U6PiinbrDsAUUXw14ceIBG2zBjQxVThbA=":{"valueMac":{"type":"Buffer","data":"tI91cE2X8rnhiUkauoz9MVxMOjlU6xnDAdc+b3VsYT4="}},"0pxwv2zk+OSHv+HWQSxcdLUvH28SXmKWvK0f4GgE3mk=":{"valueMac":{"type":"Buffer","data":"zAmHAvexL7aVu7w+SWyg/bw7R2dJvDsdB8cmHJXZzJ0="}},"0tAyojs7VE3bZwYhh5zoUPocoG5VTfmDssE0qszES+M=":{"valueMac":{"type":"Buffer","data":"NF+Aj55ORrYFrJRrp+37lh5eynclKkCibhDV2OAw7iQ="}},"06b7l5ZiqmDzzx9ctAuvOmX3yO9mqHublvQ7RVQ3VLI=":{"valueMac":{"type":"Buffer","data":"bD6ZZUzdz39yDOojYT2IDTmtKotYZ6jNc7h76AKzQvs="}},"1COyPAxz5F8JquyOIAdaNytv8Z3ZZA3LbgOkcF1pouM=":{"valueMac":{"type":"Buffer","data":"q1mNkvyuiz3rxgRpTQ3wYJUL+jEpuqunyVB+IhINnj8="}},"1LUtrTae/Zkcts7nNP/fSehgugOKXmwVOuJm1t4x5jI=":{"valueMac":{"type":"Buffer","data":"UZvw8EG1I8pNNGCyAAXfExaUMDi2OHu5paZ8VUQavi8="}},"1Nr4717LYhUEuVbAQo9tGZ72HdP8sB8J0akt26pM9S8=":{"valueMac":{"type":"Buffer","data":"9TuHP35z/MUp275F/bwAX1+hAwfBnBdSTp8CnH6wXdc="}},"1Ps+8iHJ1lYk9IOjvTdLD4zJK8aito76TmFaKiEK1ks=":{"valueMac":{"type":"Buffer","data":"KYquHCPXvVFC4MZe3zI2uwekUA3Rd93YlSko70fezzQ="}},"1Zbuuz8fBXhaoFn6GYXySN5HS9X3QaxwEHIUID9HInU=":{"valueMac":{"type":"Buffer","data":"nQPwV85PI+z9CVxbDumXFlXPTtZAYNVNrcLt2GMCcTQ="}},"1oHoQ7zmL0wJZjFcyfVYQ+LxB4NiP4oTPiFEgLKpYac=":{"valueMac":{"type":"Buffer","data":"P5dKP4HeSE00Wl8MGT7jAIO1i65dyKw09MJC8Cj1xhg="}},"1s6QSmN0KXQ10vAVmWM96y8V0+nXOOfVpq+DGCw4kQI=":{"valueMac":{"type":"Buffer","data":"cu83Zd/Mz3xy2eb1E4OR9L3D0RDedGfOsNpZDMKbj5k="}},"1zCQdrLqBM7QuDY8kRLW0vm2td88xcTFLIiSJQbRV/8=":{"valueMac":{"type":"Buffer","data":"sGfQnTT6QCYTEQBN1Bnfp/4lv07ldC9mwD+ZcbOJJBo="}},"1z7lAVYWZR8RZDgDcvE4JDU7jnajEWN0g8cYwZpM3CQ=":{"valueMac":{"type":"Buffer","data":"K1emZEk6Be3OzjfM2FnACp2lz5ubHbXGtzKalSGyBuM="}},"2K5CfyAEgdqtdZh99VdjSJILAdd9E7vxp+2BCg/KddA=":{"valueMac":{"type":"Buffer","data":"JQNzwCbLb4H0lF8024drsbph8RH9/EWUahItUnfw8QY="}},"2LyRLwVvNOj2BAFoWQP+XwwGZqVWwl6kfeSP3yIPgMY=":{"valueMac":{"type":"Buffer","data":"iEMLzlZaH2HJYp8rx2Dn8kJ1oIl8z1g2PUpkpkM1Qdk="}},"2SFDdxDAvsPgSVUoMtHZQx53I+G5I5UO4j/WmtchmfE=":{"valueMac":{"type":"Buffer","data":"ufMfRaWk3yP7WkUxzUFnwURxuK3cMX4tXXdE6CR5Zvg="}},"2WU5i/C5wcGCcF2Lc9JVAklHzAIHHi4svfkgwBnLK98=":{"valueMac":{"type":"Buffer","data":"m0nqcakpmW6/35IfwolMLuH5zdnM++k8CmlYl/+eyec="}},"2iuagb+E8t0M2YlP6mZBkmmiB3Tqh/RILVkf2As9lME=":{"valueMac":{"type":"Buffer","data":"C+r2PDVdYu1Aviid5FqAGXz1IjC5v+ZIJ/hj8w0G+N4="}},"2oPg0KCDhOdEIF54exvqWwGVWgYndhBCgJp6wn9tqOw=":{"valueMac":{"type":"Buffer","data":"4kHFMFOukaoGLFZqmOy0Bg+CDzGfnd/OduOZhcxKqXI="}},"2oh61bNqzwK9brWw17zSn/3+A6nD6YNF/QI1A4IMMj8=":{"valueMac":{"type":"Buffer","data":"cSwADsXTgXhBgpSF5/ZTvTi1dmVhmbJOSX7hGOVZ0sM="}},"2x8hBA6T+X2dpXvPQhDIF2LYu9icCALZbYnk2DBJxH8=":{"valueMac":{"type":"Buffer","data":"TJg8B1ujrbHRmW/Pz6XY4SRHp1bi1biUDXuB38Jcw8g="}},"2yhkgdqZtB0CtUFjUzkljmMo1BAua+ehOMbLDcb9ZRM=":{"valueMac":{"type":"Buffer","data":"UBm25P27QdQKjD+vAlyTrIAH2bZYps8X6IdqzqI7b+E="}},"2z0/cL+elAme3TYlGsuBdphoIsUyxnCw+rqghRmgHoE=":{"valueMac":{"type":"Buffer","data":"nFX2dmM2Vxlo484jVti82NQ9dHbmEQpQOyOm3+bpaFY="}},"22iLRn4sSgZItCB4RCF6TOOIY9MlNj+J7bDrWIHqMV0=":{"valueMac":{"type":"Buffer","data":"LGohp4LdsU94o5sAZTp9qOXspjuSeUdGjB52IwrWvdY="}},"257JvdmUSD6VDXHIu4fL799D9X7VgZV5QRbwuqNgObw=":{"valueMac":{"type":"Buffer","data":"GlemgbsQ1FuQT1oGva5Uc+HNRfqw5AGJET0aNB9u1Bg="}},"3AdUO59pO70WZ4lO55LDuBLtcEVRgL6iNuJGbS3hZew=":{"valueMac":{"type":"Buffer","data":"tTHIuIhgC0PxHFS71+3mNWhwqCVwPu/eqHlWZLjvjMs="}},"3CX3obRB/rsVk8ruAM8T+GUuiyd5/Qb2WjwQcf3y/zI=":{"valueMac":{"type":"Buffer","data":"ePWL8ycV8tCzwihZIJdUVFKTOjsAl31sj5D6lZ0ADF0="}},"3Nu9yoLIs0yuG8g9iGRWkTME812ql3nBop62KAxRQTI=":{"valueMac":{"type":"Buffer","data":"AdY8IOyRE79onven9OktXFhi1OVhIIGE1PB0/qSuUzs="}},"3ZCoH+Mbt0gRmSLpBX9Q1kYY1PmZqd1aXc5qoRL66ms=":{"valueMac":{"type":"Buffer","data":"BwCOs7CAs9FLABap96K8DAg/2vhAm63sHJzg17Hv3bQ="}},"3gw06Rl2nOZ+NT5ZSDzownrSfMvSXKCXDmWlWRnwE3I=":{"valueMac":{"type":"Buffer","data":"yafMh8gQTSVZuhYYS3XL7OM+5ZS7hwFoRqzt/ItOsJg="}},"3hoQlL7XgHCyflTCNWxDvZopercJRZiqFv8kpV5sAT0=":{"valueMac":{"type":"Buffer","data":"INjSqQihFZxecxfaftyCy0cmvmBcu+jfeMw1nafsGhM="}},"3h2zUfDmwnc6HbPCrTCrNZwUDmKEb9rixE5506PQs4Y=":{"valueMac":{"type":"Buffer","data":"4jU1oJJQ62BvF1LZmOrq3oLLP12oY5I+bfomOBiNyKk="}},"3oAIq+7Ik6ByHkS0aI9yfwRhDrqiykipVbWfvvZPXeA=":{"valueMac":{"type":"Buffer","data":"GAgNbfke9+KVPwbeUpWACw3gRZjwM0cLJdB1FHOjR4I="}},"3pagzeJjIdcVaeVSgOZ5orK4PB1nHZ/NypSfGKq61tI=":{"valueMac":{"type":"Buffer","data":"AJkTK1NpDvAmFltx6++h9w/5iB12VcTjy5AiWkS6i0s="}},"3xVARFoh0vUIwa1TBgIg9aDpSL4A7AQViuJ9Y5W+Bkw=":{"valueMac":{"type":"Buffer","data":"pmproxzxUUZOt1An3s/M7zQngSxWCRBGJzEXQAD+UI8="}},"3xcUxHdrqOpQfGc2N3pnNKDiEd0N8Dpc9rUfXGwpYks=":{"valueMac":{"type":"Buffer","data":"2IU7tnEb3XuowiuI76hT9pBI+9BDPu1MBrbuKgRRaYk="}},"34DbM/MluKeM5np20kd1ElMUGRE8YGs82Jiwqqut14E=":{"valueMac":{"type":"Buffer","data":"h1vbXUlbdCAdOGO6o8ZnsghrkLgtOr1Sc42zOgFnoyY="}},"35UNKofIzpQ8aVwDN8lin4F9OiFtwmn/N6DTA48iBRM=":{"valueMac":{"type":"Buffer","data":"HkjTTR7btyxW7s505uHfjLNOHkW8rUVpW53pyMks1iA="}},"37caCJwXyKGTJb5f27E10p7kMDTQHLZD2kcnAIefY7Q=":{"valueMac":{"type":"Buffer","data":"SiwLffm+qbCO9nM5nDJoQEfScIpZsC122C5iWzKA2FQ="}},"4I69Ot30C+V0Cu5xEfeszBu5YTj3jem+1yq3VeXrAZo=":{"valueMac":{"type":"Buffer","data":"c+DmOd0CgqqCmhMGA/dCg3oGza+zFbGN2mBAhT2l8kM="}},"4JlGRbiEL0VEVyxF+fz+Hxd98nagPY3eX2sZt/fjQNY=":{"valueMac":{"type":"Buffer","data":"azKIgszeOf2tspgPoS/xfWM494TPSIhnDuj7LFXuUA4="}},"4KlI0yIuv9q4KnFMiqGq4ZPxsltVp+YLi1hNdki1Rek=":{"valueMac":{"type":"Buffer","data":"QG6ROAh2oG2kquTFM5whWt58w2zpMR29ooDJCTIi2iI="}},"4QnvCFV14Nz08mHJ+BKZkBeqg1eSUXY1LHHYa69xg3Y=":{"valueMac":{"type":"Buffer","data":"QaXGDltLfZdpMP6qlxKLn39tZved77fpxfFioBoPLyk="}},"4UjzAm9WxoDGO9CxxbpXb8BA0etj/8qyjrZAFKOB76A=":{"valueMac":{"type":"Buffer","data":"rvqoVIRFp8uk3XjDDDSudJ0X8c27Rg1wvM5OvOsJ+bA="}},"4VNYYpDztxffAzAN1+k+d+Y7I29226roLg/gGoWwKtk=":{"valueMac":{"type":"Buffer","data":"VIyHhTDcmUW4OWpQiVaePblH7d45gsjuQvXFDFkGlXo="}},"4VQk4Jh2TNi0A1YtYU0Q/Lt4fOH/4HNEWlFgfg+dwA4=":{"valueMac":{"type":"Buffer","data":"Yx7pbRtFirt+Xpm8pESkLnc3A54UiJ7pPy9pxhsqWvk="}},"4eVDEup2NlBsDco4D0Ya/FHWxXNdOdifx6Pxt/rq5Ws=":{"valueMac":{"type":"Buffer","data":"NYMHTukdkHgWAfIDblBmbLOcwQmIi6og7QA3lkJvBAQ="}},"4lRBvfrgKBdohDHZhcsFbAMyJshYqpcog/JOAS399PI=":{"valueMac":{"type":"Buffer","data":"WH5Q6RmT0dtDCMUZAcBFRB8B1nsGwtu38eMRkAhKvJE="}},"4v+sP18KUJlhf485cf3Bb25lNJcM54jUj8wgC8h7tU4=":{"valueMac":{"type":"Buffer","data":"ibiTG2zTe9QSU9JWLZd5LTaa5E81UojW4j4ncI2so3k="}},"4wlSy+NRMQdRTG0mt/wtG7Q34+fXp9ZSuLAHj5jDZIc=":{"valueMac":{"type":"Buffer","data":"DtkdEpf5BCFN4gDR9faFqfaPr5nXDyW7AQOqc/LnA40="}},"4y0Unur4G3qTlmpNIf3MBbADWuLsiWW4EB2/Z9v3yPE=":{"valueMac":{"type":"Buffer","data":"oHteZXHlDvafuVft3aVg2MDY/GJ0D/Jejw6ETjAEGi0="}},"47TPPJOhAXso2mVcNR/MHTpy8LYGNHxOI2zyGztaZAE=":{"valueMac":{"type":"Buffer","data":"H08hztDaxe8WKftx62fRM7HSMwU1B1RYqL6KMgGTSwo="}},"5BqATE88qN93SWCvIupC67JQSdzOk62s5WYrY5SZIw8=":{"valueMac":{"type":"Buffer","data":"yi/wBef2U1KrX/3e0aALkXl1swgt4e6L+JFOaQs9wM4="}},"5DWZID6eGJxyrLfdyxIvnqGt0UFMnaERALNGwrJE8Zs=":{"valueMac":{"type":"Buffer","data":"eyjS4X3Qi/NkhkugqClc9usUO033S4NA6y+JsFtSQxM="}},"5LUDrmsuCUh7KnkIR6AeoWbaE+iR15Irl2NOkPNgx9Y=":{"valueMac":{"type":"Buffer","data":"sVcDs8EF4Sy7p6LXIzgwIuyJ0/Lb+CFgg4ivv8dvLHE="}},"5YXbahxlver60+Vu2sV7B5r6WnGOQNGjh+FLhYGR7jk=":{"valueMac":{"type":"Buffer","data":"c2AIYJASda8dp5l5J6OnvzoxtmaMbd7Yfp6TOGPhvWc="}},"5ZuAv3zx/ekMTXKDSKWWJz6w+BkFkmuuVjah3fEb4h4=":{"valueMac":{"type":"Buffer","data":"TP4TyPohgb1fIDHyFfueuJyyaa+f1WxAiF6S8f0IAtg="}},"5bzfX9e2QyT3YZOCX/5J8N4rlLVuk0+rZ2/ZA/tL+Us=":{"valueMac":{"type":"Buffer","data":"d9t0tuCDxlc/oSMI8PEmHoOeo7RJqYAiBtbep43TAm8="}},"5fIgd0PKl1MtcztgTFSx+1zYOwZTkjFrsA9ymENlHXQ=":{"valueMac":{"type":"Buffer","data":"sb6rzR0Bdd1ei8hMKCGb7jgrf3vS/BCzsmLq6SH/kBw="}},"5glVIvI6366DMHNEfl/voQkzjTuhdRve3iW20Xyt1p4=":{"valueMac":{"type":"Buffer","data":"YrXU/729vz7qXZKkaGz2bdUmU0ppnNerCTWrhlX5lzk="}},"5lLpopq3nPYWZPq2VDoxXOCMFpTmPVH9vyniWOi1e94=":{"valueMac":{"type":"Buffer","data":"PSr0rSVuFvmY9dvq6Om6CxNNib62xGeNW2J3tZLvXVI="}},"5oA3gV0kbL6jUT+73CJLXShZJjNlP0YTsEHQBmmidA8=":{"valueMac":{"type":"Buffer","data":"tU5GO1cRAL4f1Q8Mm+G2KqdtSzX/xefjgeBcNlYwdP4="}},"5oYTwj4mr3MjB25MGhwhQtOJ9tbqdNSAAEHiHGChU+Q=":{"valueMac":{"type":"Buffer","data":"nKJiPhz/TEAxojfZgrxOunvwNr2YJetn7TuzWZ6zU0g="}},"5roVcu277YTaSC6Q84uPixI7xs/pSCD5ykzCI05Qw8E=":{"valueMac":{"type":"Buffer","data":"ukgwkCPRxrUBFsZoXPRNEN93b0l7Y4duC/TifiQAfU4="}},"5w5reFGuW2IC2gSFElV3YyXb6JX4NbsBPTgQyja8Si4=":{"valueMac":{"type":"Buffer","data":"wdOkJOakEqXVsPyxQjamPj6Bc2wtt3hNTd5QSjEKj9k="}},"53SmQpCNoITGiWguc2zkZvk1iDIAswm5zVREy7aWjSY=":{"valueMac":{"type":"Buffer","data":"qL3STjmGZ8vle0FYfkrXvBCzHJP9I8O5BV999vGMCeo="}},"6C9F66caHJ3ShefOq1czmwa1pUV07QzdNBCgAZ3oMmo=":{"valueMac":{"type":"Buffer","data":"xOhJEhxF4vBmUXSl/ClX6Xc7d24suWE7PCo2DQtNpBA="}},"6h/iPweUiFO/s4ubG27j9020L7NksmHYu6GYOJGBR4M=":{"valueMac":{"type":"Buffer","data":"akRWGbZb7NIeNtEsAKBMRS3euXPq2Rz3yUz3pf/SFVM="}},"6iqUe2k6V14Ypm6FCy+VA6hCPkFIFpo4kvM25E340wY=":{"valueMac":{"type":"Buffer","data":"+FThOwbpyu/dW8/EvYHIJCn2uAOJASn+cay9c3z7+/E="}},"62OaFN0Q8GLDESiuZxqjp2RO3dWgFfY4GLdpm9VXlYg=":{"valueMac":{"type":"Buffer","data":"q/UP3viD3r1W17Pn8Zh98yLt64RlWndW92ThQN2SkAo="}},"6+M2JRjwMzvlFn4GInOXCbj6DqqZ0kkv+V1iPFpaj1Y=":{"valueMac":{"type":"Buffer","data":"2KDJDkt4hisGdWhRyZ5VBOcPsKGVaCw76AR4jSEmSrI="}},"6/7JfxhwbFZu5EPV7YpFdfwaqRN2//1CPCYBj6KRab4=":{"valueMac":{"type":"Buffer","data":"e1OOuojn8ugxr8Kt+Bpgz+FeyppQVgb5lkSmLCQ4KI4="}},"7MIZVdepuR/4j4ZrlYP7RwbXp1QjlCMH0gBzq2Ii0l4=":{"valueMac":{"type":"Buffer","data":"gE8ldwN2fV63jAqLGD9r5kGgSxSy7mopE/YP2MeN7qg="}},"7fQcKjXrcvwgDxIRv0t0xwvxyrsqnwmLDU0UaXaOXzo=":{"valueMac":{"type":"Buffer","data":"EzPFW9MFWusb2bPQ8YfqdZFhtiKwnYqvmvrUjyG16Q0="}},"7g3FBy8j1XwlzaqutqQdGO/QpuyzPTC977OtlkdLd70=":{"valueMac":{"type":"Buffer","data":"SDwYTcbqLQgjy2usNymZone0uorzR0xb8ykPMOue0Vw="}},"7lA9WVe9lhChg99zE+fEnTweu13uvEmLgppP+ON9jP4=":{"valueMac":{"type":"Buffer","data":"yjhb0qvDI3MUPeHpKkTYzX8KbYTzyiPmvTPr5+2rliM="}},"7lZTSXoICMxr/oGOshIjIY2PVTe52JVzbUu70DKsqsY=":{"valueMac":{"type":"Buffer","data":"To6eJDW8ynYkIKpE96w6r15z0geKviYFCMlfSkKHH18="}},"7lsdf2gtdp5fn/DGUzmfDx+6fduOlQ8drAHYWb5Y5gU=":{"valueMac":{"type":"Buffer","data":"sWKm78BwK/T8xuliB8ZUG+bEPFsp5RhEAtCoI14/64Q="}},"7slP9MTptsIxUy5IFdlPqR6MtyBLUbBCQPztaqUlvyY=":{"valueMac":{"type":"Buffer","data":"B4v0fQEZZcFXDctoBm7NflRjo22KgRJ0YS9TZSEM3Ik="}},"73y+Ba0R85tBqInyLcRTyLUxPktqp7KtrZF+JzBECxw=":{"valueMac":{"type":"Buffer","data":"UjT0nQAXMSD6a25qfljOKw+8rEMt0c5h6TI1S/MRul8="}},"7+5Vam4k0zYMitbRhqTZvf5ljmPCu77cfaCp0KCY/0U=":{"valueMac":{"type":"Buffer","data":"iCvrbK/jgIpd5fMGKt91bWNwhgL6HOtnExNEGkNUjcg="}},"8GB5X/CgJwNwmo80Lbqyf96isglOrBoNBVLEgUKC6cg=":{"valueMac":{"type":"Buffer","data":"XWLOF232k56tj9LnIlsayU/Qz5q6sdtBxijeU/0IKTQ="}},"8IPb2M/dpJMZf4lTbS3M2nOjJeL7Mt6JWcxHAeAfDe0=":{"valueMac":{"type":"Buffer","data":"a26/SGXhn77YZ1sxv+rms5anzF225W9t8Jkjm14ZU2o="}},"8P0imAm9qy9eGuv90wtXNksYho/S9OTWHO7Bw5MjsQk=":{"valueMac":{"type":"Buffer","data":"p6Poxt8rHud/HQjkaTlITf/7cj3zJpGkNKHVbNfGfks="}},"8Tr303oBWfRQOeZXNE6zggnrW75LbJw8BSX+mqc5QRY=":{"valueMac":{"type":"Buffer","data":"SAutdvJoGHtzuLufEPmmW0R9kMA0fVe0qvU+tHEAJ9I="}},"8VOnvxI1b9W3Hf/snQjeWxAQuGA42cF+2oHCt3YlHfY=":{"valueMac":{"type":"Buffer","data":"jGVEPemGr4QjRbHtQFgjjTb8i0C+wso9r2Ejv661GVU="}},"8Zc495pzLDZMdKs9umic+7Z6XQE81Ev/JEhwOzRdg7U=":{"valueMac":{"type":"Buffer","data":"rLTMWPMDWIaKFOHS8k6pRRfaZoG7nro9OSpJU8/Zupg="}},"8d0l0XUpLwYPYLBvvutlYmEGEIAN9bn21NSIMR8PEA8=":{"valueMac":{"type":"Buffer","data":"3oSt8pkpOVeMNWhluGcIjtUU0scNNrVFSPIwHxO/wAE="}},"8jn1vjE1SXnnDm060AXDO8I+2csj435jZuhVDP1/0sE=":{"valueMac":{"type":"Buffer","data":"kNQHJHQ7Jp9DpzykpWq9h10u3s1R0eO5M6bBX0y1YOU="}},"8s05O2P80rJfY8oC1p5l6GdTbz4CUEzhFm7NTsSBlkk=":{"valueMac":{"type":"Buffer","data":"l911EglgYBXHIq5AY+6zbJN7bUZY4XrfxnsuFoE+qiI="}},"8uzrSBLPzhhdo1CwRLeXkgI5Rim9l/8VL56CYur+E5o=":{"valueMac":{"type":"Buffer","data":"f0WEuRHchdK4wS5CJVKTEDGfbxIbkXa0RDwD0cRTgGU="}},"9CJc7APjUE7CKCd09zMn++Ss75KnH8/gaPDARwsXyKY=":{"valueMac":{"type":"Buffer","data":"hvgfYa794bOrkGDdVaiL+zxsINcNaqOJoOshAhQ/U50="}},"9RXnnD2wz8GWh1zh3QSlbycNG2gWyVsf8hj/OchJvCU=":{"valueMac":{"type":"Buffer","data":"4g7ZU8ZN6DfkKku1LQ9Khoc2PwbHGsR73Zom3PW9tmQ="}},"9cCkE7PPlsRPTQ1qfZpoa7XWhXB1xda+T6mkp3YjW0c=":{"valueMac":{"type":"Buffer","data":"QneIESwrDziWEIMUptyzCGu8DzjR1+8h0r7HOnlC7cY="}},"9eDB3LWNWdJr5nH2jIs5LKXyMKs1qkEopNjO8f+wS/Y=":{"valueMac":{"type":"Buffer","data":"WiWqTKk5B5zf8kuXCaVrGr6PZ0RYuX7nIeR9uZMEuGM="}},"9hLUXuT2aygAMJcu+DTXBa3DhDq37HyV7PgqofUzR8k=":{"valueMac":{"type":"Buffer","data":"GA3fGthMklG/ddneppbMY2yBZAXHwv6O9TW6j6nKStc="}},"9hbCSqUSXLyBPUNIHvSJZEgQZubE9OxRDGV0KBS4d7s=":{"valueMac":{"type":"Buffer","data":"OEeT53BoK5AXm6HN+8TPL2YrYpj4csRATbecZX58Q4k="}},"9jeCKmWje6/+Y1aeHW4dFl6FDwlpj3CEmuujQ9xkMQA=":{"valueMac":{"type":"Buffer","data":"W4hGJJkKOeAI8l8/eNHV8CgZHBnkEQuUQyo35C3Lq7o="}},"9xD4eW9kuuj+1CM1/cnDaFzpHCgc4CyQ+my/jKezTZw=":{"valueMac":{"type":"Buffer","data":"sbZ08yJLdBCcLrd6YTc1EXT6Lenoi3BNaBrOrj52uYs="}},"9xHLoQf23G4iavU+GvzFH8Tg2+2FwY+vMvH98bNAK/s=":{"valueMac":{"type":"Buffer","data":"JGhugKSHoRQe2WzSq/58WoLUrHlK1UrpQcQPu+5sGys="}},"96EL6AtTgMrjwtxJT0b6Edivt+UhZskVnsKE3NHUsJY=":{"valueMac":{"type":"Buffer","data":"8SjA5yR3oXSo8VwM7DOljfaAuW43n6y3nQLnQwr1RHs="}},"96ESyEQ9N+BmXOqjEfUHG3WrajetGpZbNgZG7xjMN3w=":{"valueMac":{"type":"Buffer","data":"JX61VkjXuUUAY7aRT/CFONg5vAu4Kz/gqdTI66Jghms="}},"99H1Tj4jdEck2rIuv00FgEbziK9psk1yPES0/znJrLQ=":{"valueMac":{"type":"Buffer","data":"6QVjl+CvExyyQ4yQP8cc8wDAPtoJ9afDh69+qsq+0UE="}},"+GWvG462J+vt40w0IaI7rQdxeCfxKP6n5pWeOTwIC0M=":{"valueMac":{"type":"Buffer","data":"GVAP+J5z+Q8xxyMhERO7ikONBDGhp0BwJwjrSL2/9cM="}},"+HqSewgBN3ABdYqqFfDXBLIcXgOJEpnBpYMW4aRCKRo=":{"valueMac":{"type":"Buffer","data":"FZfSBIYuZxCjiQd32P29P2mYHtXuAab7dwdOZzPYZs0="}},"+P1yxS5g3pqRHfwfG2B4egwY9LlnkAmNHmGQEv2JZBg=":{"valueMac":{"type":"Buffer","data":"E7EOk61JuswEZh8jzevFqQkmzzfKgxxJ6kQ4DUMCz9o="}},"+UHbz3S8Shba4p9M9m7lHByfAIiNjrFwe3AZWLU7i4s=":{"valueMac":{"type":"Buffer","data":"ikdmSo0V3li6bwkhL5IA01+BHwNSNpKZP3NhlnBMxfI="}},"+m6Moh2uzQxmI9uCDUWW0JDRZ9dUnS8OxUiNUpwTSWg=":{"valueMac":{"type":"Buffer","data":"Nijgh7czirkkUz8mq95Ya42ORWH83zVdg1/tCkdd9v4="}},"+8NQK6+B6fU/1fMgt60b3hAr0S6ypUXrEOY7ZkHw3RM=":{"valueMac":{"type":"Buffer","data":"9mikh/z0z77IOdDeGZcOtDCznTVgpM6guKRPmGp3nNA="}},"+8s5sy6CRdgqh/L3W1loXhs+q9efXZDe3yO0TTu7C+8=":{"valueMac":{"type":"Buffer","data":"grGYu6pA/o3x8s/XqFHqaWxCcjEJ3ivvSGYG1vhcHUE="}},"+9c/ChYloPg5YE/y8iVMqVz7iIlSwsl2uRkt21BGpus=":{"valueMac":{"type":"Buffer","data":"LvCNZX7x1AKnwX333/lkFsEDkKT146/OO+sNsAlyx6s="}},"/DTsVtOEqLM7POf7UXtomLtAOYJaEofjKg1ZKI+Vz2w=":{"valueMac":{"type":"Buffer","data":"U+xjYEX9vRCnaqQGfKngcPRtdsnNNzhEq7BWglXRPqA="}},"/RuXAB70OGzywAgjSaOaV9/wxyp4OlL4TAN/5TkCOV0=":{"valueMac":{"type":"Buffer","data":"QHftm8m3Z3hp/rzEeAZCZU8zChhxziwjb7L1iqvFGBw="}},"/Yh5oLrAFuPMYn60MufYyB5Ykb9EDW4ucb43Tbh0/w8=":{"valueMac":{"type":"Buffer","data":"/wc0OL8dNQK1w4ny9N5BLGqYPPWI6IhI25OUHTx6Pas="}},"/olONO73Q9uJTZZBIslnm5nUn67VioXrCH8YU5xu6pk=":{"valueMac":{"type":"Buffer","data":"ATNk2AJ5aM7Da3fOgJkYMjbjqPvCO5/LEyh/7XCVVyE="}},"/2sBZnRudwPlLxBH3Pd8jUP+bXWKUF+6QqUAdjm1hNY=":{"valueMac":{"type":"Buffer","data":"xFNKPEk1s76hNhACVcJeSFsAAL9udg3S7w77QRh2TAw="}}}}