{"version":144,"hash":{"type":"Buffer","data":"luyWXONotrV9UBBQF5LoBDcTLS8P5pPt1POYyotgPRx0XXrUqDu2aBKTFA8kGQc9CDblOx9MaMfwBclth1DlCqu3+xFBIJqubhAUbHOVLKHq7piDQOqpf7ijrygTLd9T/Gjtj9B6M9dGGCwMRkDY6z6tZqD3gFJIF8vGD9nn14c="},"indexValueMap":{"ACRpJkv8XLl/6xA25/HRK6LBy9Ek59D04LwLuHgiiFg=":{"valueMac":{"type":"Buffer","data":"FPfPLNINWw0FHahW5pBEqFmwGa2Kr01YAt5YgC6RumI="}},"AEUWqKh3tBO8hhKGpdprZOY7aAPRcyEwU4sEp2sFNpo=":{"valueMac":{"type":"Buffer","data":"QsOBtihWRCKqIyIqONaibIp25y3tMyzSUO4tTgu5zPw="}},"AG3WtYRpKgYtciP2pTz4FplCfkeD5L4TBW75JNiF154=":{"valueMac":{"type":"Buffer","data":"d9d8hClW1HvnzxwFsXzS20dGVjRDG+sXngXrgcFq7e0="}},"AX2LX0ikMcLJd7n0HdA+Et3f4/PVOk2EqH9+L0reOUY=":{"valueMac":{"type":"Buffer","data":"Eq8BMeX2mhOI+RBnJcbS59Md7rJvuirGQ3wxIJef2B0="}},"AcV4jxECRopJhC6Urscybp3r3vStb9o6OfaEvZ/2vBE=":{"valueMac":{"type":"Buffer","data":"+ivrByXXJTx3Zsn80JxO6k9cQFp+Delvfw+7B7RCskI="}},"AdMeMLM+Y0iNH1SffNqoUAR2sj173re+2hLooXmLFC8=":{"valueMac":{"type":"Buffer","data":"63kmTFMSESR0EUyjzNTLTc5lJqFhBgpTR9nqhcDUBOU="}},"AzsJHnsHf32Cnwu/Q/nrdYOX35P4p+n+E36mlDLqaHo=":{"valueMac":{"type":"Buffer","data":"TTVyZRoZl0dxIg++AZm2L2zBYMK3B6V6+1xXEVVkHFA="}},"A/UnsA7B2JslRIlnq6jxjahEpAy0QQHPm4xRzCkk2eA=":{"valueMac":{"type":"Buffer","data":"fmb9Zd0Un44roSr5OFvuLFkEqvVDP81rvgkif5WQFnY="}},"BGPUKjV874XICnAsajApgZS8NjXPlkrqP8UrfRcXbJg=":{"valueMac":{"type":"Buffer","data":"cMPh2vZQqP+OCJcCS5Xw4m6RBu6cnz3h1ScnyGolUAA="}},"BKMieI2UhV4d4XdusKsUjrLAbpW/PAIeCHdLDHUFefo=":{"valueMac":{"type":"Buffer","data":"5s5wjHgwjcBalu5/60xoTsTwe7Y+udKMw1pI51xYX/U="}},"BSEZ4xlm7i2TsmSpu6Zdrlooet/UN9+worXuogLROcY=":{"valueMac":{"type":"Buffer","data":"hdraGyFTAWIkrePOouajCvrUKzbBfO2i89Z0rVfi1io="}},"Bowt1qXuLVHAogE4GHwfJfDHhDX4s5VLj0K4UQBHfeQ=":{"valueMac":{"type":"Buffer","data":"7TeVaFoqtlC+vpHIBai8kIzWZRPW84bLbm9WavB2Y2g="}},"Bs2/bAXe1r9gZMmNmYRK5QssZPFQEQY+ynMFC3MXd8A=":{"valueMac":{"type":"Buffer","data":"TVpuVSxyyblt92PNUr01bnLX7Bv5TjboOLylLC8mTzE="}},"CECaapdY8OziNxfrYpaUXbuHgk3LsY+p+vT3OcvVbeA=":{"valueMac":{"type":"Buffer","data":"3l/lSr0mQk2R88SdVHr9KY3ZoULJjuwFURgkVF/gR7g="}},"C2saRZ0Jzy9Jm1ETRPd5c+OcGMsazSHxFEn3xQK+9Es=":{"valueMac":{"type":"Buffer","data":"T5n1wgAO8CrkYxs4Xcat38NuDhcY4qT+xzgNwcEys94="}},"C3js92Rnl5bArlK2x1Cd7dWFZLePPSjY6Wecv7YEFRg=":{"valueMac":{"type":"Buffer","data":"0g54+GNfyIiGHxK4Guon1/Ac0y+j3xIJSChZKlMX4t0="}},"C+jLkQdKmfqyGVpFX6amkjHx6C7q1IGBOvOAFwyOFkc=":{"valueMac":{"type":"Buffer","data":"6eg17Xgx6YpNblizB+0+Ia4hk9+h8sytIAfdrg6Ysa8="}},"DB56aOCdVVCT5bwdQbUfMHQXYrEwiCeaec++9T0XMnU=":{"valueMac":{"type":"Buffer","data":"lyqoYA8NKnW6LKiolYN1BFsXlAtmWBBckKuc6ytNBcM="}},"DH76yD3pLP2VyeYzt5+ziFpEIFZYSUF5WLQ8x6wLm7I=":{"valueMac":{"type":"Buffer","data":"kb+LaFs7/M/SPfQv2O+M02Mtt9vssu8ADVCTGA0q/kw="}},"DZ9757h4ThuZcHYi98PFMMkKM1Hgyr+iAzmWoCUIQYE=":{"valueMac":{"type":"Buffer","data":"6UiexzCXY1X2nB0ReSaOcK+8gCcdLrSZUfJ6M9Dujsk="}},"DeoEH/Iulltdhke/ilY8VbKkhH7PqJi7EywgHsIY05E=":{"valueMac":{"type":"Buffer","data":"obspi+3HNV+cdYvxcCukN7RdDALur/qscGSUxRHd07I="}},"Dkq3nfDi+5Z5ZAGMbm011AoF552cgKY22Hr9jRzEvzM=":{"valueMac":{"type":"Buffer","data":"dKb/rbLqNCZQZoipsmF8QjqV4SjbR14iM36epOOn7ss="}},"D09U2wjp0zPjZyI/1hEnIPURYdTIbXzvRJslNrJOcts=":{"valueMac":{"type":"Buffer","data":"Blh9pOXW8090QeT55IRf/5c1gwgEzTvoURNCtU2p9dU="}},"EFirmoto3PsjkbDDhFDR1CVKdLBmbycjs6sAOqWxLK4=":{"valueMac":{"type":"Buffer","data":"XnRpSE4dsekzoQOf7QYyMsyVuhpw5WgvFO8pyzxpaqE="}},"EH23q8yCdVreoV34qBaas3ChR9rAfT/tv/6+7qB5fk4=":{"valueMac":{"type":"Buffer","data":"Mj8ARTvJwhSHNVzu1+lZ0mTh2EHEOIys95bRBut2Bls="}},"Ea9WGZU1DF73FHvhzWDiztcYiEBBhCTDho7aTjFMSs4=":{"valueMac":{"type":"Buffer","data":"ifv30zZGvHP4Lzl6oecQRxcZrJ+fWeXExvhbZtFAo5k="}},"ElzO96MumYbDIvcGM6a/mP/R4znd2xO0M6C7+h/8HLc=":{"valueMac":{"type":"Buffer","data":"8QgRT/gFcpMIjmLT+ztf/5jlo6zvlJER7M100w3CZZs="}},"EnZpuXpfxmZ6t7J6+952Ip25jSOvRK69x/kylDQWrZ0=":{"valueMac":{"type":"Buffer","data":"EESMECcmmr7zTIbFe79TLVVkCtFrve7F91VvlfposSY="}},"EybgIEw+iw7XwwAoG5eDeraTLN7t/G6JzQiOUjBdJzI=":{"valueMac":{"type":"Buffer","data":"KWVwMXTiBLzGsedLP20fBpvtv8z8VM46a959z3Equ84="}},"E2mEavFHIOwJiQfTJBuOdZ9j+3sp+wqvM60NN087Ubc=":{"valueMac":{"type":"Buffer","data":"BsY7ZgafbYzwmQyCuPbrZxzSg21dDXxF2SdYzLunE9M="}},"E3N0sqbdHCmay1Fec+e2akxt+dXb1yW+Ua9V7jg5eR8=":{"valueMac":{"type":"Buffer","data":"7s5Illw7eBKnbOm9OpXhMVO8A6zrZRsWvxMnu3KOotQ="}},"E6CjYXX6/FWaJJgDzCncXEjrZXtGQ6mxw3hpm+02b9o=":{"valueMac":{"type":"Buffer","data":"o19kV/ALS4u4vqXT6xKWdx1p34Cdpq5mZmZKtCcbZ+k="}},"FKxUET1rSdPRHV5Z82X1Y/ZiwWRNR5mp2nKB4R5J56M=":{"valueMac":{"type":"Buffer","data":"YH3vKR2Ksu8OWuUtu+uXBGPsi+zvNM2I1/PCRrLQb6U="}},"F15OwbYjQHDDahNZhauwvw/oGJSbUsUB0dYR6DwiH90=":{"valueMac":{"type":"Buffer","data":"J7LCEDeFxnipXg0nwVAuld6gludCh/HhNHC1wxaF89Y="}},"F3K6pvdPG3lRMSQm33/hiNi5P6410TWjSt1VvgavIg4=":{"valueMac":{"type":"Buffer","data":"zou195iVyFJCbGRShyMswGqFuPoZRAL0GVRWqnR4d3s="}},"F3WeiNQzzNZs1QT6MS3sq10a7Q3aGcKYjyjaiD0dLyY=":{"valueMac":{"type":"Buffer","data":"4XsQepuIWTzhLUiGnWQgrSwKAOnkYveDQv29S+E7VZs="}},"GAjtfLrHisaogJ5Src4kvw3sh2Zjom9oh5Ec1vvJUBM=":{"valueMac":{"type":"Buffer","data":"ILxIgMgrca3BLRa0v27+iFDe+k/UO0zxT4Zw23WVdhw="}},"GEbWIQOHNRNDwBgbzvXkdU5TuN/Q2RkZfVxjz/3sYgQ=":{"valueMac":{"type":"Buffer","data":"L6f1E06XMjlqtn9idSW9j1g+Hq+zARP5KeHL4QcEc8I="}},"GLtk0z08bY/46bKT4S4gVyhYcJtiZlSsgJ7BV/A/8zo=":{"valueMac":{"type":"Buffer","data":"z9DvyW/WP6LMuGtBWdegSeeHxM44V70xMV7EQe55hyg="}},"GO0o7WIlqqMe1yHIMSJnz0tfWJPPyJsTwXLUJp9WxL8=":{"valueMac":{"type":"Buffer","data":"OoIJs1eYGtEjU+jeA/w95hIvO1ZvNJDhwY6czOfntEI="}},"GVVvKYXZkb9J+aHIqIcKEtrusJsYwk67FehVb834h0Y=":{"valueMac":{"type":"Buffer","data":"y8VwXYZwHs68Qx+13c5ntdm0zSusU3Zn1189dUjV5lQ="}},"Gsp02ku49LY5WPj2QzFVJEJzxT68gZHJQCetqA0KXwc=":{"valueMac":{"type":"Buffer","data":"zUxmm3fZiu/TvOnykQrAhP5oFcPyd1i+UMtnpGlQ2Fk="}},"Gvz9kQvFqL540Ghp5qbiWGzpxbLv3LchqlE29K98sb4=":{"valueMac":{"type":"Buffer","data":"7UJh4CYc1po76InAhO8agv99hcDuucmSXEZBmQQYjds="}},"G1qW6g/Ojltw6gNSYaw0vN2Mg353J2rm6Na3Qv2uqvY=":{"valueMac":{"type":"Buffer","data":"2TlCalWqVySSJeTsYrbRH2iQCvb4B5HwvMlbSn7MxH0="}},"G8jQmLKAGnPBM86z9NP3KDQY1sADGo0Lg4D1V1uX+VU=":{"valueMac":{"type":"Buffer","data":"QiLVJM0vTaZlo/+IOnqTy8aDp1L7ktz/zS9V3aM1H6Q="}},"G9h2qo7DkApI85adT2jrEvhGRke+3FRo8kyQXap/JgA=":{"valueMac":{"type":"Buffer","data":"oaRpdW3GE+Gnrjt8URCqZWwMujp1FD5TXBQSkojkbhI="}},"Hmp0n/IOCcaPJJJeY+6d+tGMyKlwvX81PAgP/HRcxhs=":{"valueMac":{"type":"Buffer","data":"hDY9DYaUBdDfCz1yalwZtjqo1MdDKRx665KNoOwX9T8="}},"H6wzc7euYtaBJejkQb0wtdOBVFKAW7YWThUTX76QAuI=":{"valueMac":{"type":"Buffer","data":"j/YNWUNjAMwwwWpnR9S8d7hhedc4bAfL2YpbowH+TZA="}},"IBKRI50m5pZA4mtWjhKrLcSFfHwQ89dSUkXOxQBfU14=":{"valueMac":{"type":"Buffer","data":"/rlhLdMag/WQSnvlE8tJ7YEyKmwwxCNXiUnzu42yUxs="}},"IESdgPge5yz/99uDPm/7FbhgJRQlqgDBhOC27SbEd7s=":{"valueMac":{"type":"Buffer","data":"t+dfZs3TpKQbZ3ebaeEUunnWbGMmWYtgvXHGPmXIZKs="}},"IE+kVK4JwTLnaaGXjPmdxULUfcAkvJv0sYuRU5m9Gr0=":{"valueMac":{"type":"Buffer","data":"uwKjVitU1iGp+nqB9mrPbEDaG6uNOcXzF6odrwb+gok="}},"ILVsTadPBb7z/CdXLp8xtCAj/sZexmAzhyur0YTDi4M=":{"valueMac":{"type":"Buffer","data":"WC1CAno59LcZpSVQC7TAw0cLqtSh5f09C8McvrFpw5w="}},"IjDQjjc+Tl8MaVbRJtd8d5GJWOu69NeDH19Mo2m9yGw=":{"valueMac":{"type":"Buffer","data":"B2CLYyYOrue4/6i7enjvTDsxNVYgyuEXtx90hiHr3iY="}},"InMHFGEINPIce433pD2sFi9UXayfhYDlslmVlP4OL4w=":{"valueMac":{"type":"Buffer","data":"UIrsRAJq6CmMk0TdbHZwUJOvKSWXRE3nKdjiXO/Mqrk="}},"Iq6C44al8k6/AbsTlzjXaF5exMkyQz8+pJN8C20Z7l0=":{"valueMac":{"type":"Buffer","data":"NemJ+nGIcpTM6WWq3u7QC64b8hZA87Ra9AS5LaQzKz0="}},"IsX4r7Jb/7uo0VfAbGnEmbNeIcZLpq1mEczyg2AWeX8=":{"valueMac":{"type":"Buffer","data":"SCNRW6MLhlu/MChs9ArPWO4ccxspBXF40pVg8oOMqd4="}},"IsaEqxt+JpOYqIvRiVCscXJP1au7tCSkrvYeJM36KEw=":{"valueMac":{"type":"Buffer","data":"TjznmoDjksupnz/6zbv89KrFFZFcPGAwdBocohsK/nQ="}},"IuqKaJrmFGHOwEHQaQjvhAf6HdtpTNhOsBSXtXyHvSE=":{"valueMac":{"type":"Buffer","data":"rXsTyg0gyhwsASR2av0fjUo7/ZyqHh2ZSq8CjIfBJME="}},"JC76XH9pqWC7TJ02mjGHsd3OHckXxSwyTmI6bQMnEOY=":{"valueMac":{"type":"Buffer","data":"BMX8amydSdd2y7wfCXnIlQJKeCCCPahjnCNrOB1qWWM="}},"JI4LUVr59c12R8w0OuvnKhlyuOxqpiXc5G81eM3wXng=":{"valueMac":{"type":"Buffer","data":"pvtfdgQZ4OPmVQgYaQBT31Zutvsj85gjRfke+PA5f0o="}},"JOITU542qspLeCW4dD4xOyIZ3+r7BjiHcHamR25y5vw=":{"valueMac":{"type":"Buffer","data":"ovgeQTN9qfci/OtgSyGYlyYsaxPbeOaZ+EDdgaBfvbs="}},"JuepiYAs4McNBFVjpl6LCuXQfjgk6PPw6jAhkd60Qek=":{"valueMac":{"type":"Buffer","data":"y3JzqeRNpPBTmw1LWEvz7Ks/v3DSXuAIc3rWgr/XdFw="}},"J1BTkJZ5trfm9r4OlcPmd9yxqQgneJY7gatEmYuBNNw=":{"valueMac":{"type":"Buffer","data":"Qp4PqAS9zO6Qg8sxPs4fe2NatnMAYtOmaM0XHNV07vQ="}},"J1siEqlvJLpkICgpV2qzO8RGBq0k3fvSbtMEZLZnCTA=":{"valueMac":{"type":"Buffer","data":"x1FFKa6UUnuBQkcaLfcyaDkz+1S+iSsky3qdsJcL62c="}},"J+I/4sEN9xDcJg9rFrehRDL6+ECvxZsV8rMG+GphGJA=":{"valueMac":{"type":"Buffer","data":"eq2OpHrh0q3BP0ave+cDyDsor0SDrf35pxlHnU1FWB0="}},"KNFNfDS95TnA8Nr+FeXKyLkauUBlWDqOnUo8S6Ig3pk=":{"valueMac":{"type":"Buffer","data":"7JRzyDJRHolvNlpULFQotIbczm4FZo/MAs8etbcri5Q="}},"KPRLaBRVOoEqnFktjSKxrLGoayWYcZEvNJ7q13XusFo=":{"valueMac":{"type":"Buffer","data":"gLask1CX3C5D/7q84CYdP2K9te0hlvfuQ3XNtdYQVSE="}},"KrHqjXDaARkzFuOgBVcWgXuNT8htBU5f2NWVsG5PHqk=":{"valueMac":{"type":"Buffer","data":"WQu+eTNqpYc2Ct0EZNZ/g0uCXgq3+632Uo7El+3+M18="}},"LBiyCa/r3lwusuvZmUBz/WxtCRWeAW6fegOTbI9oTTw=":{"valueMac":{"type":"Buffer","data":"/bOv2vmpaSY1Z/TXNegqjDkBSykpwzV6Yx7uzEmm3zw="}},"LFPkuCp/4PO06Ec3xpAZHzWH/+4GoaripfZBRK4cAJo=":{"valueMac":{"type":"Buffer","data":"1BBdk2dz25QdI+xRdiP3RFh1u24rNXJ2CZN5cL6UnEI="}},"LICCSgzKBQzGXdzsl7iYGtD2LadppNoLnHb461e8FKg=":{"valueMac":{"type":"Buffer","data":"kFaNkXtKxspUzQyRMNhZKfVxiLdgdXWtyvjegAFtzrU="}},"LMpjBBfAxV6zPj/kGhyriU1myli8Cl6VHnpdHm4q/fY=":{"valueMac":{"type":"Buffer","data":"bc3Pf1VLov4YLFTKGAPGyRcV0IvBKhQ84bQMzDvrP84="}},"LOVcsGjBk0mlnDteUO3Y3vjCRorngcKDBpe9iqk/Loc=":{"valueMac":{"type":"Buffer","data":"mXfxPkAYZmUaN3vxtBfkkO4dmGKXn6vUmmDPACc7NfY="}},"LRZmhG6VtIRbYrMtwbfw+fdlArz5iX09pEUgRFdb7bI=":{"valueMac":{"type":"Buffer","data":"X/UIQFhkA6brDInsSv1R1bcULMYYBnXi+kpb5frTUD4="}},"LpsIfan3n640EIMFgvp1k8SkKsK0pBp/7HAAzuPpQ3Q=":{"valueMac":{"type":"Buffer","data":"JHInUJtmF8YNELtQu29aWR7yZfhPnOMVgV30YKHHtuE="}},"LvouzSaf9YAU9nOlY9SaiZyhnJWkJVRv6kBGGahzpu4=":{"valueMac":{"type":"Buffer","data":"AdAiGJAeqOFKcXsR+p22bclaDKHEbbi1UVSjPZJ11tY="}},"Lvp0ZE+q1wXZpU7WxMAHGjxkrJh8PjgNH7LSAIrR3XE=":{"valueMac":{"type":"Buffer","data":"wbxxtdvN8WCAfd5O6lrIw9F2co6S4uRqdiO09ULzcCE="}},"L4YBw/dpk5A7WX1bLvjyl3chLB9apesoKzmbb433Loo=":{"valueMac":{"type":"Buffer","data":"rxUqsYe/LW1ltrQ/DX6yJDAue11wpKxPzGgA2m9rC54="}},"MAcE7cjwS6RyDkStM+jEBYzoo6EheRwM0iJA1hXO8SQ=":{"valueMac":{"type":"Buffer","data":"MyHjPcS7cxLC7HdWnp8ApuCsCK3YM6chiGcoZlrtr0M="}},"Mck8kixmXn+MUk3aT3lqzV0RinJjYod/Ra+l5uKhquY=":{"valueMac":{"type":"Buffer","data":"pJR3cBBDUkhgueiCfF/q81kmVLDY33B/8mzoTXhZIzU="}},"Mus+f55gKz57qixCmlEqTZpZ8SupVBlftcTilDngZ8Y=":{"valueMac":{"type":"Buffer","data":"AfOgIX1hKZqtC1TqFqz3pKFs4vLeGrGsOKTTyjqPZJU="}},"M79/bzYw8r4MoAGcwIh7/yEZYCPPYnrJDaodypSxu2g=":{"valueMac":{"type":"Buffer","data":"hYV0F1K9W60jJUMpI0ehyA95ppQDIg+S/Zq4C//VE9M="}},"NoBiwQNO4cam91m1lm3HzrINCSOwmIDItFjoIjleqCg=":{"valueMac":{"type":"Buffer","data":"jwufF2Uvl6a/MK+uv3zhQRhYNU9XY/aFcA6+roQQnnY="}},"Nr5sQDJC6JO4TdJFmq+5kEtsgkiXz78lVFBlBAOegA8=":{"valueMac":{"type":"Buffer","data":"e/QDXBb/tsAcEH8FKgD1eJblX01QERK0B7DUJZabdvw="}},"OBkH+X4Bt9f+FpxHo/YSZ/S9n+hdYs8LoVuLX5pKkRg=":{"valueMac":{"type":"Buffer","data":"DvRbCwOHUjq2Co4CDod4HMy04qhxbRJK0gwWCFImUnk="}},"OJkUqL5Q+2qdSfFOmzNqnXT+MfirXHAsne+fz1OBo6M=":{"valueMac":{"type":"Buffer","data":"MsQTjTZ/HeRVOgHOMq42vl/Bbyyo4bKP1XlLIi2Jm1c="}},"OKbg1WVW7PoW96C17tW9v2o8Bc+m12b7nWoxAYez4Sk=":{"valueMac":{"type":"Buffer","data":"CTLimmW9Ikeir9E2NMULCBrO10cPs0IXP6baXbNK4P0="}},"OgMf5rYEF+2rZfHabN9hGOAijdOLXa04T/bkRcAxnxw=":{"valueMac":{"type":"Buffer","data":"aq771FqrAur3AKAIOL3WnzEQC1+8TPokq9v4dQgpB2U="}},"Ou5YzkievIMIdzTO4ZBOCQDxydrCmpTon17908mycaQ=":{"valueMac":{"type":"Buffer","data":"fIuelTE7uOYhUS3jiCbsgqtSlm46ECHrPyDrH5IHqrg="}},"Oye31wV1UwJ83rJ5SgJDnck5BLR8g3xqNMjsDuSG3yg=":{"valueMac":{"type":"Buffer","data":"SeISY0ET/eaRHkqN4NjcNMomww4TZu+1LQikBm89L3c="}},"O0MZxfTs314u2uS1uC0u2Dge48MqG4ck0xGHLacJHRQ=":{"valueMac":{"type":"Buffer","data":"kSmO5KJndnkUPQkIANP4itOhmmsVYq9cM+qKFspwPVo="}},"PD6K0luqv5j7Bf88O5cmPx40woNlhrufRh4vqNMa6zA=":{"valueMac":{"type":"Buffer","data":"FlI2aRzNtf9tGtgrzFmFsmPbBl6Ps5NNXzDTEGRxenw="}},"PFee7BBtJm7sbZwwKylEcu6BYMWEZmntN3avzxj1wtU=":{"valueMac":{"type":"Buffer","data":"5lSa04DRyR3jppTeKrO6Ww9vwHdfyempWDLZpnFOC8I="}},"P5FxyUMDc8n4W9BcXBLt2M9YX4DNlHurHPKIhd8cdCs=":{"valueMac":{"type":"Buffer","data":"V3t8gAUxn/09OGrmVUrBR2D1kY+1hUngS9fN1UWl6s8="}},"P/Vzbro25YyquujuUAVkeSS9zE2EgLYeQzvTYXXcVuQ=":{"valueMac":{"type":"Buffer","data":"nDOcSHdcC6a6ANVyI++BxvMHv8eKnGm86NhnrScjgV4="}},"QDP+dDUS+rxpXfWuV213Xhde8/0dvD9FcNVAolqmJ7M=":{"valueMac":{"type":"Buffer","data":"jsUARDYd64pgrsrdqu1GolUP/buPJ/Q05e9EERqREb0="}},"QKVQ0ljGPYFpI2aygRIaT8uu+n3CNpF1gX9M24XEyYc=":{"valueMac":{"type":"Buffer","data":"W8c7ixTd8Y/vLA+euS4dY+zkY147Kaj4WNSD0WNYXLk="}},"QK1TbpSFD7neheVB0gv4YvoCZpX/bOAqgC0TOuz5T5k=":{"valueMac":{"type":"Buffer","data":"PK14Ie93NapNVoSBw6qNYrVJg+hTot/3DaG+wdunBR0="}},"QduDdongd4Q7P73Vkshc0NgG894lhG1EqU1xeZrsrKg=":{"valueMac":{"type":"Buffer","data":"wQlV0CW6pmoXaqBMANHTUkne2DBOYPnutR2VpaYZ2JI="}},"Qhu855Yv9dk2lOFYca19+xUMojISeFPCvWXQnUItBxA=":{"valueMac":{"type":"Buffer","data":"xflVo1f6WWQD3rcPB/ifxdPX/YBGF1O9TV7J0XLsEZY="}},"Qv/F0MAEfVjt/n2tqsg5+izbGzRAr9G+j1q9wshSDbo=":{"valueMac":{"type":"Buffer","data":"vSGNXmb3cdCGaHEMWbB6st6uhf36PV9YqPt4iDxlI3Q="}},"QwtyBB0NDhf96CJCjVaq7kKdj15mwXZ1XcQqT9p8q/s=":{"valueMac":{"type":"Buffer","data":"/xZURJ7xEsoMkq1+lyynROMkXifsaHKioQ4oHjyotdE="}},"Q9ltLU0hCW9n4/Rn1HCc1tmjQWffnJm6ZpJ7vBtLf0k=":{"valueMac":{"type":"Buffer","data":"GUdrDEOQK5HVvhz2tyF/kYQes7pny2aAwQnjrSsQqMs="}},"RDoVVa3i4Taz7Lan4eyJnvXa1yElBNtG7B1Gg50N6I8=":{"valueMac":{"type":"Buffer","data":"+u87dcpaBXGl6jKwj420yn85yUMW3wVNtpsNRai0rnc="}},"RRQf92v9Y38Huc1XIIktU5aUtCSpgtnCQthZFpr3IfI=":{"valueMac":{"type":"Buffer","data":"E0Ij8K19hAPrnuktqu46d6ovrEnNNVd/goIwNDdHKOA="}},"RSNmL8jO9rs/pUh4J5rt4Wv3/Wo5AJ6HxrCtE7iTAkc=":{"valueMac":{"type":"Buffer","data":"HwDwOP0Rby1NaiWLKyX+whCSiUI1Mn+wl2xcZRX4KHQ="}},"Rcad2V/WYVMseK7CXFzXBMWtLnqoA/xO9wwzjqkjE1U=":{"valueMac":{"type":"Buffer","data":"DMr50qY8LYEvA+OlM/wxR88QtwI22XrA1jWfX1AJPIQ="}},"RuUoVwyO2h2eTK7+Xf2hE/0uud2qC9DCyaowj2hDZV8=":{"valueMac":{"type":"Buffer","data":"3dcN/an666vYGaXn0Y+kDj/8f38tUrihhZ90hwfVSfM="}},"R5UhNK+ws594f55EM0dDERB2jgbIKSRkxvSgUdXrdC0=":{"valueMac":{"type":"Buffer","data":"7zsiljD46GetrtLJzjccCJO9gcLPN8fjfVWoIlIM4x4="}},"R9GyiiPEuTdSAjtarPixTm7ukxw86YrUbB+tFRf8RBM=":{"valueMac":{"type":"Buffer","data":"FaNBumP/YlU104u2gPQ168gekTTArbqX/kvDz25cV/g="}},"SFJLHP3bCoN+7uM65emIdZfiZbknTPM9Js4V0O9kS0s=":{"valueMac":{"type":"Buffer","data":"iim1v0qaFwWPuNm0aYz8WdGLilpzcw/ec+KxmHpu5n0="}},"SF/6jBmlhtWG5EowNPqwEMZmNGD8sjjQjnG2Zq5FLQ8=":{"valueMac":{"type":"Buffer","data":"QJrg3JG9wGnV1rIHkgj2m+My43VX9hhbusyabtZsQBs="}},"SVACTkraYAttFQM7jtvN++Em+CYxmzQYj1L0HhrT4IE=":{"valueMac":{"type":"Buffer","data":"dgO4MjAGpNYpDY4WRmG2Vs0p2XnOwpHyI4wPgPf/GXM="}},"ScYhg/AqTbjZIQR+Cxfyv+WLVTk+SLy6iqbhhduMHXk=":{"valueMac":{"type":"Buffer","data":"0dGAdK2qzA56masS3F64Y4fecbkPmUMx2AdDCY07jzc="}},"ScwyxaZI+tNtOMndUgvsUjkr+JKeIhThGcgkaY51xqU=":{"valueMac":{"type":"Buffer","data":"UeP82MGpBXth/cShwYIHFsUqCjqmll4YMy1aQ9u9WKU="}},"SdGIAOfdKogVHYTYzU/FLN153X8UNLPGLektZWu+uzI=":{"valueMac":{"type":"Buffer","data":"9exEbw24gWkUNI4sOovoDNqRbJg3hYfenjiVT0QdMnc="}},"Si1jGeCJJ2DWId/vlANPjQgMuR0kshNjZsZZCuFLP70=":{"valueMac":{"type":"Buffer","data":"pLW0EZvHA9PqkcsQlpjaRgAa1aRVF6A8VUjSIVlFXL4="}},"SjwhEwTau+fDfw0VFOkhMtMLSjK+oTMpH5d/VAI8Tno=":{"valueMac":{"type":"Buffer","data":"LbZRLOK7KiXpCxzIC136GbBQthTAFxAhik+XNIeb6P8="}},"SnOsuqaJesLwG6bdyjP962xbTq5QtruSpj6rSmOkgvk=":{"valueMac":{"type":"Buffer","data":"RjhuuDWOaQqvjxoTwpK4MD5ib1WreSyES/IgxLWbGgU="}},"StVTys7R1RXuZnddg/5IrFmK2RQ5E45rrIOXet+0dew=":{"valueMac":{"type":"Buffer","data":"1UEw+3nYroyqSuGqhU2M/uyTiOaZdkfSnVGE5TxjkJc="}},"S9hk5aHPXbn4GY8/Ir4Cyx2XLHsL/NawoZ0/s5sLiVA=":{"valueMac":{"type":"Buffer","data":"ixvuFYCJMV/e/VZR4zO1TyORnBR3/ljXuFQp/MqvZ7A="}},"S/EroZoPlJb0YhXbAc09OdB23fn4XnZKN9xh6y55cIk=":{"valueMac":{"type":"Buffer","data":"gNcseHHrgZrk11SomyGGRoPc9lhbKI6DET49X+LQ948="}},"TCzSxX0ESNc0qjzRzFbD2Tkoith5SDdYiK/WYmAvND0=":{"valueMac":{"type":"Buffer","data":"OI8NF0QfG5Ec9JKBy/ctGlmnoQdGP+G1OB7l/COwESc="}},"TECdgFlRy2/WRAmNlcEW1Yf9YK50lRlT9pLMzjSKde8=":{"valueMac":{"type":"Buffer","data":"20dr7wn3Qck7E4cZFRUK4htam9t6qb4S2aq4PEIgi4I="}},"TW24mHdoPgQK7ZTi3RDTLcG+WoilDAcpeSwQQXtVRGk=":{"valueMac":{"type":"Buffer","data":"OMY1K8u7DEsj/JLXK/hfeOJNNFBURjKB9L2GYupesug="}},"TbmAFGaLVT282uNzaQtIpF+0r660xeBoJy0VBFPXFDs=":{"valueMac":{"type":"Buffer","data":"CDD1bNh8tBU/0qZpnLqWVCHMEBmXdt2I7UjJbdl9g5M="}},"Ti1lttj8JDF30Yoeha/6ISeDpY+d9UlzF+80/96fzvc=":{"valueMac":{"type":"Buffer","data":"6AsXEfxzNRKyJrAJdHewvmhd4n9vESxLvdHMbiDS+I8="}},"TlXbqRvvc8webPtHaK3LZde3CyNGywuCDLqyRVd6nUY=":{"valueMac":{"type":"Buffer","data":"ERg7djKxB/qNMRdNyATe3xDDv79N8Yf64PZPr19uIT0="}},"TmJx59TWJgb3n8hhSOeXROXSBcKKcKOIz6q/40sdBVs=":{"valueMac":{"type":"Buffer","data":"ifAZWnoWmrXKguZ79jUus8v8PZvK5DX9lBf07QZD794="}},"UTD+gNCSDbp9QwJC0qGAFcip1UQ5K7LCrzglUR5DIlc=":{"valueMac":{"type":"Buffer","data":"jiAMaqAWhTLxv9PQEQihOVEbLnPiud3/KfQ++rVNBL8="}},"Ucc6w3XkMa05j6swOhtyXLMhg4H9vHAj5Stzm9kU94s=":{"valueMac":{"type":"Buffer","data":"JXZdKOuUJtEeNqGMaKp1Y4yTjmZoOW6tWeKnavZDEYg="}},"UkVuphdN0sTjYkmsL5ikHt015RAfrVI7Zdvet5lPhM0=":{"valueMac":{"type":"Buffer","data":"JgvlIgve4uqpvCosunBD763GWZIUg3JTKsRDzzYzu9w="}},"UqXBYGoJp++Q5RD3dHSQZm6WR7PAvJrGM33XhxEs+g0=":{"valueMac":{"type":"Buffer","data":"C1Dpl+M0rH4FJx/laZpYMExq3ucSjUckUCmDi2NCAn4="}},"Uqf3bei6/nuLZOkTSAM9tGy0zSm+tpnv50f+Ia3XILY=":{"valueMac":{"type":"Buffer","data":"u17+ik27cO43qZ3j5X+V63t84ewiw4Av3UfxFn9c3Ek="}},"Ut/bSGaxW8PBPN4FbDMXVUTZAObW4uA1wzDdr5d0z70=":{"valueMac":{"type":"Buffer","data":"iYVrFrJhXKOZWznWT4GrFfF63pvM6UG7PWb7jGWDltE="}},"Ux9C21tolCtwGSdiUyfDgJLk76r7pUXVSzzq5uvAOwU=":{"valueMac":{"type":"Buffer","data":"YKkc71F85RBCYXS8JBUt5+E2V4OCFrTl6QCcoRi+RUE="}},"VDUKB1Y+Z0bThM1AeBxkOZmwPyUPdMDwE6OoaHGfMTw=":{"valueMac":{"type":"Buffer","data":"Sn7gV6ghEEMPognC8smBMqb0VJscPTZFnTRJ48Vajgc="}},"VOWqYJqFqNMvHsZdKJxCmm2dmogAqkeQ6RGOWycIjKI=":{"valueMac":{"type":"Buffer","data":"KpG6r/XmBI7Myl2cQcX3GLMgoDnek8MhUXZRF9wJHE4="}},"VV+VaSw44DWW+cv86QSK0av0ilKgC03snnf4HD52nQ8=":{"valueMac":{"type":"Buffer","data":"qLX43M5H1I+JpDnmTc1UJwT4rDIDknqy7kTkgiF4f2w="}},"VXopRWnw83YKlcxzyRCJ7Tztk2AwKSTLfbr2bZIzByo=":{"valueMac":{"type":"Buffer","data":"10Av/e5OAtzEbAcZy2CEOb8xzVrxkv2fNaZBFA7BeE8="}},"VsQovBMJxhe4cKIyK1pLjsUO8FQ63jgwEIS16QSKUEA=":{"valueMac":{"type":"Buffer","data":"KWVimSS5Jym9fsN3WIgzV2Y3/YTKGRQw+5qHD8s5BiI="}},"VtqxRShCVB2Kx2VtIauoqWya9/ZAvoJ1DoMGW9tbZtk=":{"valueMac":{"type":"Buffer","data":"Bd5jUNedemnzN0WgZ5GAogEY0agL1nibWBnT/eKfdzg="}},"V0+IqPLboJCsZxRqyvVEaE16Z2OtL/YCIbWbn2s0VqY=":{"valueMac":{"type":"Buffer","data":"aRRXN4nUE+K+uo9Z0CNpxLBl+klRfgW9+KNdnlm8nc8="}},"WNd9WW5dgBFtv1FB05DOSHehiAmxcFauqG3r3B5npy4=":{"valueMac":{"type":"Buffer","data":"zigK/JWSv9iqCHOh6Hma6wpMTnwEIfPYSKGD9SOPS4U="}},"WmXb+2HeC27JOFQOnmFkS4AJwkB7sSjl1wJkwJB1/Jw=":{"valueMac":{"type":"Buffer","data":"OY09A2CxqZTbQ2Rxyl35eXiSRCvkV3JmjftVN4FJFIE="}},"Wv/jCDJPBnFejvNCWf/tofcv01zduWWp16+qiL3mJ8I=":{"valueMac":{"type":"Buffer","data":"PDjZrXnrwwII996h/j60b8S3/ICRg8MXVs/QUy2jim4="}},"XCY8k64Mdmu5Aww0bCLcir/4OHyWNLN9M6C911iu4Bc=":{"valueMac":{"type":"Buffer","data":"8qARsm1YQcrmI4N9gOeUBBO2KKwCndfMVYnjQnBbMaI="}},"XIhrAt3lmMm9XYOVhXeXJcbrF8Fphm2zCHS4crWRpNU=":{"valueMac":{"type":"Buffer","data":"KykEGyyF+1q+q33PPvP+5wsKvitRHUTaVY4TJZ1g7O0="}},"XPyndpgM1SK3qIJc8MTNdYN9vqWEQYFHn8wYWXfvoJI=":{"valueMac":{"type":"Buffer","data":"DktvjO5GN5SYGB+MUXwkz8O8q0OofMaB9I0GHyWmqrg="}},"XWqJYfD60FP84aIx0C42/wh61kM1zFbVWeYWdOsNils=":{"valueMac":{"type":"Buffer","data":"3oVUwLGBesPGCKE2y71NoZVx2vuV7Bzm8rQk13PxnWk="}},"Xg1a4T7o4YZIlzKigdydZoi8yUZpTqaK95FUTIqnrX8=":{"valueMac":{"type":"Buffer","data":"+har2OXzy8gowqMbhjDHjisTs3xL9so8LFSyDGFYLio="}},"XohqkKrNBL2NKPuAwH4RwoEWqFj7UdJvtNLJXUOnSqc=":{"valueMac":{"type":"Buffer","data":"oaRhWFZiBxfEELhHgoDq0k5RIgtWhf6iiOpmZRyj24k="}},"XpXkUWLFsNVWndZGnn3hZuc+8k5RwS8yeRzhaNwvtoo=":{"valueMac":{"type":"Buffer","data":"TXNXTbtPQcRsCbCQo40TwamTOGk3MBzKIIlB+z0CPMo="}},"X80tWGa2sPVfj+zzv0tmGrjhXsWscVXSaPZ0wfjh+V8=":{"valueMac":{"type":"Buffer","data":"lkYkNpyY9gr4nqkNiCD8o9gBiLJnCmyAkYW4AAxGk6I="}},"YFXT0t4bSuLuFx3qMFXqZ/1XKIl2QQvoCsmltncWaLc=":{"valueMac":{"type":"Buffer","data":"X6ueESs8pjsY+g8kWzraejs7ou9egC5IAsr/RYPuEX0="}},"YKhM/vqNX0w4MNi32hU2ogNCBEnEXMbIACmZI2LRAu4=":{"valueMac":{"type":"Buffer","data":"draKZW3Ih/xdfWuF4tCirWjEtbeXmKfhY1ZKMYNmBy8="}},"YxunzoKDJq0Ew46xGJo4xlM+mz/qQaZINsP/IkaMbts=":{"valueMac":{"type":"Buffer","data":"hNQDxSJCdkIMr5oZK8FJdLPg6y5tHtl+zMNXWsbiupA="}},"ZIjj+Tfz7ie3UCNQqPhkQctamefgWtGoT2KifgeuTWs=":{"valueMac":{"type":"Buffer","data":"+4Dol8BpCq6fM8YBmaxK+sTRsIzT1NXdAKB6DoaediM="}},"ZJGMSa8pNB+/VXaWE51WxsJoV9XVZSlCNYG1OmIfcXk=":{"valueMac":{"type":"Buffer","data":"6s4v/wGwBoluuFmpjUpaG7kxJpZkQtYTSANuVbkxrVc="}},"ZORcTtH2nkrnzovsrx2Z/iHkM0c+I/pRvhLhd034QDI=":{"valueMac":{"type":"Buffer","data":"yf7HKCnSW0PdZeWxKMMwoLQyb8WtYjYF55WBfkz7Ud0="}},"ZcK8DfoMdJsWqOpmblzpwCOVHBwhR+nFT3j6PmHBn60=":{"valueMac":{"type":"Buffer","data":"+Qw1jaSGPh1Dhiegtsu+XnqqC0QBsJYRKl0+5rbndeQ="}},"ZfE+ITYGkrD9v4OEK5HPm3SbaY6XCvhKOR4P2YoDEMI=":{"valueMac":{"type":"Buffer","data":"DSJAi8UOsteO+jSJpfmZdKJZPemhWF3SwK6K0+3TETM="}},"aNPZOPlEwDHc4gVNfqZp86UqoZDc/XqJPN+N8rCJZqM=":{"valueMac":{"type":"Buffer","data":"0Qgnxn0hwhCHCivk3D8pH/cu/4Ut4e/wIAj7TgliQSM="}},"aZsot8KyjlslQUX/XPhx4k/3jF2u+oaVwdsnCzfpUoQ=":{"valueMac":{"type":"Buffer","data":"VVfMb9V4X5bNM0VZJyZsre5wQMkBTG8h5uN5zkelgg0="}},"avieeozSG6siguZfXyn5AwSTP/C+/aTlY9/CLf2XdfI=":{"valueMac":{"type":"Buffer","data":"+5QZNGmQ3dreS/acCrZmdtLHXJK7RdqqNTcxM5uumAE="}},"a20q6i1Q5hfy1D7yT0gGbdhN5lA9irCYbeyTDHH1N+c=":{"valueMac":{"type":"Buffer","data":"eFWoQZ4qewcO0r2etXrK08ylGllV8ns0OTizFV1R1Vg="}},"a6KXqkxFyJHJ7BkG0N6gAcpt+o9wg8u13VYYyOJ3CFg=":{"valueMac":{"type":"Buffer","data":"n5DFC5UkfbiDkp+THurg1CFn7PpgClhUCdphli5MACA="}},"bC0/IxUGyn56o0NiW8v+Yh8KaSz6j/RVhpjSXoAEPY0=":{"valueMac":{"type":"Buffer","data":"0wXACwdtbA2ngGqYMnNT4ts6hG8IS86RECRyK6/8JVI="}},"bJ9rRxPsg6sPA0uqJybLEQ7oUWDtWK/fB7ESiBJOIRA=":{"valueMac":{"type":"Buffer","data":"NSDoQniE40AHO85mMxTqv4xBNyVVFBQmSK7hYvoEGRI="}},"bg2wC6urc3e+b+jEcXtL1d5fGQcWV1AKAmJoYynw+pY=":{"valueMac":{"type":"Buffer","data":"SIRdXZcbyUHfO3xaF1lh8BLgVN0J1ybAO7hqlTeXWsY="}},"b586DkVKNVtAkrP8gYrDzCsV43gCZzesO9siVHftm2s=":{"valueMac":{"type":"Buffer","data":"Qm6ePvfYVRZ3rqcII5w4L8qeIk8MLTdX7M3ur77ITG0="}},"b9lQJhDmTfky9U+6oUyq6pvhGnyiRj6CJqUBJ+ug52U=":{"valueMac":{"type":"Buffer","data":"mKyqxvHCVe41zQNmjPnghP6rU8oLJJJ6Uxy00vulZgs="}},"cC5LjZjXKZc+3/H6TRUodBD2feOaDwdTQ+1Ezl0JBiw=":{"valueMac":{"type":"Buffer","data":"4bDPGBF2yYnr/Ci6u1xgl/skH1l2j837GJ0CBuJB6QM="}},"cMdqrqvX6p2tMicsBeKmE+NEUQcvbmp+zzoqmr+RG2U=":{"valueMac":{"type":"Buffer","data":"uARmmvlGyuOKaEvZk14RWK7vVo+fgIE5+Gw35VH9NAk="}},"cQXjXJWNWXhQEz/JXHqu4IrimK8IazwwYx6+PdLiYWY=":{"valueMac":{"type":"Buffer","data":"D4dOmCOUlFtaqb/Nt1S1zyLTfBmYg33w+HaNFwHnpHI="}},"cR6UCk+6wP4ZZIYJT0Lnk5oabfHf0zOI/991mz60Jms=":{"valueMac":{"type":"Buffer","data":"ej9dK5XFDlblz9bhO2tFfISNsM5aes+UgG61o+x2al0="}},"csfQOqr0c7QyFu0KswEFSuQXHB00+e7I7rZNZ7f1bxI=":{"valueMac":{"type":"Buffer","data":"9yNXunVV0Hiy84HN1rx+SrNLtJ3LiaAMJQc9Zq4DjRw="}},"c2zAclgnuzpZwuyrBoZD+3+Y/MG1FDiygBhyJ99n+/s=":{"valueMac":{"type":"Buffer","data":"wsCWSK32VlOhjA23pcDotIUpFgZmluyEyQVH47KCfio="}},"dOAhyoj2ETP+/gxYmP24/J74VqqPihcH88FrSjdk3TA=":{"valueMac":{"type":"Buffer","data":"JfH3JnHj6ku9uQt0o8LZMM5mV4jTMQtrcjk/f3OtZLg="}},"dQCqpqTn8UmyGbhRq7DA0yqg+tY/xOSQkZQceVhY+Ek=":{"valueMac":{"type":"Buffer","data":"tURkGMs0QnEQnuKg9LdP4zCwCj7tFpO30VxhEBTWOI0="}},"dRs4bwBfCWVxZjpx7WIkfnb7TiL0GPjrQ3dILGlkG2s=":{"valueMac":{"type":"Buffer","data":"DZzeTmvJLaOlqW7yiGH0DaOIQONzFBqeLgpaJ/8r0M0="}},"dY9PAweOP/qAUKMYGsDPJAQHMrOwEc0qbjZxYDa1k5k=":{"valueMac":{"type":"Buffer","data":"L935Kwn4mY9ZZkLtyGQwB4Bg2ZWgW1x5LEVg6A9kRic="}},"drhV1BCRCL27Zk2RZmKUpI9Ag1GBbb/ncm75Ba97F9A=":{"valueMac":{"type":"Buffer","data":"0JPmneO3ylKwI7Y9JT8K/hofEuFOiQsmjvVLVFNPBqw="}},"dwfpdklHnkTiH+8VYzpj/SVRh5/qy2z0YPqBCnaM/yI=":{"valueMac":{"type":"Buffer","data":"oRgP9GQIJGYI6h3ksLLXS6j3DT3R//3W9NG6lWzdTeE="}},"dxZxATaC+OPCtu53tgRIQSt5QIrNgTWHHX/19Z+YL+c=":{"valueMac":{"type":"Buffer","data":"WRl0Ciyt2NtZBboIaZJ0cl3oaIllUFLRoSfqBdeCu/k="}},"dxkI5F9THaidfLc0wckGVOvAQfOUfNfdvKdCU8lvYIU=":{"valueMac":{"type":"Buffer","data":"tjDbrh6CU6326bTkeWePyDGd9swQhLogbhejZQDK9sw="}},"d4KXWxpBgxkobZ3LpN8VQRmO1FhEeaRrYffPfVYsRXM=":{"valueMac":{"type":"Buffer","data":"EYZuZCib0lHSYPz7EheCDmKa8HPRngpRrPIHqaDjZWY="}},"d46Hz5GfLOu8andUY1Uwg2d0FuM3t82For5elpUwFfk=":{"valueMac":{"type":"Buffer","data":"wvSI/EvR6pkH0E4z1eWdew4PSLv2OPGplMmpC/0jFUk="}},"d6kuwTnCtbQmRFC6Rt7oeKAhWLYyQEc+UA+QZnpHGEw=":{"valueMac":{"type":"Buffer","data":"U6NOtGR2Oop54UZe/7KhVUMw2LSgTBkwMK/v+GRpF1g="}},"d+wR7WeN+DIopjaaQ4QmUAvR3tkk71tq6knGixjSkt0=":{"valueMac":{"type":"Buffer","data":"yi0/+n3gq3TjOJBU5L6tDMXcfI1R2qNkSVsA6pt+6m8="}},"eq+JWRiOQRPbst12Y8HrT8a6Z5yQyqZkSvXAWWKfm8M=":{"valueMac":{"type":"Buffer","data":"Lyty8gcpCOzYtrSpvxAx5oC50rVNdjYumak2JTNy9SM="}},"etPUPY3CQpIEbw9JOPgdS1576m2JvnYTE4G4Jwr+xvc=":{"valueMac":{"type":"Buffer","data":"m8zyo1fkQm9JXEUsMTfidhhsZpjAvfT24O2FdtDP0Qc="}},"e12eyBykuWRe1zVuhvmgucge/COrtuIHhe2HIIZ3f44=":{"valueMac":{"type":"Buffer","data":"FErSH1PFswvB/fvxoZpNw90T/14JOYAgQKPJRz9m+U8="}},"e4C4Phw84c7jeI4u1eYcbB3wv5ZIZrvFkBdCAGrUhPE=":{"valueMac":{"type":"Buffer","data":"P98VOFnbFBzJqPQ/igpsoTzBZENguKM74JXdZnksdOc="}},"fE/Fhiywk2MAmfYXZbA1eV0qMQWzBqNvaxrt0Fiu2Co=":{"valueMac":{"type":"Buffer","data":"xTA2D2+EPAkOwURgd15jnZfJ0Y12uiH7fB+CxCJXNI0="}},"fNNBZ+GTCKTEzaPCK9SgUsqmo/iLubA6uCHHL/gsPw8=":{"valueMac":{"type":"Buffer","data":"xsUfDBUPwbJ3j9xaJv3nimFxBY36PKnIfb3qhY6ml6U="}},"fRAq8TsPgeNpIKO+djw6hENYw02jRTyoi3txkl6PaHo=":{"valueMac":{"type":"Buffer","data":"x7Q7YujbMhLvzieivILi98/bAOPZGGn6N13P828bdwE="}},"fTuWODjIhDTUEyuTmxPv+ob1keFfW4gtbrjERkHP0V0=":{"valueMac":{"type":"Buffer","data":"gtt3NKmBdVlzQVzcz7nWiKPPTh4p3K0LCYJUOimTKgU="}},"fUuBERnw16wtgxFaHpm6sVBBmyf2jzjx4U9oFtHwjGo=":{"valueMac":{"type":"Buffer","data":"DFFRbOz9vHewtF1hIqGsNgZkdMfYz5EQ1sAEz2NPm+Q="}},"fZN6o8s9Fl4IEhf/Rr/k8mnoCxno9tdwoxV+cbLyQn4=":{"valueMac":{"type":"Buffer","data":"iZr+WC0ED9EMUovDmdiRqwL8WdIK67Y1TTN30XIbaWk="}},"fxjJGmFSCvvmcuTaItS0AUs6AoJ8g7CZZXl6l4dD/QI=":{"valueMac":{"type":"Buffer","data":"abk0XcaRZY7JwbWSW1ndllVDOA1pcD439R+tqTvslHs="}},"fyUUENJpMC3Hyicij+Pr/TWCwYRQSHHdbgHIUOI7UVs=":{"valueMac":{"type":"Buffer","data":"7Syw5I8DAwAIZWJe7MTHwar/e9y5ZsRPACVdMudw62w="}},"f3H2IM1h6dtMM07qzuPyLHAUYf8lubvl00Pjy0q/JzI=":{"valueMac":{"type":"Buffer","data":"rsPDfkxvg+uM2Q86ePMEByDQ2kSHR/docmvDe3xywB4="}},"gVz6VkfS2uAtQGUI9oplx9uoqHuO7GtP9Xw8iZ7MHqc=":{"valueMac":{"type":"Buffer","data":"NCoKQBCAVrRSiD/WTAGr+aUi1E9su1XlFL3akDB15f0="}},"gkPo79pJn9Ji3isWaxw08wGUbrTcEPbVCEXeOkfk6/8=":{"valueMac":{"type":"Buffer","data":"kmBwXcZbwNLIzoBHmm26mIMQkFV5KkdiXgtTeb4/r1g="}},"g4HioXvEli9RT/E9gEwCt5GzyEN2our0aLAf0osJsfw=":{"valueMac":{"type":"Buffer","data":"pgGkgM7dCUFyqYVqns0Iwg/mZTI39ml2DKpOCON6QMY="}},"hCPtokZ/xEhh3h0zX03kugLfwDC46lFFjkeoo8JYHbI=":{"valueMac":{"type":"Buffer","data":"H6aILY5LJ9LgEH7VmuQBynS4lHi3cJYFA5wk6eQUuAA="}},"hKWHFmK2jXlPBPc/i4ETXc/wJdqhpysIDbCUOPyGAms=":{"valueMac":{"type":"Buffer","data":"CeG8Fq19MQuCZN/+iOUTvU99RSgnPZujaI+E+FXfzj0="}},"hTE1GM2CMw4vCa4cr8XZaeaL4Vq7WtCM4K6D5Tq9ALE=":{"valueMac":{"type":"Buffer","data":"Hq3Z1c7JRwt3mQQb6N7+Fwo9b8h0mnOBC3AmkdBFB30="}},"hYXIvzDoaiFrv3865sDI/NueV3PnWG5KYBUU2eAweEg=":{"valueMac":{"type":"Buffer","data":"1xEvmt2H4tjyYzND1/5Kyh4nW5ikUqUPnchFC3emi5o="}},"haNiRiGGA5P4wWuhN2s4VsMcQXoTPJPJaU5VPVzgtKU=":{"valueMac":{"type":"Buffer","data":"dBrlVYvuP/rNAKlyxAouoG/hZulkAk7KeMfJHkfsJjE="}},"htrL5O83i43bDdi8wOXq14h/IYnTv7OPMpN3lNVSuEw=":{"valueMac":{"type":"Buffer","data":"ctaQCs7cqaKv+s1owCD94NSEzJOkTb0aeaEkMzJRzCw="}},"h0WR/Xo3zpsZDdEIW/jFfFZKz4hM4Dd9KPNYWfWKxbc=":{"valueMac":{"type":"Buffer","data":"GbSOlmEwQKlIGyArW7V33SJGFvRv60ep8j2K2gpJAIA="}},"iBpwDsXO0fGXW/pIx9ydAGobfP/9qNmbIksHD4q3uP4=":{"valueMac":{"type":"Buffer","data":"AvPeuH3ss8s6Yo44mJq3PwIMXMf/JAMNgDxnZe0aSoY="}},"iB5joP04oAlWr3QQmpvpxbbLZKOQoAtxEkRzTrrZdVs=":{"valueMac":{"type":"Buffer","data":"FsoIHAHdkLm64lipbigJP65vcf0iNSeibHUcSA61SoI="}},"iJRW/h3BC2XlratgvJqYJwARGChWb/iq332isDDbupQ=":{"valueMac":{"type":"Buffer","data":"jOeh+NrYOEYs8+D3L35JobKOv2C6sHGJJODvYpbcgQo="}},"iJoMbqyFiyaKT7Veo7UOLE00fjzt7kcTnCUrXkBUPBo=":{"valueMac":{"type":"Buffer","data":"pN1FkB3ief5sakT3V7hm6IJbttkVdwSFdx9BJTILXKY="}},"iYengtAR8xZH5pQ6Q2n2Bafm1lLGPjoG25HgQe8B0ps=":{"valueMac":{"type":"Buffer","data":"pJ3935nfUrf5F3BTMShc5llVb+pvbQXgFkNxxZCIJBM="}},"inJWKYaIdwqcd7309cR+MeWyF09XJ8BjjA1MQ0G258k=":{"valueMac":{"type":"Buffer","data":"E+8OOJuA1Cbwlix9kfCn87af5ZgpNyHeh4akJ1DLvUU="}},"i5ARr1IBAkzEjfm7jcMGFs69I0skVEdFaBZEpoxf/Ts=":{"valueMac":{"type":"Buffer","data":"5X5dNpLwEWVz7M3JpcZnucHJTvAbYgGB8k5y+zaOdfM="}},"jGHpOIha+2yXyhXbKbQRsAvB/AtZpHN2pFJw/EU2iBQ=":{"valueMac":{"type":"Buffer","data":"Ba67ajpN2QSP6pPnWlGNq0pxvhDq8Omx32yOgnLdp5U="}},"jQZeRvDGxI2K/QZIEaLNuCqZLxf2ssb3aXNsgqy7Hao=":{"valueMac":{"type":"Buffer","data":"zxcMvyY2BNB1tyjE70uP/FBjhWcUy352sBJFBMtixyk="}},"kOJLKz/g3yTyVuMOz/NCX/3lKoGjt9hVCySBsi4Fc1E=":{"valueMac":{"type":"Buffer","data":"V/BZhasBTg96Xj9mj+jEN4btJ6RJH8PGaWJyEVtboZc="}},"kjll1eqn+D9dIN2WWynEXDercaNeZUrqPdgXBtS0EIU=":{"valueMac":{"type":"Buffer","data":"7bkilw1uBB8n9bvo8HuUJ2zc4tqGn6CQUIZi/pei4cs="}},"kwsl+xkWThdx892vxgBlO0PUFfCrjGlTmKadu1uvF3A=":{"valueMac":{"type":"Buffer","data":"KfwuYZFbJ2L1bWrDK8v+0Dpl+EEOUJDCeKFAe+1W6/M="}},"k+HfiPscJ3NNSPjaS45b/kV7yKfELodVGBSASSym0Hk=":{"valueMac":{"type":"Buffer","data":"xPro+jXt36G493YutBQ2uzlwHB1hTOBG4XltyRYfdhg="}},"k/Z0hINOK3vnXMScH1VVJjuD0Ph3JKo7ebWCDleC1Bw=":{"valueMac":{"type":"Buffer","data":"Fzyiz1lk3U04rBQwVh/OFFnDuyUaxEMLpKsEwp5wlx8="}},"lFVxyrgRdejuvOqr8tuu6VSoUEPLiqG0Z2AXgG8QcCU=":{"valueMac":{"type":"Buffer","data":"+eoDe2qeTmuCuRwrGbg8pWRDNTlaTzkRH9Mf5pZir6U="}},"lJZkhSJhu4b9y5qAji6vo+cS3UzYu54C2IlmZsezkQA=":{"valueMac":{"type":"Buffer","data":"cblT/PeGxoArn/9e1fe8c0L6OJgm6WKRdXV3YtQo+uQ="}},"lPYWqgGldKwOSy7ckQLBlA/KLJAHKUtKPbeW7YR5P2s=":{"valueMac":{"type":"Buffer","data":"NTLXJ/HX8zy/ru2yAGMgFmmjzHXogQ8q06l8C2Wg8Kc="}},"lvBhULNjvY8EIo0fITU1A66/zlHWZaNqNc3Z6ZIEshg=":{"valueMac":{"type":"Buffer","data":"FSX44TklrjhwjSgNmbFm+451NJwWYuX3IxH7QD+3SFc="}},"lwxDKEIdNW6ed58mQbnxua/9MzwGd65GFp5fLAGBIag=":{"valueMac":{"type":"Buffer","data":"qBCe4k8BRYVZWFhs6IlQNOTOO9kCW+qB+P4MPZInyEU="}},"l2ypHDMr/LP/3DrILt1XUz55+srB20WXiJqhsQxb9zA=":{"valueMac":{"type":"Buffer","data":"6agGxcnniPNazzLUu+wjmnwbHUr6o4lJuEjhmj8ISOQ="}},"mOG4b69UaoM+WhME1GJ+MKDQ9yFmquIPNVSbcFuCp3k=":{"valueMac":{"type":"Buffer","data":"ANW36rHPP0nSKBKIoOdhkMYSW5uNBD+QKenj4axbehk="}},"m0JFhh1IZY5Xc4f9lnuTwfxd4DUdYXoP9A1dj0t11uM=":{"valueMac":{"type":"Buffer","data":"elGWMT9NISTFq/Go5/J7HzOMlcfmo6Mcs+7HVq95U/w="}},"m00CjATPNBN03PF7uAHfEUXI7duR+HJl1VEnIoUCguE=":{"valueMac":{"type":"Buffer","data":"X6djusM+XHh5imFRvdnVR+S1EbaJzOeD6TyLPOdN/Aw="}},"m4MSSVqPF+7Jo5lvYg41ZEaiw2PHS5X2ARncv9h6sJI=":{"valueMac":{"type":"Buffer","data":"v25uVcJ+8r/gBV41qZoY+XloEk6AWIQFjH7n1k4vGxg="}},"m/f6DIe+wbHazUq6OGgHol6StN0pOHeZwDbUv/Jdlrg=":{"valueMac":{"type":"Buffer","data":"yCCiuSoP5Mz/ZJVmsB+Ip3btOOySpt8RtXLH2ujYXUo="}},"nNYbn7D0MDTq2Rn7kFUGv4E4Fxit5tgIT/FwFX7F89A=":{"valueMac":{"type":"Buffer","data":"Ztz3fM/SXRtmrOZyMi/UGl7tMV5M929gBBCl20sy0hE="}},"ndXcY25S/ceq/Acb9T/d8dhHE0HompTY8iuYLKrup7M=":{"valueMac":{"type":"Buffer","data":"5TM7ax0a7NLFKSa+lxBkfM3QzP35VNAOWAWeWlBVkvA="}},"ne/3Jt20v1NWtGHze9rygx6DcjKTvxnmjK1DQtu9Ftg=":{"valueMac":{"type":"Buffer","data":"JUxlMiM+xuHSDRmQgM0v6n3cLu8PeNTS/8hECY/KScs="}},"nfbYpEhtbLICWakrRysNOpfYmWAoJrhxfkkLEWrWUDk=":{"valueMac":{"type":"Buffer","data":"OU2C7VyQ8P3FwmKC3KADL+KQkFRfU94daraH/sFVKbU="}},"nf9ULaoPKS/+PZj3fagwX817FmH0DrF8S2UpNErxgxs=":{"valueMac":{"type":"Buffer","data":"C0VVvmYEs0CgQxJ1MGiLesrV1/xh783gjv9jEVaU8Zw="}},"nk9vobcZvRh+XQTfZzTSgdIB8NHEPCAMhLixp0KpaC8=":{"valueMac":{"type":"Buffer","data":"l40TsKgjESakJSJ+D0Yk5fANb7Nvm8tqvEhkGNM97JE="}},"nvuIvQ0ZF28ZXXRXVeStUDsAay8KmPnOVxoTUXpWuOk=":{"valueMac":{"type":"Buffer","data":"QJ/3k3jEhV6z94RVaNX9INS7/5WgmvEcnwWwkPlsRlc="}},"n+ozou404/lPnRnLyAnchqkQIVsJdDmKBFLxvYcDMEc=":{"valueMac":{"type":"Buffer","data":"dv8U4wOh+7kP6fuk5LNvYUGioqv7hzSNUra/9+9M71s="}},"or2dNXwq1CN86miZlAASnFcciz9i3zxWpNu4srgHH2c=":{"valueMac":{"type":"Buffer","data":"63PXt+pc5K1z2Z2aPFw35n4p7jXCbaAhZMHK/eW5zcY="}},"oyFI/BhmEgDNJku5Y8xFQ0cLwj+C9WWQbZ9JRU88IH4=":{"valueMac":{"type":"Buffer","data":"qWYeLnKj4aocrjWqb9X/x9YnKXToBdU6nKyy1TZnUFc="}},"pEZPZVzPiPKo0b5cRu5zR57RJvyulGxWj6r+qcpo9Ek=":{"valueMac":{"type":"Buffer","data":"Bx684Cfwyal3rzJ406lH0htLtjcApgKDxj/gaS1B/qE="}},"pGzSrNsck3v5IxofCFxsOWTNxYwraXoG8kH+y53nAmQ=":{"valueMac":{"type":"Buffer","data":"6VQ/1A0SOKjzvLsEZkDjRW3a5lcEXySbYytRH/qhhbU="}},"pNd2PJhJB2iqoHAQDELerblcz+r+q6MEVyQ++oq7hoQ=":{"valueMac":{"type":"Buffer","data":"vsIl4vNftgS2r/v+MMnSzMmzW7c4QOPw8Y1Mnb3oqfQ="}},"pS6PQW8EskqUSPiRMu9E0VaVBi7xZC8e2PbxYCnoAV4=":{"valueMac":{"type":"Buffer","data":"kU1Eet7dmPOP1yKy5svG9V2xBYGmP8mKjKUxTZmKcWU="}},"pUF4jB8k653wELiMBSiUUOPJpHqxr6b5DejnPpqTqg4=":{"valueMac":{"type":"Buffer","data":"DShs65XCuiuIAUFbFq2nBKm2+C5nhIVgLx0p78hrKZo="}},"pUJ0iK20uGVZFnhxVyLdidvAfCICBmHs3HNzDKTDR6c=":{"valueMac":{"type":"Buffer","data":"om/tgl5PnlF3gWawwH1K8lUJWZGbdGi0/u2qGdR7hvo="}},"pYwiOAgdvs1x/G2zf2wUh3yDZ8FLuwtW4roxJtWwvz0=":{"valueMac":{"type":"Buffer","data":"8hw8pNAIQcmZiMdDzI8lSssMiOpgfqytQJlidX3E50U="}},"pY5b3SB/ckg0bI/3MZwRqcA6FAsFE9Hboi5DrDbCz64=":{"valueMac":{"type":"Buffer","data":"sEPsHtDhdGKN+zHLNj88Mk4WZvnm8tz8r+rmU6vfXHk="}},"pfA6kZQyZC3GQZYMWdFlrA+NEFV+wIhhI6FMTfXKMUE=":{"valueMac":{"type":"Buffer","data":"LyZa/iuCcwbWPzmW/8FSACU4xCCyRt7IGm3KezCgL9c="}},"puH7rv60jnwztCQj/8FuQgc9Em8dYj/+x5CumBWfEP4=":{"valueMac":{"type":"Buffer","data":"G0pCd06RbvZlOYRw8odOURY78nI23xasIkDwsY20e0I="}},"p1t7s/wNivJ+tUm1pHzRMegx7NCWONc5m4NXj8D/zis=":{"valueMac":{"type":"Buffer","data":"xo08idEskt83t45w5Glg1QwqJn7fIDKKjYHfMFWhiYM="}},"p7882WKzk8Mt7RmHERQ3klN8RplSQRueKX1IlSAvPsU=":{"valueMac":{"type":"Buffer","data":"HeCw3xfbE5wlXuIHWcPRX+BaqsGmzmAJjk0jRBhNoHM="}},"p9k5/Hk2L5z+L44cHshZ0zkguBxyu1PTCSHGkIZX9Ck=":{"valueMac":{"type":"Buffer","data":"spJAbjgX/1EwRnPfNizNyVjqS8KaB7l0NCpzToT7XcA="}},"qFaoCbbzst1K//wYhfJ8i1ByRmpQTR/CJhjgVpuar6s=":{"valueMac":{"type":"Buffer","data":"8ZhZ5huyiwjKe4ws/Bissd+TLMsmGaMeq2pRFyx+IPM="}},"qcKrgEhUTlCIXvmiKaNsql45xqlOG5dGJIpiQCLYQY4=":{"valueMac":{"type":"Buffer","data":"XMdZbRVMygRk5ouEj9t2yLG5SuuMv3ySrjyAsY8+TrY="}},"qo8LVPpe3PSOn+JAqX9mTIZXHsGHd2RcE1i4y4C/UVM=":{"valueMac":{"type":"Buffer","data":"QLytAs3yAk7/9zQOba2ckp1yhsJFdbUG+H8vCdJ4ysU="}},"quWb01t0IpV5YIC4hFif0vL912X7N3LwfQBDx1n60fg=":{"valueMac":{"type":"Buffer","data":"8yLKQnYAB+hz6Yg9dK98MnG2csan55EkGuOoEMqnBJg="}},"q0A7mGqvFba/2fSSW4fIYLECWoYSGacFAfba6yVjP4E=":{"valueMac":{"type":"Buffer","data":"BUrniHXTlf7NUD1/bGXMfHqZV13mGYGXZx+zkizCmhU="}},"q5HqZCLOTiF1nLGsD7KWVcxCgNhIa+HVAGsmaQxWJHg=":{"valueMac":{"type":"Buffer","data":"hAS7XE/uUfnV+B59pLWcTVvzcQ9D4otWfcr9eBL4ZYw="}},"rBvNwAFO7nObku0pkoiCwp9nLTfykMKcLvVGIEbgGQI=":{"valueMac":{"type":"Buffer","data":"MM8FWRxpfFLuN1HTwjZ0CdOYmNlEMrWXQOkHM8H/Kxk="}},"rGzOWpimbdGLoOi/P+sxll2zJUrrpSNF/oK/j76DV7I=":{"valueMac":{"type":"Buffer","data":"GsPoNc0J22aO0aCrZ/jTcO0DFxSPXIQ3Vr7S5/YOSVM="}},"rNveq7YJ2DSHOHFpTEBDkJgD780CXt0ztTyEvQRc57Q=":{"valueMac":{"type":"Buffer","data":"Pf8kshwJqoaUS1ZYKntZqZjMrjNxeuElb9wugOAUHrU="}},"rPd9M2bCCw2NE8imwThpr2hhRuCKQoNjJZraYt5RJak=":{"valueMac":{"type":"Buffer","data":"CPRvtKUFAJCyV6tygEuSl+uePekUR1XbZCjbW6m/IAQ="}},"rQlNRFAOeDtwhc9DzIfxQEoZFZqqNkPdz6BF0T4Yd/4=":{"valueMac":{"type":"Buffer","data":"wfOiaEu5zwGw8Uz0iXZ1vZl4O/imFChRPa134WXJj8U="}},"rTaWxHjNfO8XWAqFLEbfJkF1cn8LATnCvfNjGKCFvA8=":{"valueMac":{"type":"Buffer","data":"GAisy3AFPVCjAM5YRPBXxpJD9dHGQ/htM1Enn3rr3Yw="}},"rWcG5MlmTUVb9K9cfmdScCa2Fo8WIkJHbNPViVC9/yk=":{"valueMac":{"type":"Buffer","data":"jmWJFqdQu4cSDnH4P6RE1hcgf0neaU6zJJZYksUjvmU="}},"rrp4iOWhgE08wM8m+QO4h7oBgXaB7BKBQZYtX+lLIB4=":{"valueMac":{"type":"Buffer","data":"MiaOBcpxzV7lgIl55cpsxpErxr8Fs7dr+TTTyWNCwIg="}},"rruurujwP3m4zhwf0EAbOD48YE2GAaZZcEp6YGCN4e4=":{"valueMac":{"type":"Buffer","data":"7Qd3+HMIHKJfk4t5o8wWUsiaI+CXut1QW7PWP2yIw/E="}},"ryHuMmnOMm3vCfPEACSnHQ5176GcoIEN51Ljz8SOb4k=":{"valueMac":{"type":"Buffer","data":"6TX+6AkIZ3kZVGWVm6oJAZFSOvLqCSfQvSn4dBR4KbA="}},"sBmFlUvovTbdBumzVhEnDCAm3l3dnEDA6IW0SfcFrb0=":{"valueMac":{"type":"Buffer","data":"LNGjXqbWqAP+M+6gIQzCl5zrK/eA29+k8xlaqMT2HuI="}},"sGS7+ja5P9W+33B/7nq6jaabtgAbgLgO4ELHnExFok8=":{"valueMac":{"type":"Buffer","data":"cnsCfpKMWLgXyER+dd5G00NDgtGcx3IBxisFiyNMYWo="}},"sMs0kKdiJHsohI+J4TGsgOV+tMeJ8eyX9Mi4utYCg7I=":{"valueMac":{"type":"Buffer","data":"F3wzP+XL+GeQoo7cnaSBmD37TKRu38NkjhH56j+fOOM="}},"sNKa0D0Up+xTQqOmuyu4kOsDPHnAb47CGG4PLtUX8AU=":{"valueMac":{"type":"Buffer","data":"WAZuAzBR8s7JtJd3u1Axh2wh+5kPZ+yo5AaKjYK52zg="}},"sU+QsFFxUyWCUnBLX4bXrCLJ/Idp2hVjEVTsBsUvEYA=":{"valueMac":{"type":"Buffer","data":"KZLIGKZaSYtkAncRQjHeXbIJ1R+0bn94ir6Augr62a0="}},"sb8odFVejn4z5Q+QFLYz4AMklpl6jQikv+TTPmC0q/U=":{"valueMac":{"type":"Buffer","data":"/DnM0wX4oT/M50HKyPvBzMlpVdbILjGcNraA6wULGyg="}},"sjJPjQgTGtWNHQa8dXifRjg1mGaZlj5s2kEadmSrG8M=":{"valueMac":{"type":"Buffer","data":"qe7pDabScQf79Z4BGY0Pt8Jj2v9xVn8j2FlbtD8nV3U="}},"sobB/wpWAP985ikn4SMPtFmlWRf4sjYTK1LPhPYZrRs=":{"valueMac":{"type":"Buffer","data":"rW6v5EHoJ8Yyn5d6+wRBv1Am+1vFLzC9D5WR+h7971I="}},"sr1dyS6LDYOdMu1IKRHUbk/jPqlIMZYqc4FVh1vOz0A=":{"valueMac":{"type":"Buffer","data":"JVxaRNJ5b95STVtyNabcylTC42Mc/olneiUB/gp13dQ="}},"s0/dAFZndz4ufoBHJpiCTkrAAdqRcJM53CYKcCEveoc=":{"valueMac":{"type":"Buffer","data":"3Z1MD1qGPXTV75mesdb50ipxwE6xA5njgfDGRD8gIvc="}},"s/eAqhYRxcrb/E+07crnKCid0EvhJhQCh4h61UZSOas=":{"valueMac":{"type":"Buffer","data":"YfccFeJZIzkpkso4fRWkl63goLMwamEU7DFxKKIKC+c="}},"tR9fEusDvSg9FRAaJBVyhT1ePFCE7AH9dy8VqnLF1s8=":{"valueMac":{"type":"Buffer","data":"5grWQ3Ha4byOIhfGkusqpar/dSDFGknJp6zIGIcnTbo="}},"tYGhOFF7hbRaoG1SOfi0G0Q7dSuPpREQRIo7IennQ/4=":{"valueMac":{"type":"Buffer","data":"B5Y3Ac8RLPqGLm8GBDhlz8n2vbJMlD0DzRWOMWyiq+o="}},"t4kvZDd4221hs/f40XnZDFsUmTkLqH9TDjPJv+fZ9U4=":{"valueMac":{"type":"Buffer","data":"lgG6pQPDfsRPozEMz8sJQuLWqH/q1qvfahZQHjoxtqs="}},"t+P+YGiK5/3EvmRacBLV25b/zLy5lNiPguVciDbuqHI=":{"valueMac":{"type":"Buffer","data":"WvYyJhCjcHyYul2n+StoP/pQ4GCwQxnRv9jEbvXXCHw="}},"t/tiOwr5UmqDAldTYWVBQC63myApu10Imfu4O9O98sA=":{"valueMac":{"type":"Buffer","data":"AoZtSQ3UNsSoFGRMfqcDrYcsU5Ow7rltH60ndqPGvIo="}},"uDuLrYrmXIPa3zw+n4gVgNlOG5lOnm9GWHyJTTfR9Rg=":{"valueMac":{"type":"Buffer","data":"OA8cH5QyLOWuBx+KF5KEUXvGBHiH+KOdR3v1y6GYkr4="}},"usSCBQihxt5KX9f+It67HwqVb/ylM61mbXaFutst5jg=":{"valueMac":{"type":"Buffer","data":"3Tkmvz48cd5y47kgKSZ0TaIGyWya4hwmSMo+9PpjDs8="}},"u2a0NT7KnKjlt3mS0Gh3nsEWdKRdk7UO1aAaFdCXghk=":{"valueMac":{"type":"Buffer","data":"OzD4j5wpu81qfRsZ51X2eCDVc7cHpeiNHBO/HwPyAyw="}},"vAbzM8IVqBT4yFxUjoY3XOXk3kpDZNFYy7LyIbMigR0=":{"valueMac":{"type":"Buffer","data":"gqi3jBd2N76AaAyJ+2bpLZ44Boqu+sTiNVg0zVLZTzs="}},"vQF8nBQFZiDYFne4aj2BAgLrWnHoU4qd6lfKDHdLNfI=":{"valueMac":{"type":"Buffer","data":"CYrBpaLz+NYvqBj4/G03OyzMpesRUkafTzYq3MF9Pnw="}},"vV26Zqij8rKPpSd69Z+b/urvvB0p2p5SPLFSEAdeLww=":{"valueMac":{"type":"Buffer","data":"AsTTUTZSt00L62R5UJdrG7Ar3N1J5HCNWZSwGUHogq0="}},"vW4CJzrUIqBaeEXL3wTfBE7U9q6ZVVJ9ohQpxxqhtPM=":{"valueMac":{"type":"Buffer","data":"VVc8CCjBqwLeFSjH8Nrq8nv+mk3JvAXnqe3ENOLux/8="}},"vdRJpliHI2uVwHuGXFWQp5KYf7eJsTP64BAklOcb7b0=":{"valueMac":{"type":"Buffer","data":"Oacwu6xTly4TOgp7Zcdnp4Rul7oCPoLY93xWnzj/BJE="}},"v71Qw4xQBY2DaXdEvuyziBVeltEEXi02rYP5J8Pus7c=":{"valueMac":{"type":"Buffer","data":"wSyekrToVrIlTa2fVox2vceC6iUsBBRzB8UA58NemYg="}},"wBO0/V9txDt4YKCzzzIgQMCqiY82U2/Y2d3odOXGeHs=":{"valueMac":{"type":"Buffer","data":"+4Qt/HMmElbzPZ2jcXAKULC7wMOry5ET+CsF+ngp4q8="}},"wWled9Z+7vFrDWbkgnUkA7Pw2Q6XYobUcuQxY6lnUOA=":{"valueMac":{"type":"Buffer","data":"OGAKXWxJtgDIp8mIZahtg3mhGGTOCXjOTky56kaVfRA="}},"weAYZquBT04BbgjdYYujSJUKYTMqzgRAPmtOLrZ0JC4=":{"valueMac":{"type":"Buffer","data":"PGK7/xJwnoYTtqo0LaE7oMxbvSl8aOt9/NyzYcM8aZk="}},"wg8/nKw+CleiQy0lE4GHCTywj/3VsbM2keUOGgEmXHg=":{"valueMac":{"type":"Buffer","data":"Ly5QBp9S2H0PEXHyxErDLV/RHJLO80a6H+Ssaj78Pvg="}},"wlRUr/o6ms9Lqy/xBe7Sdw6hjeeLqGl5aUyA1bHq4qQ=":{"valueMac":{"type":"Buffer","data":"S+MCcxFlqrFJ0Goe/yULjZCwOqfChZR1AzyXEdA093c="}},"wqHnmQQCdBk/mXXhrhA7PvjxlK0Jq1D6vAxUO33/cz4=":{"valueMac":{"type":"Buffer","data":"VE81oMHC00AZpi3GdkM3+OcKQg8/7XtzV7PQL295fuA="}},"wuFOJmDTeGr4fxtes+T2qeLilpxiBA5VHTxTKKWIvDA=":{"valueMac":{"type":"Buffer","data":"h6Cc8Jx/7wOunSXc4kb7GBDoMdxwQJfwsqNIi4P/nUU="}},"xaD6jrY4mpN1T7v4790JLD8jgKRWHKqhoGmDou3ybF0=":{"valueMac":{"type":"Buffer","data":"FH3EB2T82wvUSvELD8ocZFlInTP9V/mEkRwNpIZlVR4="}},"xilLTCm6YrtIKKECvV6tTmzxVxNUN9fuq6jAMmpoJ/U=":{"valueMac":{"type":"Buffer","data":"NbB3pQzBkN2Q4SOrSmqoVUq2eNn3ZVcXMlc7yBFgxtU="}},"xnfmLJKwM8joZvt1hrFgFWnBFSQe2r71ditiHWw+FeA=":{"valueMac":{"type":"Buffer","data":"KqY18/FqB5P9f8cDswXAkCoEt2EwxNAZxH9H3NK7lCc="}},"yaIQzcEnNpFjboiiELbXdRGtqa0O0lNTuWkFNGEuGqY=":{"valueMac":{"type":"Buffer","data":"GlrsDzLNJVebPoH6mpMu8JwdEo62Ilk2PG6H1ZpMiB4="}},"yawRYmsrUS2VZZg0peqQbRHw+elkWJGJTTYnTMmfvGg=":{"valueMac":{"type":"Buffer","data":"VmEHr0Ho4dBwWPiKwn9SOalk36vStjxOyjrxyL5iwcc="}},"ymZPRF8ywMtFtMsitXWXCdGhSDO0yM6ZsIuPRVqjWxs=":{"valueMac":{"type":"Buffer","data":"nB/4poJ04H8j2pecDD3kRSaeDH4oRU4rPg0nphWF4NY="}},"zGttN0Qe6mWsmfffig+HO0Liu3hY8EZr795gnqjfVfo=":{"valueMac":{"type":"Buffer","data":"sv0SDMwxXs6wirgMYPd/tk/p38iMSbmEbL/2Xm9Mvpw="}},"zH8d67C7B2O9g2qzTTlXURXkkk6QipqXKCu7h+oSdyI=":{"valueMac":{"type":"Buffer","data":"vDElmR/IcSKpBl+MAdi4iqhr6UB/7J/TW1sWvh8cTa4="}},"zMIbTsrdra+ZvyYEhK2aWhxBw+hKA8EvoEyXMpyTebU=":{"valueMac":{"type":"Buffer","data":"mFmJ1DxYQn0NMzn5DbURrgy7EZ49An/abSvFG/quiQg="}},"zVFKq7ZgZRDkJ8T7XCDjyojqbBFWLwkMjJSUz4lbvl8=":{"valueMac":{"type":"Buffer","data":"gEZGHUFlcXkzhP4HDhJdeMxdT/ww7Cm95h7M6lInEBI="}},"zhdIJwrZTbdX53SfBkuQnWTtZPayd/1CpnuTp6B8MfU=":{"valueMac":{"type":"Buffer","data":"BD2mdrlY1nv41JZey9efOhtLQQwp1V7m/Cc3KDrnO9o="}},"zy7NnuIijEWlkdyEuYxlsyQLYwHcxZbrGA/YAd8+5jo=":{"valueMac":{"type":"Buffer","data":"MOmrH28VufdODD4G6x0+AfQF41I8zxwNzZbU7KYZIFo="}},"z3Wog//RbehGi2Td/at/weTCfj35dbhNS9Z+tlaCh7A=":{"valueMac":{"type":"Buffer","data":"LK7yYT3qL07K7uNFNGE2xcnDyEeIaIc0AnrmVTPIS5g="}},"0Wd5vzEBj6ptWktDFNHi1dIpUY1NV5cR2MPf3erQypk=":{"valueMac":{"type":"Buffer","data":"mjSvGAjqjxsdMKL41/c94DBFxXpZ9JfkMUngDH/nM/0="}},"0avVs/Uw2ZN/lnZue2Cb5zqoy+7BfQpyOrKgaAi55CU=":{"valueMac":{"type":"Buffer","data":"+wW/i4dYqkVL1NS+1sN7dkP+IU+kCe1JBhoY/aOrowU="}},"0b7lqgQDxYqks/nNFMc1cF88lurPD2coFn1DjG3nZHI=":{"valueMac":{"type":"Buffer","data":"5zSeCBTAfwKCAviHrtZi5cSwDubXk3gBIoHH6LcsqOE="}},"0xtYTuyv+BVVLjueKDSy+PFYCo7KteX+qsDpFeUD/2Y=":{"valueMac":{"type":"Buffer","data":"opnER+7MT9enC2FX1YRAT0XKo0wVt1aNs38khi2ef6s="}},"081EYtzgINTuopV+sno0hPeLj95ga2tAlvi+xXymUks=":{"valueMac":{"type":"Buffer","data":"UfBG9pCKnFzZhOv0EoNclXOXpVGfk8DYPrxPmV/j8hg="}},"1F6VjQzNo5C8HIgnlEU0ofshHDkpHXw3Dv64iFPGDLY=":{"valueMac":{"type":"Buffer","data":"MM4cCArt76xod0JkKTCCIALwOB1+xHZq+iHFMQdSsBo="}},"1IeLXfBItBvIIZe08hLVOMZTwpwsD8ubDya8IYXVu3c=":{"valueMac":{"type":"Buffer","data":"lQOZ30myiP4ZBgEb7SyC3MmTwa1xXrIYJu6yWQc7ZcU="}},"1Q316ziTWGTeGmrc+sjpyzmBNzDUOyMffbeNbNXU4mg=":{"valueMac":{"type":"Buffer","data":"9V9zLah7edrIUypMdXUlXUnRtg6Fn1sUCiQXCa2nmis="}},"1YjveBUmlZ3lNjlC4EEyN87014b8QRvXaJqmG2HtrJo=":{"valueMac":{"type":"Buffer","data":"UGrYxqAMVoXoi8NGblRv3eAGSy0b/7hr6wFUyTt7pnY="}},"1hfgBsyzbfgfrq+OFWqvrfO8YAF7Gl5Xxe25v+7WuxY=":{"valueMac":{"type":"Buffer","data":"tOY+TJcdyZihF+Ku5e3kfHqgC7QtRMVMAYKio3KrktU="}},"1iA/k9WtcYvThmsj4yfDa9ZusU/SvbDmItTA0z+aN7c=":{"valueMac":{"type":"Buffer","data":"MMoHB49ngO/qf68foWFqZARRjIg4d+xhe2vb1TrAYEs="}},"1mZhIZfm2hj9Z0YvtOLEJazw5sz/mWrqUFaeKnRlpX0=":{"valueMac":{"type":"Buffer","data":"XRGSL1Wi6Amnz9mN3FW/Iaipq9apBo2wxluSCNTcT5Q="}},"2EnyAmnTNhrg0NpbUBU4FiO7c5L8jSCuHNvudUefdkA=":{"valueMac":{"type":"Buffer","data":"vWr7kvaqe97ceaEaUdg4ZkjJ3pNj6TfyKNp6oR9GiMk="}},"2j+5ji6ks9hGiGyW8ZKulZUSVlUJ8HIwaqNs/iFfRJQ=":{"valueMac":{"type":"Buffer","data":"JenpSF43uDI13BDiOHr1SW5rn+GmeoegVkUiKzfSr6I="}},"2kjSuniRT+la0bFSmKwT4cPoNOtZACPiU0x0L4nJrQQ=":{"valueMac":{"type":"Buffer","data":"Cus6GHtNyYkdehQaYqnMYPQz1wn8UzaMDAHypiRE34Y="}},"2twE5/7hLBxV3B9bG63Hd9FQTwJiOGvDFirQWeMEX5U=":{"valueMac":{"type":"Buffer","data":"GDSSDldWfZQ+LNYIRdRaS0d7QrQbhtv0/VMzK1Q5wRc="}},"2vp2gpfoLgUw3NCrI09HJCDp+UKhA/k0XBzhJv3WTFY=":{"valueMac":{"type":"Buffer","data":"xbd0ORe8RNmbUhOU7dvqTBrjuyB/e2Z/PBCjqmyEYrE="}},"2y1O8GrGrGOm8aCE7n/NQM4Ufv2rBxkRkTWl1TIbmHE=":{"valueMac":{"type":"Buffer","data":"g4wnlgDY7i8O+0MteFSmEi+If207FnpW1rYY8PKOiLc="}},"3WQnWSkYstzaRqeLzYiljfOZLd4cROO+or33SVtykok=":{"valueMac":{"type":"Buffer","data":"VWNME46lHrEegvNQ38CjNMM+XFRTG31Onn7UutPpu/0="}},"33XL/7KWPV0rE0FtTMmlJ8L9QR9683gc1qSeqDX1yV8=":{"valueMac":{"type":"Buffer","data":"0YqS8PG2CpgyJXUKoOTz2A1mZUxvjTpwAL4O+q43oEI="}},"4HHXgPm01yErMgB+1rVu5Z2HU7i8v8ldxtDeR00BtAs=":{"valueMac":{"type":"Buffer","data":"ZxFtprH7SGhGl6B0HEnB5DsE1uxzVSj2VQcYZqVvxWA="}},"4P1cf61ed09f9vElO8UfJHD5A5/uvnNXU/QUIj3+31w=":{"valueMac":{"type":"Buffer","data":"Y9f1HgUF9SBDUKgTaKqXFJNeudCwNSF2r0kA1LS+q3Q="}},"4f/ueeD5i7RZ8O3arXTJlRPMTV4icWSLfsQfVGjmsjc=":{"valueMac":{"type":"Buffer","data":"oyER2Lx5dn3O8cE2JfCIqIprGo6dSHMGcOiPJManxwc="}},"4yjws+MtuWZrfwR39dLKjcTAwqOh+E1V+6+QCn9bzjk=":{"valueMac":{"type":"Buffer","data":"McRwQV5Eulp22lddW43scEv6l0M0uciY6sDi1vtvA/A="}},"47GQcA0fYN6xhvkzw82UnsLxSblP7rk8Lo8NHjMK9ao=":{"valueMac":{"type":"Buffer","data":"b1kUJYwe4BRpICi+DgHfmWNnkVA77ttgDAmiEXGgR58="}},"48FLiGoTNF5hRxWDFaY5y2zjIGf0bcKbIK54CF0eTUk=":{"valueMac":{"type":"Buffer","data":"PfQZPXQP+01MakbhhWnIsaUBPByHVGxk7h/KThj1o3I="}},"48Yv+zNoYi7cBd61kOPm3s5w7VNvPRPsD6N6FSJ/Kts=":{"valueMac":{"type":"Buffer","data":"9Af/T2ajb4XdIuJtRt6hpka5xbdOORlgjixKUkdWMO4="}},"5jzQtjP4vS8ePe5CYshgqLhXdfgHpWk1NnA1M92NBI4=":{"valueMac":{"type":"Buffer","data":"KjNqLhfdDKyAIYabMS/oBvJgxSSRxH8rWwLfO8V2vOM="}},"6cKcV0J+uimKyxGmo6Ou/7QOEWliC52A+vFT3c1urOY=":{"valueMac":{"type":"Buffer","data":"yxsaOG5jlJbO63t3ZpScRhfum8cxIyL8lrwCNzGVsDQ="}},"6dSuoAFidIOIevQsIzUUUwb7+/9S0op9BJkXRnggsy8=":{"valueMac":{"type":"Buffer","data":"wQ9JwSZ+qmCsjnXw8k8qS28Ht8AVbnSEQ+CUmNXKrbw="}},"6jx7s81qLxxqc7wjKcnI4yoH8/rGDfeeDWEdxtBZeuY=":{"valueMac":{"type":"Buffer","data":"W6QJZ2MoDQLrfJmZURUpDzEA8OCG1G+Ai2BnJXlzWDw="}},"6rY/IcIvTfVDIFB54WJJqcr0q3g/1zpPD5v18t5Sq5Q=":{"valueMac":{"type":"Buffer","data":"pVnEkHVqbM6cyLXNMzVKkp+71AvMy6RW7SpXh51czhs="}},"60TpP3wcwVpNlG5WIuTg7e5zGrJchsjGE0uxOPSsHXs=":{"valueMac":{"type":"Buffer","data":"Q2YpSP29btI7x1VTWJsxXPsSqYyqvkH6oLpB/xdy51o="}},"660Mc1GZaFm3qERVfsqsJCvgw4PwwhndRFZkmLKdHnI=":{"valueMac":{"type":"Buffer","data":"YOO+5DmTLkC5iYvwFtWJqER9CANQMSyNcsB/vM2dDFs="}},"7R9SwubmcQWCjPErkuduM/ljakTsEjLJe0sqBm2bLDM=":{"valueMac":{"type":"Buffer","data":"a3s0bgX4QEVLHNN8+BD6c3POPHMGt0xYHspoVBwk4Ls="}},"7WJEah3BPvu+e5g/oKfAJAUfXB8DODBDPuqWlzLhkF8=":{"valueMac":{"type":"Buffer","data":"hONfpyjAwYvjvrrraiMl79sJcRysybOZ3XyYuN6sj5w="}},"7y2VTl70ceVlnkZJZ1w0W6JP2HCtGoe6B89kO5QVy/U=":{"valueMac":{"type":"Buffer","data":"c+ukXy9p03NDME06Ph69glDtVmKf6hrrtu24MKs5fZE="}},"70jHtC2pnjaNxkJ/K/Y/8DJHRAjsrNI/DZFebAXcFDU=":{"valueMac":{"type":"Buffer","data":"xsU8o6QII0+WmfBJ15c2WhCPu+LLWvfK9+2wTUCA7RI="}},"73dD5QJDAsBF0HJKP1yQnp+MRp8cGUVf/FexsQSwBo8=":{"valueMac":{"type":"Buffer","data":"UDZp8YK+k8t25JT6w/Ra1y0ZU+X6x3vWg9dti9T2NnA="}},"8AsonYv+T35/8CWIbOj0f07NlhuhdU2bP31zxFtbcAQ=":{"valueMac":{"type":"Buffer","data":"K0wuiQdeml/us1Z3RoQyyTb2Oda92TLTLMOeoQGZOvw="}},"8ORGCH5YxXPMWZuxE9i5T2G75JxXGW5fIbjGwPmOLn0=":{"valueMac":{"type":"Buffer","data":"aOP+weXcMkiIaQYlcJ+tZ3DFi02FIs02fLuH7R/idu4="}},"8T6D+lQZdqnrehRomUGDy1ClODQWQKviX1F96uMpfls=":{"valueMac":{"type":"Buffer","data":"2iI0N0t0o4I5oSrGoZ9XbYlL9nQ8z8XtvFKFoGxpT1s="}},"8fSYidMy7epWtqOnTyC+3mJPeRJra5RagIBGZeitaIc=":{"valueMac":{"type":"Buffer","data":"T6mMTQwnjasE1kB0f21mfExY4xRTxuEUWB7UhJag1oQ="}},"8iARJrUbp2Dxc0ii5tfodShFPGL3MvUQxRHeV60gdzA=":{"valueMac":{"type":"Buffer","data":"hugIh2ixl3ReSH9uvLA34XFR3f8jcvlVlxkRNh+90JI="}},"8m4LUf35nHJFnwXosRZUShaeKANJeec7NzN8+4xxYHs=":{"valueMac":{"type":"Buffer","data":"QOH71VbMfVyNJH4+4H8KA/RD8FGxjEH+ZASkRAaBalo="}},"9Bp4fDPuHiBIz5lKymKlqH6/Ii3Grhiqw+ZkklL/V0U=":{"valueMac":{"type":"Buffer","data":"5ugsiXCt8r1xnvCMeRZo+a2dvV9Q6CppIWfAtrcH8Kk="}},"9GgT3bbL/l5Mgm+GC43Sc5HP4GqKBxwoodvz7u/HURg=":{"valueMac":{"type":"Buffer","data":"8GIIuPtRStPZqxZBLei82E35GKj4IbGQ/WLRMsvmFMk="}},"9wQ++bL6KBbyosOOFsWZsKNx91VOkbf/qjoKPB786fA=":{"valueMac":{"type":"Buffer","data":"qHHdHvMMGCdvMbPmPh90PJ6YOXE6XSSUx3B21upD5bE="}},"94H7Dm8CW+kIKALTI7Z4nqUAdjXP1S2Xbi1op+M5YT8=":{"valueMac":{"type":"Buffer","data":"XpgZsPbPB8cx9eWTfWMr0TepN/9yqltx5kPBGAVzZ5M="}},"+GYek46sldwbZ2mgo7wH3dnrv2vGZgEahWVkeYDV5/E=":{"valueMac":{"type":"Buffer","data":"4Fx6JifgRhstqC3YO0i46cIoNoU77DZ8Wr00xTruBL8="}},"+JtI5Nw2d8aCc3BJKL7DmbOuhIoqE/KwjQMEjg7y2pI=":{"valueMac":{"type":"Buffer","data":"Dmyk+KmB0nMTciYpbu6hcADoBFON64bjFmwvgNACAeo="}},"+PBUTNdyXiRXB04wpKCTkzLI+sqV1xvpQqQYM+rVPQE=":{"valueMac":{"type":"Buffer","data":"UExAUxKcyFHlLvttf558v+ALkJHB0ToBnY61btGc/hM="}},"+XaFcOPyjH6jl08rSmK9S0HJ3EL2Tay9vrR6LPu+SRI=":{"valueMac":{"type":"Buffer","data":"eO3h851ergJVXaK3xZanGn1hWZbbNZtp28asbfl+zBI="}},"+4eEnhpmzXcZsX4UYgfOR/TJOSDx7EoL47PkDiPWqVs=":{"valueMac":{"type":"Buffer","data":"eKE6t2u+crgmj0s7PJ4Vb1gqT/Lma/ZsBpcKkK0F9SU="}},"+7FdzBLIyJQSJcGsWXbOrZyogOh6KrMZDmchMSQDzmU=":{"valueMac":{"type":"Buffer","data":"6pd8KPObYd9pzW/kCXjo5pNgd+lqawo/w+tG8kHUefU="}},"/MJbbVDGP3BV6R557/nnhQYNw3+tfEQXvDBPyMOo5To=":{"valueMac":{"type":"Buffer","data":"1ooRHUXR3j5UlePOZTmmT1rsIbcpAaxRiFSqLudEGj0="}},"/akkSZmp4ebDxK0svR0X+o5msHZhlL0x0piY5T2Y3zA=":{"valueMac":{"type":"Buffer","data":"uA8985WJALu6D1QbbV+Gjw8pPzt30ttWeDpcElzksLE="}},"/p/dUkfxuQkYLMgwPv9tsVtpQwlYdb5q9D9RpoWvTuk=":{"valueMac":{"type":"Buffer","data":"Dadb10KQv0YVQfGQxjMmDMLpUvHVnXHYqf0tHKaGvcg="}},"/0d9D7n0zcIxfvoM9NWiVTf1AxrRd5IB+it0fnElDrI=":{"valueMac":{"type":"Buffer","data":"PDqxRhDUeP/kS3d92wrhLAXOCeTZ77XergeIkrNjZdM="}},"/8LyfjW8rahy9Vatcpqw3gguHonFO0sVjd3MiCALqBE=":{"valueMac":{"type":"Buffer","data":"JculpLQaBwNOjR8gVD70zYy35f9itaKLHFX40Dvj0ik="}},"//M4dyNuVvEfl8ub+S5nZT9vMUZmohaEcHuMYqiWwDA=":{"valueMac":{"type":"Buffer","data":"zZ5wsvLEgyb3HMxawC1DmGpb2ftqZLN7jLsJi8hmAFc="}}}}