{"noiseKey":{"private":{"type":"Buffer","data":"mIQK/JsQK9xFG25rvYYk0ke3X+5I6wse00Wl19g6IE8="},"public":{"type":"Buffer","data":"u0YnMp9X5ywF/ZoL3KX9dLmqCD4FhgzvcfuODs+ktzo="}},"signedIdentityKey":{"private":{"type":"Buffer","data":"ALEiwedu9OxtWbw6u1zgxESO5QgSVfEZ84ZPAdjiyE4="},"public":{"type":"Buffer","data":"o7x95tUxpI7GB2wsl7ZtSPc/vbfb+MmTQY7D2o2Ftyg="}},"signedPreKey":{"keyPair":{"private":{"type":"Buffer","data":"MP4ILyo3F5ZH9oVbAiMgJ4hyvnLuEcMcq9wIgbFNaHA="},"public":{"type":"Buffer","data":"DVF4UMfM9rWTqfPSfteYQKfEdBfwOYKXeP7VGJlpnl8="}},"signature":{"type":"Buffer","data":"oJBWfS49zmqTGXxCt9pAy89mTLYNSP9a6J24AY+tjtWA7grpG893ezbuKSZYLTEIIcuX8SeHwb8bt5XDSt4qgQ=="},"keyId":1},"registrationId":53,"advSecretKey":"IA6YJ+OzbYRMVq3yQtQJaKrIDbX15srpetjx5dOnidg=","processedHistoryMessages":[{"key":{"remoteJid":"5527996900352@s.whatsapp.net","fromMe":true,"id":"3AA552343D13961BE43F"},"messageTimestamp":1682995096},{"key":{"remoteJid":"5527996900352@s.whatsapp.net","fromMe":true,"id":"3A895CE7EDB2001617AC"},"messageTimestamp":1682995098},{"key":{"remoteJid":"5527996900352@s.whatsapp.net","fromMe":true,"id":"3A7219BA385279571AF4"},"messageTimestamp":1682995422},{"key":{"remoteJid":"5527996900352@s.whatsapp.net","fromMe":true,"id":"3AA2AE303A0E4778F9A5"},"messageTimestamp":1682995436},{"key":{"remoteJid":"5527996900352@s.whatsapp.net","fromMe":true,"id":"3A655DA80AC35672A323"},"messageTimestamp":1682995443},{"key":{"remoteJid":"5527996900352@s.whatsapp.net","fromMe":true,"id":"3A4956EA1E8CC29224C9"},"messageTimestamp":1682995451}],"nextPreKeyId":31,"firstUnuploadedPreKeyId":31,"accountSyncCounter":1,"accountSettings":{"unarchiveChats":false},"account":{"details":"CKeLmP4FEI/vwaIGGDI=","accountSignatureKey":"OQy6xAaVWTWGlV8aOfKTtQEIy5gJJAFq+CVH4718pFA=","accountSignature":"yF9MB8fzBO3d6Xg9USk2XZumo6Af/fJjpexfZfFZjmXABvhU1EOemKn8MkVNmoFzfPD/hoc89Ej6bflPQP8pCg==","deviceSignature":"7LluxtXvF2jz3j5We+7WUMOI2f+y+hR8OnAOIskJuKZiVjwCTaKXnjxa69Bav9N9EkNE9Gu+ZyZKYEA3mR3miA=="},"me":{"id":"5527996900352:82@s.whatsapp.net","name":"James Moura"},"signalIdentities":[{"identifier":{"name":"5527996900352:82@s.whatsapp.net","deviceId":0},"identifierKey":{"type":"Buffer","data":"BTkMusQGlVk1hpVfGjnyk7UBCMuYCSQBavglR+O9fKRQ"}}],"platform":"iphone","lastAccountSyncTimestamp":1682995090,"myAppStateKeyId":"AAAAAF9F"}