{"_sessions":{"Beisq2Z12vUR6XoqD0iOvVp8QXHeMcjJh1ShLZnmuqpD":{"registrationId":880512065,"currentRatchet":{"ephemeralKeyPair":{"pubKey":"BcaJJguD0qTb9Y33RZgtKJMXTUbCFWPZLcf2c6bhOKwq","privKey":"+Ba3Sf6aCO7LA8HA4Rmkw3miuMLdkAk9XzxLrBX+DWM="},"lastRemoteEphemeralKey":"BQUfl4KzD7o9phCi4rya7BkLVhG8ClxEdGiuppYMO4oA","previousCounter":0,"rootKey":"uyqc8QLUcm5fBJF01+bQMxORrC7ZG0X/ShNvEB4AZuc="},"indexInfo":{"baseKey":"Beisq2Z12vUR6XoqD0iOvVp8QXHeMcjJh1ShLZnmuqpD","baseKeyType":2,"closed":-1,"used":1682995091069,"created":1682995091069,"remoteIdentityKey":"BTkMusQGlVk1hpVfGjnyk7UBCMuYCSQBavglR+O9fKRQ"},"_chains":{"BQUfl4KzD7o9phCi4rya7BkLVhG8ClxEdGiuppYMO4oA":{"chainKey":{"counter":15,"key":"fG0jnuGzpIjJYp9CpGDpOA+LFxpH8djI54YpKDTXe5Y="},"chainType":2,"messageKeys":{}},"BcaJJguD0qTb9Y33RZgtKJMXTUbCFWPZLcf2c6bhOKwq":{"chainKey":{"counter":-1,"key":"4y1vFTBUVJdnnYYpdOfh3Z0OtjPFxofrRrMhTMu7uz8="},"chainType":1,"messageKeys":{}}}}},"version":"v1"}