{"_sessions":{"BbVXnyfN/+72sIR9fSmsX2Kh1owoDnR4MKi2IRNXFZQq":{"registrationId":253,"currentRatchet":{"ephemeralKeyPair":{"pubKey":"BWCILsgD2fZMN0OGQJTSeeiOsdcqPsabmcUKbEddgUxW","privKey":"CDDbYFReLHjVD/xmNC5y23XP3EIyNIxiJcYrJ13igmI="},"lastRemoteEphemeralKey":"BYUoVQei6Wgb0CVAP+URwC8KXz7TX2mhA6k9BP3khZZ6","previousCounter":0,"rootKey":"uenMwHh7btWMeS9QSfy7N18fYXe7FZr9VEn47u9LmSw="},"indexInfo":{"baseKey":"BbVXnyfN/+72sIR9fSmsX2Kh1owoDnR4MKi2IRNXFZQq","baseKeyType":2,"closed":-1,"used":1682995253465,"created":1682995253465,"remoteIdentityKey":"BdF33cGbYXwwMgrKmax5fXDjPGPe+RpRnLGSA9wt7Dcn"},"_chains":{"BYUoVQei6Wgb0CVAP+URwC8KXz7TX2mhA6k9BP3khZZ6":{"chainKey":{"counter":0,"key":"wOjdbNPqoRx0HjolKo3ITbLgKxH/ZY5owwQHj4mtHGI="},"chainType":2,"messageKeys":{}},"BWCILsgD2fZMN0OGQJTSeeiOsdcqPsabmcUKbEddgUxW":{"chainKey":{"counter":-1,"key":"jN4285I7O4D60x1s481Nn2/SExUitVTM8ASgTTxBS8A="},"chainType":1,"messageKeys":{}}}}},"version":"v1"}